row ID,row m/z,row retention time,row ion mobility,row ion mobility unit,row CCS,correlation group ID,annotation network number,best ion,auto MS2 verify,identified by n=,partners,neutral M mass,1685365277_ALC_dbgi_001152_01_01.mzML Peak area,1685365277_ALC_dbgi_BK00.mzML Peak area,1685365277_ALC_dbgi_001146_01_02.mzML Peak area,1685365277_ALC_dbgi_001175_01_01.mzML Peak area,1685365277_ALC_dbgi_001161_01_01.mzML Peak area,1685365277_ALC_dbgi_001162_01_01.mzML Peak area,1685365277_ALC_dbgi_001144_01_01.mzML Peak area,1685365277_ALC_dbgi_001142_01_01.mzML Peak area,1685365277_ALC_dbgi_001185_01_01.mzML Peak area,1685365277_ALC_dbgi_001153_01_01.mzML Peak area,1685365277_ALC_dbgi_001182_01_01.mzML Peak area,
1,390.1043298522312,1.9447373,,,,,,,,,,,58429.902,0,0,0,0,156807.38,0,0,0,0,0,
2,449.141914733272,1.9480865,,,,,,,,,,,0,0,0,0,0,0,0,29767.03,0,0,0,
3,381.07962863739704,1.9599929,,,,,,,,,,,0,0,10290.238,9689.545,155589.83,5729.465,3854.8657,141401.95,0,0,0,
4,789.2092730727281,1.984387,,,,,,,,,,,252130.69,0,124197.88,0,0,150997.56,0,1545.0789,0,0,78464.43,
5,746.2347050461758,2.0193043,,,,,,,,,,,0,0,14537.732,25071.883,9567.166,0,7161.8076,8739.739,1542.3496,15454.743,12484.695,
6,298.09703953365624,2.020566,,,,,,,,,,,116763.98,0,157163.9,0,471897.03,223198.58,220699.1,123344.85,179789.89,366280.75,123955.67,
7,315.04763287706567,2.0263863,,,,,,,,,,,335281.03,0,0,1175889.1,0,0,0,0,0,0,6687.3877,
8,300.21690115267194,2.0253568,,,,,,,,,,,0,0,0,0,0,0,0,3378128.0,0,0,0,
9,205.09732593621544,2.033513,,,,,,,,,,,0,169.1389,352598.16,115568.42,0,193050.45,242962.6,726793.25,359135.16,212542.14,334333.06,
10,329.134911981703,2.035504,,,,,,,,,,,207.13606,0,421.7851,0,798.1333,0,40581.984,0,0,0,0,
11,334.0897265744604,2.035504,,,,,,,,,,,221.04362,0,503.4322,0,821.70544,0,45052.87,0,0,0,0,
12,846.2894603262847,2.037328,,,,,,,,,,,53646.63,0,0,7195.7705,0,10291.975,0,0,0,0,0,
13,541.1104821498619,2.037201,,,,42,,,,,,,14896.132,0,0,0,0,28112.615,0,1900.6685,0,18419.107,0,
14,547.1918753238109,2.0418856,,,,,,,,,,,21343.09,0,74429.586,28467.72,7096.0796,0,0,166601.28,67701.06,88176.95,93091.42,
15,707.1798194982979,2.0458808,,,,42,,,,,,,113487.17,0,0,85768.766,39738.94,195701.22,0,65430.246,0,188044.67,88659.914,
16,181.0497138391115,2.0480149,,,,42,,,,,,,5163519.5,59.612694,2661159.8,3210731.8,1990719.9,8656731.0,681691.94,2313055.0,2059518.2,6247719.0,3285707.2,
17,381.05852405875146,2.0485463,,,,42,0,[M+K]+,,3,22;21;17,342.0954,201825.08,0,219201.25,306735.62,561879.06,383047.97,43399.105,524341.8,339015.25,625426.94,381744.16,
18,388.1604579248689,2.0478091,,,,42,,,,,,,293903.44,10.075487,190528.48,334492.12,353515.4,725389.06,0,268909.25,204986.9,710179.94,389448.6,
19,360.1293105659345,2.048657,,,,42,0,[M+NH4]+,,3,22;21;19,342.0954,2700026.5,0,1535789.6,1698167.1,513898.0,4567677.5,0,400698.7,1170585.2,3787736.8,1708804.6,
20,702.2243152713752,2.0492632,,,,42,0,[2M+NH4]+,,2,20;21,342.0954,143100.0,0,57787.902,124164.19,0,305184.06,0,27750.615,25085.924,169539.38,102117.74,
21,343.1027675611134,2.0495105,,,,42,0,[M+H]+,,5,20;22;21;17;19,342.0954,1466924.2,0,652866.56,840163.44,839827.94,2175356.5,140266.1,625108.8,556350.44,1684496.4,917812.25,
22,365.0846490319791,2.049994,,,,42,0,[M+Na]+,,4,22;21;17;19,342.0954,386912.25,146.29468,250102.12,353354.25,378838.06,623403.06,104633.41,295592.34,346267.44,693983.4,404030.4,
23,163.039059424198,2.0522268,,,,,,,,,,,4103911.5,26.588833,0,3099590.8,628485.94,0,0,2798628.2,1870616.0,0,4147614.2,
24,256.1755914779511,2.0577917,,,,24,,,,,,,16029.535,80938.83,11985.742,11183.825,0,0,21360.516,21378.805,6861.321,6880.1978,5668.4927,
25,284.2069525462759,2.0599017,,,,24,,,,,,,0,67805.055,7056.119,3371.2646,12587.202,0,14479.42,10417.353,5455.72,0,2066.0894,
26,281.029457624975,2.0848868,,,,,,,,,,,0,0,0,0,40808.16,0,62364.254,62570.17,0,0,0,
27,318.1549676374148,2.0959868,,,,60,3,[M+NH4]+,,2,27;29,300.12097,0,39.6927,0,20913.3,11534.676,18716.148,75275.39,2385.474,33695.367,19923.598,602919.94,
28,323.1094442531801,2.104744,,,,,,,,,,,0,0,0,0,0,0,0,0,0,0,51722.867,
29,339.0839503355737,2.1047554,,,,60,3,[M+K]+,,2,27;29,300.12097,0,0,0,0,0,0,0,0,6392.0684,0,99355.59,
30,296.0767187020025,2.1060789,,,,,,,,,,,0,0,6462.3936,8309.746,121843.05,0,134376.17,179187.6,15202.911,0,0,
31,346.1861813134539,2.1084929,,,,60,,,,,,,0,0,0,0,2139.4202,0,14217.791,0,0,0,122965.74,
32,759.2008148436995,2.1363323,,,,,,,,,,,0,0,0,0,0,247295.88,0,0,0,0,0,
33,300.0722052510625,2.1401212,,,,,,,,,,,0,0,832953.2,0,105484.97,0,114257.67,0,0,0,0,
34,266.13754804760845,2.1586251,,,,,,,,,,,0,0,0,0,73.6165,0,0,0,0,0,88284.61,
35,307.1684199104348,2.1622639,,,,,,,,,,,0,0,0,0,42473.727,0,10709.344,0,0,0,12025.213,
36,968.268265175419,2.1773856,,,,,,,,,,,39267.97,0,0,0,0,0,0,0,0,0,0,
37,358.11408088354153,2.178528,,,,,,,,,,,0,0,0,0,0,108306.09,0,0,0,20511.363,0,
38,386.1449100440768,2.1961553,,,,,,,,,,,0,0,0,37336.457,0,75266.16,6026.87,29427.93,11505.613,77325.3,0,
39,465.10380594452965,2.2011435,,,,,,,,,,,610604.1,0,0,0,0,0,0,0,0,0,0,
40,641.1347204955279,2.206885,,,,,,,,,,,0,0,31824.1,0,0,204021.3,0,0,0,34431.11,247522.22,
41,346.1497433592274,2.2126348,,,,,,,,,,,0,0,0,0,0,0,0,131177.28,20095.676,0,0,
42,207.1017162210802,2.2129383,,,,,,,,,,,0,10.022472,0,0,0,0,52965.664,0,0,23700.514,0,
43,179.03411999828396,2.2301333,,,,,,,,,,,0,0,215563.94,0,0,0,0,3150.2986,4088.272,0,0,
44,328.06674864603485,2.2317042,,,,,,,,,,,3668.081,0,70090.266,147675.19,0,0,17106.895,0,0,0,0,
45,392.15561318154204,2.232301,,,,,,,,,,,66845.234,0,4412.247,7675.1377,0,0,0,0,0,0,0,
46,506.1869385257353,2.2313972,,,,,,,,,,,0,0,0,610.1455,0,0,0,0,0,120815.45,0,
47,314.2324327500958,2.236816,,,,,,,,,,,0,9.099698,0,0,0,0,0,3099665.0,0,0,0,
48,231.1703839571043,2.2351055,,,,71,,,,,,,400.85208,9.117905,195.43283,5578.647,2073.7017,0,0,0,259.36096,0,220950.73,
49,302.08734554851594,2.2403677,,,,,,,,,,,23400.14,0,1978270.2,19508.32,0,0,0,87894.22,0,0,0,
50,307.04309091763525,2.2429616,,,,,,,,,,,0,0,83337.78,0,0,0,0,3269.9033,0,0,0,
51,323.0168424596103,2.2429616,,,,,,,,,,,0,0,59505.32,0,0,0,0,3004.3696,0,0,0,
52,375.092661847677,2.25272,,,,10,,,,,,,261.77203,0,146328.56,11213.873,6423.665,0,114675.734,1624869.1,1804734.9,0,0,
53,397.07418054902297,2.2535377,,,,,,,,,,,0,0,9307.105,584.6549,451.27875,0,12297.7705,152954.66,0,0,0,
54,726.2256883757574,2.2543375,,,,11,5,[2M+NH4]+,,2,61;54,354.09576,15179.164,0,0,0,0,48860.152,0,0,0,55545.246,0,
55,627.1566333664285,2.255775,,,,,,,,,,,127703.85,0,593640.9,10275.293,5984.0894,298595.72,7387.3877,65893.56,0,0,255466.34,
56,559.111309517848,2.2595143,,,,,,,,,,,0,0,10148.103,0,0,46705.254,0,0,0,0,0,
57,400.1612923869082,2.261158,,,,11,,,,,,,384346.1,0,551756.8,0,703.40466,1059826.6,0,0,0,1376898.9,0,
58,773.2147382910391,2.259722,,,,,,,,,,,169356.84,0,155065.2,31858.117,0,33542.188,10514.219,37620.633,0,52453.875,0,
59,420.1505748423,2.272419,,,,10,,,,,,,0,0,0,0,3472.2004,0,11270.593,136193.9,132142.69,0,0,
60,356.0973603626073,2.272581,,,,71,,,,,,,0,0,0,33500.87,10493.013,0,0,20662.309,0,0,48157.613,
61,355.1029671191326,2.2745454,,,,11,5,[M+H]+,,3,67;54;61,354.09576,4867323.0,482.55652,5314037.0,257921.1,0,1.0508365E7,79117.74,577168.75,203877.92,1.1679487E7,0,
62,595.187141620805,2.2761664,,,,,,,,,,,0,0,15617.055,0,0,0,883.307,199460.58,93.61772,0,0,
63,617.1693240360933,2.2746387,,,,,,,,,,,0,0,0,0,0,0,229.84424,52525.195,0,0,0,
64,743.2058557751674,2.2761042,,,,,,,,,,,0,0,0,0,0,156608.53,0,0,0,0,0,
65,731.1800085370875,2.2757833,,,,,,,,,,,36483.105,0,20208.9,0,0,0,0,1713.2192,0,0,0,
66,597.1477177875528,2.2868688,,,,,,,,,,,0,0,0,0,0,256684.48,0,0,0,0,0,
67,377.08486417970533,2.2908294,,,,11,5,[M+Na]+,,2,67;61,354.09576,142193.61,0,192753.77,18451.645,0,295588.03,4291.3374,0,0,391385.97,0,
68,935.2451284751405,2.3090577,,,,,,,,,,,540113.5,0,0,0,84.31654,0,0,0,0,0,0,
69,951.2417206367021,2.3183076,,,,,,,,,,,674828.56,0,0,0,0,511217.22,0,0,0,0,519823.16,
70,293.1496197709897,2.3196697,,,,,,,,,,,1367.0197,0,6923.9077,6781.588,29686.754,161.62918,35434.664,2504.6345,1550.8997,0,0,
71,327.1082137798406,2.3268847,,,,58,,,,,,,9689.605,0,11612.345,0,0,10719.621,0,10654.506,0,41412.605,0,
72,422.2388400561336,2.32757,,,,,,,,,,,106364.28,0,0,58535.043,0,0,88956.375,649.21423,0,11957.762,16545.172,
73,360.1295116419706,2.3286035,,,,,,,,,,,143331.19,0,189938.03,82613.49,67744.67,0,344930.78,0,103558.125,0,104978.16,
74,556.2399148925468,2.3348014,,,,,,,,,,,0,0,0,20209.717,3082.2305,18933.477,0,49881.246,5487.23,21425.223,0,
75,165.0548390740786,2.3465896,,,,58,,,,,,,0,36.87684,0,18277.705,0,0,0,66006.35,0,192070.7,0,
76,718.2926530408527,2.3530943,,,,,,,,,,,1267.6433,0,18605.146,6138.952,137.50778,0,497.57855,1600.7922,0,0,0,
77,476.22866518083026,2.3662398,,,,,,,,,,,0,0,0,0,0,0,0,0,0,45033.2,0,
78,372.16568393563034,2.3705335,,,,,,,,,,,0,8.506863,29863.389,0,77239.33,0,0,0,23666.502,167867.55,0,
79,344.13431559630334,2.371721,,,,,,,,,,,376778.16,311.87552,204586.55,144800.08,296382.5,244903.48,128894.91,487378.62,281619.8,470683.7,100047.41,
80,312.1654370280768,2.3721118,,,,,,,,,,,10669.037,10.270698,0,104471.3,33973.125,0,125127.01,232013.23,81059.3,83549.3,0,
81,399.17664612160314,2.3745484,,,,15,,,,,,,0,0,39721.086,0,0,0,0,170568.42,0,0,0,
82,444.2341179530209,2.3745484,,,,15,,,,,,,0,0,5281.4946,0,0,0,0,29818.68,0,0,0,
83,421.15769869902516,2.3753643,,,,,,,,,,,0,0,9543.396,0,0,0,0,53851.15,0,0,142.9032,
84,391.2006972173562,2.3769963,,,,,,,,,,,0,0,0,0,0,0,0,0,0,0,85567.69,
85,434.20243532188135,2.3873138,,,,,,,,,,,1293.7559,0,7016.0703,11761.09,61036.5,0,17139.492,8324.045,0,0,9892.009,
86,439.15779393168776,2.3873138,,,,,,,,,,,1631.9105,0,8600.91,12864.485,56752.914,0,15715.609,7047.439,0,0,5868.67,
87,455.1314288030647,2.387385,,,,,,,,,,,0,0,1485.7068,2485.8267,22921.195,0,1703.5728,0,0,0,1374.2618,
88,462.23319781891195,2.3873138,,,,,,,,,,,168.0564,0,2447.0793,5068.58,25717.451,0,6767.2188,2977.4995,0,0,1643.8381,
89,342.1762287654492,2.4034777,,,,,,,,,,,72935.234,0,81274.016,51438.75,117229.4,74778.32,88920.62,0,23577.754,46321.816,71055.49,
90,287.0554005916683,2.4029458,,,,,,,,,,,53342.668,0,0,126.041626,0,0,0,0,0,0,10216.117,
91,581.150750263273,2.4101305,,,,,,,,,,,0,0,0,0,0,351408.28,0,0,0,0,0,
92,625.1402152919961,2.4107256,,,,,,,,,,,0,0,0,0,0,154864.89,0,0,0,19576.328,0,
93,478.19213542270955,2.4184473,,,,13,,,,,,,5718.7573,0,234196.81,0,25282.932,0,213356.9,350884.9,58468.727,0,0,
94,458.23856530948905,2.4188855,,,,,,,,,,,0,0,0,0,0,0,0,642788.0,0,0,0,
95,921.230359164517,2.4326406,,,,,,,,,,,0,0,0,0,0,216640.08,0,0,0,0,0,
96,295.1657154996063,2.4372098,,,,,,,,,,,79.237305,12.540737,0,0,291.8792,0,440.31732,0,77.12837,0,38452.516,
97,625.1776985117581,2.4475253,,,,,,,,,,,0,0,0,68306.21,0,0,0,0,0,0,0,
98,757.2183762426612,2.450308,,,,,,,,,,,0,0,7595.5615,0,0,0,0,1182.5242,0,83898.18,0,
99,611.1608401708237,2.4523413,,,,,,,,,,,90462.695,0,1986.1548,0,259.2417,816004.4,789.28876,4017.0173,0,0,33732.047,
100,441.17370826646396,2.4577043,,,,80,6,[M+Na]+,,2,100;101,418.18454,0,0,1106.8575,10010.289,0,24291.873,3852.1128,0,43916.926,43226.105,20741.543,
101,436.2184142690975,2.4579728,,,,80,6,[M+NH4]+,,2,100;101,418.18454,6611.497,0,0,2632.3994,12676.691,13349.32,0,0,20215.51,22466.195,4779.075,
102,476.1766783464224,2.4683995,,,,,,,,,,,0,0,0,0,22360.762,0,128119.55,0,24141.68,0,2856.9849,
103,455.11616250708823,2.4738533,,,,13,9,[M+Na]+,,3,106;103;104,432.12701,0,0,893896.44,0,17003.521,0,895246.94,1750537.6,201615.47,0,0,
104,471.0900152873454,2.4757924,,,,13,9,[M+K]+,,3,106;103;104,432.12701,0,0,69192.09,0,3324.445,0,81898.875,585164.75,26263.062,0,0,
105,127.0391137613604,2.475173,,,,13,,,,,,,0,28.631615,122889.266,2324.6184,2545.5503,0,112396.99,783643.06,15723.82,2733.081,2105.5706,
106,433.1345055850737,2.4758458,,,,13,9,[M+H]+,,3,106;103;104,432.12701,0,0,3091531.2,0,30114.299,0,2836526.5,2.2072626E7,408542.9,0,0,
107,887.2427326443382,2.4769309,,,,,,,,,,,0,0,47227.598,0,0,0,42002.17,0,2524.9067,0,0,
108,449.10780909068365,2.473468,,,,,,,,,,,0,0,0,0,0,120980.88,0,0,0,0,3198.0996,
109,505.2262182434193,2.479328,,,,,,,,,,,0,0,0,313.32626,2993.8413,0,0,0,29081.127,0,0,
110,578.2090241598103,2.487375,,,,,,,,,,,0,0,0,0,0,0,10229.96,0,0,0,0,
111,586.2138914547584,2.487375,,,,,,,,,,,0,0,0,0,0,0,32130.219,0,0,0,0,
112,952.2711078744599,2.4936638,,,,,,,,,,,0,0,0,0,0,53214.895,0,0,0,0,13818.402,
113,461.1658032193725,2.4943638,,,,,,,,,,,0,0,0,0,12287.954,0,13791.984,0,0,0,0,
114,483.14746425716515,2.4943638,,,,,,,,,,,0,0,0,0,19139.236,0,5739.458,0,0,0,0,
115,177.05484067457067,2.5056815,,,,,,,,,,,0,40.331425,148522.94,111766.54,75489.914,97909.78,53404.316,0,0,0,0,
116,167.07035349452156,2.508272,,,,,,,,,,,0,17.43617,353.03128,0,337.9414,0,0,164624.84,0,176.50885,0,
117,478.16944626386487,2.519128,,,,,,,,,,,0,0,0,0,229.37701,0,53173.52,0,0,0,0,
118,444.25977561957393,2.5167305,,,,,,,,,,,0,0,0,0,0,0,0,2653260.5,0,0,0,
119,466.2415569017969,2.5167305,,,,,,,,,,,0,0,0,0,0,0,0,53781.08,0,0,0,
120,300.1595891917461,2.518738,,,,,,,,,,,138019.25,0,0,0,0,0,0,0,0,1164678.8,0,
121,434.16633867528907,2.526263,,,,,,,,,,,0,0,0,0,0,14390.977,0,0,148068.72,13688.872,0,
122,398.1085806091294,2.538027,,,,,,,,,,,0,0,0,0,0,0,76013.695,0,0,0,0,
123,462.19775476338106,2.5385969,,,,,,,,,,,0,0,0,765.8905,0,0,0,445.8739,44374.08,0,0,
124,702.2974619049953,2.5397882,,,,,,,,,,,0,0,66072.37,42556.844,2447.015,0,0,21564.77,965.5436,0,0,
125,707.2530952406786,2.5416603,,,,,,,,,,,437.29718,0,21574.88,10996.762,650.25183,0,0,3691.1265,583.542,0,2192.183,
126,363.1586004476679,2.5438101,,,,,,,,,,,0,0,0,0,0,0,0,0,0,0,43944.918,
127,387.12904494086257,2.5449154,,,,8,12,[M+H]+,,4,129;127;128;150,386.12186,309.18802,0,0,0,110061.33,0,61307.93,0,0,0,0,
128,425.08498225096946,2.544594,,,,8,12,[M+K]+,,4,129;127;128;150,386.12186,0,0,0,0,67136.71,135.17712,15672.548,0,0,0,0,
129,409.11141745531097,2.5453846,,,,8,12,[M+Na]+,,4,129;127;128;150,386.12186,5374.9756,0,0,31059.242,189233.62,0,113512.94,0,8452.456,0,0,
130,425.1422487068323,2.5469398,,,,69,10,[M+Na]+,,2,132;130,402.15308,13586.141,0,0,0,0,24833.223,0,1442.9025,52136.74,0,0,
131,448.2181840247549,2.5503802,,,,,,,,,,,0,0,3088.8901,3430.622,0,0,3735.4944,2157.9214,62742.05,0,0,
132,420.1869427046776,2.5539987,,,,69,10,[M+NH4]+,,2,132;130,402.15308,67942.71,0,14847.721,0,121527.41,116894.22,0,21076.158,249178.31,28138.977,13730.743,
133,195.06532424275684,2.5527852,,,,20,,,,,,,0,8.022334,162141.72,81375.48,20335.592,111030.12,0,8809.261,533342.6,230663.8,0,
134,935.245966111403,2.5643969,,,,,,,,,,,2213.6902,0,0,0,0,384989.0,0,0,0,0,368899.72,
135,905.236293968302,2.5657856,,,,,,,,,,,0,0,0,0,0,366541.38,0,0,0,0,0,
136,370.1137419625637,2.571594,,,,21,,,,,,,0,0,0,0,0,349278.53,0,8696.703,0,426718.3,253.01712,
137,298.20146769374344,2.5710845,,,,,,,,,,,0,0,0,0,0,0,0,7641251.5,0,0,0,
138,595.3954984785626,2.5710845,,,,,,,,,,,0,0,0,0,0,0,0,121137.92,0,0,0,
139,372.1296055169496,2.574585,,,,21,,,,,,,210227.31,0,271453.53,800.0459,0,390641.53,0,20886.139,0,587169.5,0,
140,780.1546256327651,2.5751913,,,,,,,,,,,0,0,0,0,11243.782,0,0,0,0,0,0,
141,922.2627826036938,2.5768607,,,,,,,,,,,0,0,0,0,0,41038.793,0,0,0,0,0,
142,402.1761420893963,2.5821657,,,,20,,,,,,,0,0,0,52639.984,0,0,0,0,276821.0,72828.03,0,
143,375.06923177210774,2.5818062,,,,,,,,,,,38151.887,0,0,88.690834,0,0,96.11339,0,333.63818,0,0,
144,396.25971704446766,2.5841339,,,,,,,,,,,458.92786,0,0,2683.8167,63831.355,5753.983,388635.56,0,0,0,566.6461,
145,398.1449680252579,2.5839493,,,,,,,,,,,77247.96,0,106675.43,173.91394,0,0,276.94293,0,566.3322,0,0,
146,374.14486409991315,2.5839014,,,,,,,,,,,0,0,95816.06,73034.91,138.09254,0,0,0,180479.12,0,0,
147,561.1946461949456,2.591782,,,,,,,,,,,0,0,0,38939.684,5190.369,0,2818.1028,0,0,0,1090.8628,
148,584.2711946251728,2.590378,,,,,,,,,,,0,0,0,27575.781,3626.3872,501.21167,0,0,0,0,288.02106,
149,339.1078138048841,2.6022658,,,,,,,,,,,74085.37,0,0,15098.635,0,732996.25,0,0,44506.344,1845965.2,0,
150,404.1554687211987,2.6032794,,,,8,12,[M+NH4]+,,4,129;127;128;150,386.12186,0,0,0,8218.407,296681.4,0,156044.61,28566.49,537.8325,0,729.40173,
151,361.0895592216667,2.604528,,,,,,,,,,,9447.938,0,0,0,0,93590.01,0,11471.637,6979.2905,0,0,
152,330.1547888820591,2.6059403,,,,,,,,,,,4764.5713,0,40029.1,0,0,0,0,0,0,9304.946,8720.319,
153,432.1866813262706,2.6168616,,,,8,,,,,,,0,0,0,6467.2656,191722.02,0,108655.09,11046.398,0,0,10011.968,
154,346.1499878643208,2.6206,,,,,,,,,,,1425.6396,0,158251.25,0,0,0,0,0,0,0,508.1385,
155,375.1990312977324,2.6329362,,,,,,,,,,,0,0,0,0,0,0,0,0,0,0,19348.775,
156,234.14879921698966,2.6343935,,,,,,,,,,,0,0,0,0,249.94025,0,49740.473,0,0,0,30547.078,
157,595.1650675605986,2.633621,,,,,,,,,,,0,0,0,0,0,414289.16,0,0,0,0,64.36277,
158,422.2384883645851,2.64124,,,,,,,,,,,0,0,91102.07,0,3927.1716,60205.63,0,28172.662,2706.541,0,0,
159,312.1797393389767,2.6499338,,,,,,,,,,,0,0,0,0,0,0,0,282916.16,0,0,0,
160,471.1837224035131,2.6629539,,,,,,,,,,,0,0,363.8081,0,979.30176,0,0,2296.716,23737.838,0,782.72314,
161,291.1736988957079,2.6643713,,,,,,,,,,,0,0,46154.637,17931.875,7370.9194,16513.059,0,12393.033,0,49971.188,20941.574,
162,388.19785421771826,2.6683247,,,,74,,,,,,,0,0,1520.6702,0,7875.505,0,0,0,55967.395,0,9296.428,
163,173.13283851901124,2.6697958,,,,43,,,,,,,0,0,0,34301.895,0,2036.9932,87324.4,0,0,0,0,
164,337.0919914539924,2.6707063,,,,,,,,,,,74258.945,0,18173.71,14024.751,74406.68,76877.99,0,0,11750.22,122814.28,0,
165,451.1232345902775,2.6764166,,,,,,,,,,,0,0,120.681305,577609.94,5058.046,0,0,0,0,0,0,
166,360.1662468328897,2.6835022,,,,74,,,,,,,14442.084,0,0,0,8549.488,0,0,0,132850.95,19711.184,18444.951,
167,556.2395880947843,2.685855,,,,,,,,,,,32299.492,0,0,159999.72,0,0,0,0,0,0,0,
168,404.2277712200929,2.6918015,,,,,,,,,,,0,0,0,0,0,0,0,131493.5,14618.266,0,0,
169,446.2732830460183,2.6956525,,,,,,,,,,,0,0,0,0,0,0,0,119901.42,0,0,0,
170,639.1203128772992,2.7003589,,,,,,,,,,,0,0,87643.08,0,0,0,0,0,0,0,0,
171,641.1341180366455,2.702445,,,,,,,,,,,0,0,0,0,0,0,0,1540100.8,5640.979,0,0,
172,342.17080409598475,2.7024949,,,,,,,,,,,112509.64,15.156624,0,0,0,778252.56,0,187.51324,0,25035.977,71179.52,
173,434.2749145512219,2.706724,,,,43,,,,,,,0,0,0,208762.12,113029.445,0,362857.34,10644.949,130948.28,134437.72,0,
174,406.2439858476585,2.7127936,,,,43,,,,,,,87626.87,0,311683.94,185847.9,97914.195,0,571045.7,0,141323.47,0,0,
175,432.2594561864889,2.7189653,,,,,,,,,,,0,16.769787,130635.12,46208.816,12612.8545,29078.346,0,82439.79,6061.046,188071.86,32452.82,
176,189.12748298115852,2.7166698,,,,,,,,,,,30861.61,0,96601.836,11409.697,13039.149,0,13846.965,70431.51,0,0,41609.715,
177,207.1381779845794,2.7191274,,,,81,,,,,,,201832.8,50.620117,143483.89,37416.207,13233.653,46627.38,0,0,8506.972,204686.0,63875.367,
178,427.1240474011186,2.7188485,,,,,,,,,,,2105494.0,0,0,0,0,7933.7515,0,0,0,0,11546.625,
179,611.1617009400337,2.719773,,,,,,,,,,,0,0,0,0,0,0,0,0,0,0,165744.9,
180,949.2243981258298,2.7215865,,,,,,,,,,,0,0,0,0,0,0,0,0,0,67253.09,9611.243,
181,387.20140349481375,2.7221842,,,,81,,,,,,,105733.09,45.112213,58247.766,17950.746,3446.1545,0,73266.195,34455.74,4430.2847,105595.76,13029.162,
182,442.1345829089545,2.7237048,,,,,,,,,,,188232.02,0,0,0,0,0,0,0,0,0,0,
183,870.2666530133209,2.7237048,,,,,,,,,,,99408.01,0,0,0,0,0,0,0,0,0,0,
184,538.2852961400231,2.7384427,,,,,,,,,,,0,0,0,405.8045,0,3070.7788,0,153922.95,0,0,0,
185,625.1397277538232,2.7388926,,,,,,,,,,,0,0,160905.67,0,0,0,0,52824.52,0,65964.336,55491.656,
186,700.2811383668285,2.757025,,,,5,14,[M+NH4]+,,2,187;186,682.24727,5691.01,0,24422.152,336374.38,48225.46,0,150575.33,449980.75,50228.258,0,62486.887,
187,705.2364479899536,2.7567863,,,,5,14,[M+Na]+,,2,187;186,682.24727,2052.3103,0,11397.951,54271.94,16428.26,0,47361.406,42938.1,21253.723,1999.0698,20437.486,
188,728.3121111799121,2.7569997,,,,5,,,,,,,694.93195,0,3033.1946,43813.82,0,0,23879.904,17009.934,0,736.1279,11063.658,
189,175.14836854220692,2.7598345,,,,43,,,,,,,0,0,144376.19,138618.55,0,38590.457,295086.62,0,0,0,8289.012,
190,757.2171030130044,2.760178,,,,5,,,,,,,0,0,0,479248.7,0,0,0,21614.967,0,0,0,
191,400.2181445145316,2.7626438,,,,,,,,,,,105287.52,0,0,0,22697.848,0,0,0,0,29564.984,17056.646,
192,919.2497547382904,2.7626224,,,,,,,,,,,0,0,0,0,0,35624.43,0,0,0,0,71431.86,
193,341.13818421692275,2.765241,,,,5,,,,,,,13708.426,0,0,37794.203,0,0,26254.701,64604.52,0,1185.3765,0,
194,484.18167906130554,2.765763,,,,14,,,,,,,130606.484,0,31396.484,0,0,39537.688,0,0,508226.6,60621.81,0,
195,479.11600560789356,2.7744148,,,,4,17,[M+Na]+,,3,199;197;195,456.12693,44298.465,0,0,0,0,33940.945,0,0,0,54542.395,0,
196,502.1919957027092,2.7749417,,,,4,,,,,,,32856.887,0,0,0,0,23119.885,0,0,0,58274.367,7108.1885,
197,457.1342103756101,2.776602,,,,4,17,[M+H]+,,2,199;195,456.12693,40013.926,0,0,30383.072,0,20313.893,0,0,7823.3315,55966.402,6659.1587,
198,558.2546047175119,2.7764297,,,,,,,,,,,227218.88,0,102215.66,271907.78,0,125782.17,196.02325,121761.86,0,228037.44,0,
199,474.1608935434488,2.7773945,,,,4,17,[M+NH4]+,,3,197;199;195,456.12693,205478.22,0,18515.97,165152.38,0,112109.695,0,0,36535.727,296147.28,37918.957,
200,295.0812937832522,2.7773945,,,,4,,,,,,,151995.1,0,12955.659,100196.05,0,85104.71,0,0,37148.992,201978.42,19924.988,
201,771.1976230761884,2.7795079,,,,,,,,,,,0,0,0,0,0,0,0,0,0,67732.57,0,
202,449.1079272686508,2.7792082,,,,,,,,,,,0,0,0,4677244.5,0,738.7361,952.9449,0,0,0,0,
203,552.2637161296574,2.784388,,,,,,,,,,,0,0,0,0,0,193.7641,0,53543.305,0,0,0,
204,325.0917426709071,2.7860448,,,,,,,,,,,0,0,0,0,1813.8435,0,3439.9106,767283.5,146074.22,0,0,
205,391.09995406402305,2.790689,,,,,,,,,,,0,0,0,0,0,0,0,0,0,27119.1,0,
206,547.1999912961822,2.8021245,,,,,,,,,,,56218.773,0,25955.064,100499.875,9781.62,0,911.4576,4498.0273,0,32743.896,44700.848,
207,130.08640023493632,2.8024514,,,,,,,,,,,0,64.247986,555.5287,0,8769.973,0,12554.218,2186967.5,2573.2764,326.9552,0,
208,282.20632933298305,2.8045793,,,,,,,,,,,0,8.410153,0,0,0,149.70886,1185.1976,3.011404E7,0,0,0,
209,563.4033920407901,2.8040996,,,,,,,,,,,0,0,0,0,0,0,0,1654997.9,0,0,0,
210,229.18009925861364,2.8137836,,,,,,,,,,,0,7.9431353,0,105.647835,97070.84,0,0,0,5162.25,0,0,
211,373.22274433434467,2.8121843,,,,,,,,,,,0,0,0,0,67531.8,42.887585,0,0,2767.3882,0,0,
212,379.19669741340397,2.8252099,,,,,,,,,,,0,0,0,0,0,0,0,0,0,64.76606,10722.292,
213,561.1943852836159,2.8267524,,,,,,,,,,,20997.494,0,1834.9219,360.05994,20130.434,265.10703,3508.227,0,163.45047,118.289566,152.618,
214,436.2911454438939,2.8253973,,,,,,,,,,,23603.814,0,4340.65,34185.156,122477.24,0,0,0,0,0,0,
215,609.1455645269003,2.8269737,,,,34,,,,,,,0,0,7700.9775,0,0,9352.945,0,0,0,130991.63,0,
216,456.1503513507953,2.8330235,,,,,,,,,,,0,0,0,0,0,1819.8479,0,0,0,16227.405,0,
217,612.2288509281138,2.8322194,,,,,,,,,,,0,0,64934.453,0,0,0,0,0,91.19743,0,0,
218,561.3879262339874,2.836216,,,,,,,,,,,0,0,0,0,0,0,0,85413.75,0,0,0,
219,730.2888688436706,2.8342333,,,,,,,,,,,0,0,154.21368,960.371,0,26.384083,0,48796.297,0,1983.3115,2107.4155,
220,413.2144018302215,2.8382406,,,,,,,,,,,0,0,110888.086,604.57587,91834.11,0,0,0,0,982.85516,150.13336,
221,586.2858228223002,2.839899,,,,38,,,,,,,0,0,16132.296,0,0,47754.5,0,28400.943,30795.566,119411.22,30779.516,
222,439.12385934286823,2.8434634,,,,14,,,,,,,510073.47,0,2238.1099,2075.6753,0,6178.877,0,0,809706.1,97335.266,417.22784,
223,454.135473367297,2.8433425,,,,14,,,,,,,35778.92,0,0,376.3357,0,564.5561,0,0,63340.457,7279.9834,22.583504,
224,899.2246388146826,2.8399792,,,,,,,,,,,0,0,0,0,0,32.36519,0,0,20832.756,0,0,
225,280.19006601801743,2.8481638,,,,,,,,,,,0,0,0,0,0,0,0,4872551.0,0,0,0,
226,460.28898028043545,2.8481638,,,,,,,,,,,0,0,0,0,0,0,0,24798.844,0,0,0,
227,559.3725571560655,2.8481638,,,,,,,,,,,0,0,0,0,0,0,0,29900.027,0,0,0,
228,707.2524638661172,2.8500698,,,,40,18,[M+Na]+,,2,229;228,684.26293,9638.428,0,6544.1064,0,0,9130.725,232.25294,3947.7156,0,8362.65,11464.049,
229,702.2964275499107,2.8500698,,,,40,18,[M+NH4]+,,2,229;228,684.26293,58264.45,0,16826.715,0,0,24271.148,547.22406,28751.338,0,30640.229,28926.826,
230,418.1712059099291,2.8503532,,,,12,20,[M+NH4]+,,2,231;230,400.13752,0,0,0,0,37177.47,0,56245.406,0,0,0,347.52133,
231,423.12686809335736,2.8517046,,,,12,20,[M+Na]+,,2,231;230,400.13752,0,0,0,0,49625.473,0,85533.88,0,0,0,261.5437,
232,446.2025088800432,2.851283,,,,12,,,,,,,0,0,0,0,35898.066,0,53763.137,0,0,0,0,
233,461.105969071314,2.851947,,,,,,,,,,,122909.11,0,1971.2214,0,0,0,95.49958,0,0,0,219.87424,
234,231.12281852353095,2.8593926,,,,,,,,,,,7671.03,12.153183,0,0,31733.857,0,3152.6228,34484.734,12208.924,18857.734,43992.242,
235,617.1481973947559,2.8673456,,,,,,,,,,,0,0,0,0,0,12077.256,0,0,0,0,5700.4014,
236,563.2096533373293,2.8716855,,,,38,,,,,,,0,0,0,0,4699.4966,117374.71,5282.961,45508.875,16155.199,177820.02,138798.33,
237,296.18470042290915,2.880797,,,,,,,,,,,0,0,0,0,0,0,0,2450201.5,0,0,0,
238,318.1663211975288,2.880797,,,,,,,,,,,0,0,0,0,0,0,0,38513.336,0,0,0,
239,554.3173692814846,2.8829846,,,,,,,,,,,0,0,0,0,27123.943,0,0,0,0,16873.803,0,
240,305.1608621033954,2.8834424,,,,,,,,,,,0,0,0,0,0,0,0,0,0,25346.742,0,
241,147.0439827294652,2.8914216,,,,34,,,,,,,0,8.570045,0,0,766.2262,371736.78,2862.441,128531.37,0,727379.3,0,
242,356.13373555742726,2.8913124,,,,34,,,,,,,7194.0127,0,0,0,51.29147,77915.19,0,26894.738,7405.4355,159384.56,46.99589,
243,385.18452070341226,2.8909264,,,,,,,,,,,0,0,0,0,47.345787,0,2807.2861,92881.164,0,0,188.00116,
244,699.1882208195007,2.8930259,,,,,,,,,,,0,0,0,0,0,0,0,1416.595,0,55881.766,0,
245,345.18977068770573,2.8987274,,,,,,,,,,,0,0,0,0,24.677128,192.0175,0,13014.273,0,39805.17,434.93237,
246,444.186737779005,2.9026604,,,,,,,,,,,0,0,0,262.4125,18232.916,0,0,0,0,0,3234.1511,
247,408.2599083246657,2.9063332,,,,,,,,,,,77147.49,0,67973.79,0,0,3930.1995,0,0,0,0,0,
248,543.2419106279261,2.9086628,,,,,,,,,,,1109.788,0,71.49975,0,521.0024,11514.21,0,143838.75,0,0,778.4776,
249,789.1864302557301,2.9197714,,,,,,,,,,,0,0,0,0,0,72898.914,0,17152.4,0,0,80809.98,
250,439.15771181268065,2.9212208,,,,,,,,,,,0,0,0,0,0,97353.664,62103.03,0,34842.41,0,24199.303,
251,503.24829283233953,2.9233823,,,,,,,,,,,0,0,0,99.20433,0,0,0,110742.48,0,0,0,
252,314.1767121074321,2.9291508,,,,,,,,,,,0,6.7331376,0,0,0,0,0,0,0,6550445.5,0,
253,434.2027961304453,2.9304621,,,,50,,,,,,,0,9.867378,403745.8,260408.08,0,267542.47,186245.11,0,181569.97,83688.77,77768.78,
254,537.2085496831509,2.935695,,,,,,,,,,,1947.9395,0,31976.828,1659.0508,830.4899,11255.035,2667.2827,75480.35,0,8262.888,5971.9224,
255,519.1980819974672,2.9363024,,,,,,,,,,,455.01776,0,0,434.44135,213.03448,0,0,29768.71,572.40326,0,1253.0282,
256,541.2270996749365,2.9471612,,,,,,,,,,,0,0,0,0,0,0,0,62669.703,0,0,0,
257,462.2337248030943,2.9497552,,,,50,,,,,,,0,0,61467.2,75340.22,0,51831.305,0,0,0,17714.73,18904.436,
258,476.307288561387,2.9536715,,,,,,,,,,,0,8552.959,3797.684,3850.6528,0,0,3181.3975,0,0,5928.981,4136.045,
259,389.21734571989043,2.957623,,,,,,,,,,,45721.484,0,100975.05,6073.5625,883.088,17390.02,7559.9106,9608.455,187.75143,0,33853.926,
260,536.270731066789,2.9619706,,,,,,,,,,,0,0,0,0,0,1665.4559,0,1736993.9,0,0,3473.7085,
261,964.1784021999806,2.961331,,,,,,,,,,,0,0,0,0,81204.836,0,0,0,0,13319.6,0,
262,1113.2718099672002,2.9638722,,,,,,,,,,,118902.96,0,0,0,0,10217.124,0,0,0,0,0,
263,294.15519817567986,2.966285,,,,,,,,,,,0,0,0,0,0,0,0,507.88657,376.81116,70221.53,0,
264,593.2204471617595,2.9652233,,,,,,,,,,,13333.811,0,0,5201.0996,0,9375.754,222.211,0,0,0,15408.424,
265,741.2241035101623,2.9668713,,,,,,,,,,,0,0,0,55681.29,0,0,0,0,0,56550.16,0,
266,488.08331498255,2.9714181,,,,28,,,,,,,0,0,0,47887.227,805691.0,0,113832.01,777408.06,1058448.9,625387.25,0,
267,933.2317173336633,2.974863,,,,,,,,,,,0,0,0,0,0,0,0,0,0,104967.78,59.67572,
268,443.2981381516895,2.9769313,,,,,,,,,,,5411.9893,0,10040.465,14956.95,21607.09,5676.7686,41181.695,0,0,8120.4907,105037.85,
269,295.0453227281609,2.9792085,,,,28,,,,,,,120.732605,0,0,0,1383777.0,0,40592.785,914678.1,883770.1,191834.95,516.9225,
270,492.24506823201995,2.9803128,,,,,,,,,,,52946.547,0,0,0,0,100.86206,0,0,0,0,0,
271,492.1144993062969,2.9811308,,,,28,,,,,,,0,0,0,18149.225,2802261.2,0,52011.906,1685318.1,1724096.9,314840.56,0,
272,542.2603312835287,2.982079,,,,,,,,,,,0,0,0,0,0,20484.842,568.6219,0,176025.53,18451.688,0,
273,811.1699184611707,2.9855943,,,,,,,,,,,0,0,0,0,0,0,0,0,0,0,23190.8,
274,163.0391392236541,2.9860294,,,,,,,,,,,0,0,0,9044.021,1621497.4,0,26331.984,242445.28,0,0,6009.0107,
275,966.1925887520044,2.9847665,,,,,,,,,,,0,0,0,0,329059.78,0,740.41644,0,0,0,0,
276,144.10220448849424,2.987012,,,,,,,,,,,0,0,129.20221,0,0,0,0,1465579.5,0,0,0,
277,296.2226384650686,2.9870806,,,,,,,,,,,0,0,0,0,0,0,0,1.9283106E7,0,0,151.68391,
278,497.06971209775503,2.9913976,,,,,,,,,,,0,0,0,0,189006.6,257.96286,0,99805.27,0,20930.922,0,
279,588.2659007261672,2.9912794,,,,,,,,,,,23686.18,0,16760.463,8314.085,0,10914.908,0,7756.453,0,16375.156,14777.736,
280,595.1661851495561,2.9922879,,,,,,,,,,,0,0,117140.19,0,0,0,0,0,0,0,26914.156,
281,440.24927790590425,2.996057,,,,41,,,,,,,4384.1577,0,0,0,0,43625.938,0,0,0,14727.052,6459.4766,
282,570.2896597708584,2.9977636,,,,,,,,,,,0,0,6714.3853,0,0,0,0,0,32690.781,0,445.00665,
283,417.17321870483164,3.0028965,,,,41,23,[M+Na]+,,2,283;284,394.18433,9135.245,0,0,0,0,66813.44,0,0,0,0,25235.594,
284,412.2184865590041,3.0064003,,,,41,23,[M+NH4]+,,2,283;284,394.18433,0,0,16864.422,11813.312,13498.799,216391.12,0,30953.738,59566.023,66788.336,70570.31,
285,611.1617185963948,3.0087514,,,,,,,,,,,0,69.17017,374677.75,1697986.1,18607.531,0,2574988.8,457163.9,511249.3,607720.75,1212.5795,
286,284.22321321776997,3.0098982,,,,,,,,,,,0,0,0,0,0,0,0,634255.25,0,0,0,
287,459.18625130102015,3.021177,,,,,,,,,,,0,0,0,270.6394,0,0,31253.607,5137.134,0,0,0,
288,919.2491386730812,3.024014,,,,,,,,,,,0,0,0,0,0,42.35298,0,0,0,74420.83,0,
289,321.0971088337803,3.0300128,,,,,,,,,,,0,0,515.3429,8030.554,0,6737.371,0,0,0,54588.59,7535.5977,
290,302.15995068350634,3.0300748,,,,,,,,,,,0,22.020355,74096.414,0,0,0,24606.396,917.74475,0,0,5480.639,
291,610.2709173676609,3.0455759,,,,,,,,,,,71779.88,0,133539.8,0,0,51175.516,0,0,0,14785.889,0,
292,181.1224448467595,3.0482259,,,,,,,,,,,77764.56,155.12689,70905.85,84887.85,751363.7,56270.438,84518.266,292926.97,259897.67,0,128695.61,
293,550.2878526733458,3.0520937,,,,,,,,,,,0,0,0,0,0,0,0,49547.44,0,0,0,
294,455.0945538838127,3.0559566,,,,,,,,,,,0,0,0,59382.38,0,0,598.90283,0,0,0,411.68707,
295,433.11307458268664,3.0562575,,,,,,,,,,,0,78.88735,238.29741,2010541.8,40490.15,163.08853,0,0,13364.258,0,3714.8013,
296,378.2488886227802,3.0636528,,,,,,,,,,,1145.582,0,3339.9229,6720.1094,12786.853,2737.9412,78406.77,1881.1538,5508.043,0,811.4421,
297,1097.2786802527319,3.0715668,,,,,,,,,,,63726.156,0,0,0,0,14654.629,0,0,0,0,91.033066,
298,566.244961316204,3.073486,,,,,,,,,,,5763.8696,0,7412.45,141472.19,574.98285,4921.6265,170.30914,37316.418,0,15094.324,434.9536,
299,425.10887967051247,3.0739262,,,,,,,,,,,0,0,0,0,0,0,83568.805,85632.6,0,0,0,
300,448.21801722940677,3.075162,,,,,,,,,,,363.16092,9.954636,290537.88,5482.0103,0,303.69366,2774.875,0,0,738.4977,1417.3617,
301,594.2757909266118,3.0748239,,,,,,,,,,,0,0,329.1401,24872.945,140.60078,282.87048,0,0,0,0,0,
302,501.06462547798725,3.0792408,,,,,,,,,,,26.155878,0,0,0,71258.44,5894.947,68152.04,125606.67,146657.56,0,7926.196,
303,404.22820071590746,3.0805545,,,,,,,,,,,5415.625,0,0,1008.03534,414.5538,2737.209,0,0,0,0,21633.578,
304,479.08290738461466,3.0814922,,,,64,,,,,,,175.73756,0,0,761280.56,1631320.0,32644.016,1303447.4,4776791.5,6058481.0,2421450.5,73428.98,
305,524.1408941122978,3.0839405,,,,64,,,,,,,0,0,0,0,21217.918,0,0,0,88150.96,23321.451,393.80707,
306,303.0499098844311,3.0833886,,,,27,,,,,,,0,0,334694.72,174523.17,102708.766,0,334749.28,421337.34,442657.4,0,3214.2383,
307,494.0933396667348,3.0881412,,,,,,,,,,,0,0,0,57779.977,32280.545,0,134556.2,160780.73,200349.19,235860.17,8070.095,
308,487.08510195173216,3.0970418,,,,27,24,[M+Na]+,,2,309;308,464.09612,0,0,258000.62,23535.248,0,12445.78,81132.37,48352.49,32639.115,0,0,
309,465.1036247800096,3.1021855,,,,27,24,[M+H]+,,1,308,464.09612,7907.0293,0,2210771.2,173045.5,291777.84,8907.357,859546.5,1381728.6,1232462.0,115953.45,182477.64,
310,518.1301831701161,3.1130168,,,,53,,,,,,,0,0,0,0,162933.88,0,0,56686.336,160181.17,11520.694,0,
311,759.1767460890374,3.1179278,,,,,,,,,,,0,0,0,0,0,22742.26,0,0,0,0,0,
312,490.09785312246714,3.1188626,,,,53,,,,,,,16.507256,0,129.9059,4663.118,357814.28,0,12013.578,278101.72,355736.03,0,0,
313,482.2377211836197,3.118985,,,,,,,,,,,0,0,0,0,0,0,0,50697.32,0,0,0,
314,402.1775428246734,3.1221042,,,,72,,,,,,,36.49591,0,0,1121.724,134750.7,0,22780.814,34553.832,0,0,0,
315,374.14515399054693,3.1237597,,,,72,,,,,,,239.64754,44.803738,6588.795,3538.1687,140959.28,0,67592.42,75659.32,0,0,647.41254,
316,568.2762944751148,3.125139,,,,,,,,,,,0,0,0,0,0,35152.793,0,5486.2324,26600.867,0,0,
317,540.2446207463736,3.1297288,,,,,,,,,,,185088.56,0,1551102.1,0,0,288256.25,0,160146.69,113409.62,258159.5,160251.44,
318,527.2507172436356,3.1415162,,,,,,,,,,,0,0,0,0,0,0,0,0,16734.941,0,0,
319,637.1772020795534,3.1416116,,,,,,,,,,,0,0,0,0,0,0,0,0,0,70142.83,0,
320,579.171474962664,3.1418176,,,,,,,,,,,0,0,0,0,0,31987.324,0,0,0,61098.93,0,
321,538.2287185536746,3.143614,,,,,,,,,,,27186.887,0,87119.97,107025.17,0,22961.586,13501.765,1743.0449,14593.047,13179.957,4741.3115,
322,465.1379125123285,3.1427631,,,,,,,,,,,0,0,0,20247.547,0,186.69708,3603.6401,0,0,228.71616,0,
323,702.297368985655,3.1482174,,,,,,,,,,,3426.275,0,0,0,289.65125,0,0,44511.36,177.88925,0,2236.8062,
324,417.2093235864022,3.1538768,,,,,,,,,,,0,0,113.1136,4375.9185,0,32981.297,0,0,0,828.74316,11091.346,
325,423.12835701578587,3.162009,,,,,,,,,,,27436.775,0,0,0,0,0,68.087074,0,1081.2897,0,0,
326,773.1926395978413,3.1694207,,,,,,,,,,,0,0,0,0,0,35670.87,0,0,0,0,9161.179,
327,429.1736631466541,3.169768,,,,37,25,[M+Na]+,,2,330;327,406.1843,0,0,69721.09,27292.812,4221.619,18349.914,0,509310.9,24489.615,0,139921.81,
328,463.1229859033062,3.1736932,,,,,,,,,,,0,0,0,6703343.5,0,0,0,0,351.9533,0,0,
329,468.2441659479369,3.1678305,,,,,,,,,,,240.19057,0,0,1288.7358,174.0029,0,352.15982,93192.75,67.72015,0,0,
330,424.2179748972094,3.1742656,,,,37,25,[M+NH4]+,,2,330;327,406.1843,13887.234,0,28518.814,25287.574,0,10182.9,69.08696,501726.75,9695.254,36249.7,72935.98,
331,469.18155538529254,3.1824775,,,,,,,,,,,0,0,0,0,0,0,8510.921,44525.215,0,0,0,
332,901.2397261074668,3.1860805,,,,,,,,,,,0,0,0,0,0,0,0,0,18171.295,0,0,
333,455.2255588225191,3.1870801,,,,,,,,,,,1104.2523,0,0,0,4520.679,0,106021.99,0,4600.3125,828.0709,0,
334,428.1554359383411,3.1867244,,,,,,,,,,,201100.69,0,0,0,0,0,0,0,0,0,0,
335,903.2562919635141,3.1974008,,,,,,,,,,,0,0,0,0,0,0,0,0,0,183920.73,0,
336,331.15382340502055,3.2164066,,,,,,,,,,,0,0,46743.477,0,0,0,0,0,12838.263,0,36912.47,
337,595.1661365991048,3.2159672,,,,70,27,[M+H]+,,2,342;337,594.15851,0,0,0,293633.75,0,177.79958,385028.7,25376.707,0,1559915.1,75.262535,
338,485.19988300347075,3.219994,,,,,,,,,,,0,0,227.73691,0,0,0,9901.932,0,21659.297,26154.975,80.25724,
339,522.2905325903206,3.227833,,,,,,,,,,,340.4914,0,1000.85693,1527.2692,3539.1904,0,0,0,39481.742,0,609.8417,
340,551.1037991721175,3.237657,,,,,,,,,,,0,0,0,29096.76,128.93344,23.147573,0,0,8612.233,0,0,
341,401.15832878349056,3.2366707,,,,,,,,,,,16810.807,0,0,6142.541,0,17256.268,0,62983.31,0,0,0,
342,617.1473819145549,3.2385023,,,,70,27,[M+Na]+,,2,342;337,594.15851,87.68154,0,3239.2031,14654.4,359.28015,0,49055.117,2524.3833,1261.9534,125979.484,646.8872,
343,287.0549927291563,3.2432227,,,,,,,,,,,315.98752,0,0,29527.037,151.8292,0,23503.5,1418.2595,29026.238,0,292.76624,
344,584.2705907002413,3.2523882,,,,,,,,,,,2931.7168,0,254.02707,0,0,637.1372,0,938.6081,0,14156.173,86.38607,
345,507.28062529868976,3.2542431,,,,,,,,,,,695.8062,0,0,0,42977.457,946.7129,0,6817.447,9413.337,0,0,
346,355.1729349375091,3.251091,,,,,,,,,,,2313.8794,0,0,12959.057,5908.1675,2939.9895,72468.586,2745.4526,0,0,2875.119,
347,451.1239176605442,3.256454,,,,,,,,,,,0,0,0,0,0,0,4796.834,0,3269323.5,0,0,
348,473.1058155322212,3.256454,,,,,,,,,,,0,0,0,0,0,0,3294.7178,0,531616.1,0,0,
349,923.2219430296376,3.258284,,,,,,,,,,,0,0,0,0,0,0,0,0,84451.25,0,0,
350,380.19171166226954,3.262971,,,,30,29,[M+NH4]+,,2,350;352,362.15787,14775.832,0,22822.521,8539.995,16586.799,12428.422,0,153539.44,0,29097.934,13291.116,
351,408.2231663795237,3.2646515,,,,30,,,,,,,2692.9165,0,8969.488,3399.1064,0,3076.3682,2824.7754,61968.168,0,15634.841,3082.3184,
352,385.1470739963545,3.2648647,,,,30,29,[M+Na]+,,2,350;352,362.15787,15588.424,0,23967.979,16684.398,21194.908,12280.887,12189.842,151438.2,7735.062,41200.65,19564.316,
353,482.2600084892098,3.2815337,,,,,,,,,,,130.79228,0,0,0,0,959.4721,0,0,0,42348.93,3745.6123,
354,410.23918261119763,3.282203,,,,17,32,[M+NH4]+,,2,357;354,392.20553,203.64584,0,688.3439,10078.095,0,21301.795,66.88961,0,0,950.98157,2576.5608,
355,438.26979495435234,3.2818356,,,,17,,,,,,,259.9687,0,609.646,9542.742,0,15767.801,89.61751,0,159.79617,968.6334,0,
356,424.2333596726359,3.2819655,,,,,,,,,,,6117.83,0,845.0524,2157.736,0,6157.075,0,0,5203.9746,23317.41,71815.98,
357,415.1949219002234,3.2850134,,,,17,32,[M+Na]+,,2,357;354,392.20553,1474.1948,0,2924.1875,58913.95,0,91242.2,0,2357.8855,0,1424.635,33923.18,
358,447.14870982802586,3.2926633,,,,,,,,,,,0,0,0,28888.225,0,0,0,0,0,0,0,
359,449.10822723178535,3.309949,,,,,,,,,,,0,0,82371.16,0,9575.434,0,96479.805,102631.16,278690.53,1331842.6,0,
360,463.08731969959535,3.3151903,,,,,,,,,,,334.78503,0,437706.28,19123.068,18725.406,40344.613,75424.59,217448.58,231960.84,3653627.0,0,
361,371.16804493818717,3.3269353,,,,,,,,,,,4101.197,0,2599.086,32200.803,432.45813,113470.21,673.0962,10908.816,214.4106,1221.3934,154752.25,
362,508.1451713800086,3.330127,,,,,,,,,,,0,0,0,0,36.58912,79.34152,0,0,0,63792.945,0,
363,743.1820456078901,3.3317783,,,,,,,,,,,0,0,0,0,0,37047.918,0,0,0,0,0,
364,765.1638242931247,3.3317783,,,,,,,,,,,0,0,0,0,0,18096.492,0,0,0,0,0,
365,410.22875334901033,3.3340418,,,,62,,,,,,,3285.2607,0,26129.82,0,1163.7424,9639.346,0,37094.43,6381.382,17911.861,12480.279,
366,365.1712081525884,3.333285,,,,62,,,,,,,6942.2944,0,47425.758,128.02783,1644.9888,22993.947,22925.334,94894.71,8533.401,48919.133,25582.148,
367,517.1345391451782,3.3374581,,,,,,,,,,,146554.92,0,0,0,0,1190.2266,1801.4617,802.07495,0,3300.9038,0,
368,499.12381880697683,3.3390167,,,,,,,,,,,149279.4,0,49664.71,0,495.4973,1138.3396,1876.7793,940.3906,4095.2227,5962.3,0,
369,348.27467058742695,3.3374019,,,,,,,,,,,0,0,0,115448.99,26.151697,0,0,0,0,0,0,
370,503.1186505469246,3.352824,,,,,,,,,,,560.04736,0,0,0,30828.602,67.67784,28251.574,7040.5376,8310.109,0,0,
371,510.2909557578631,3.3645685,,,,,,,,,,,225.61142,0,0,458.12274,43733.812,0,0,0,0,11917.899,0,
372,487.2150420528733,3.3653972,,,,,,,,,,,0,0,0,3158.2075,0,0,130718.375,0,0,46935.57,0,
373,219.10112696949318,3.3765588,,,,,,,,,,,3060.9712,0,0,28876.92,111944.83,2766.132,75298.73,0,0,12196.875,116722.23,
374,354.1756749859716,3.3753812,,,,,,,,,,,84.328804,0,120.37642,36.22502,40569.92,0,0,0,0,2879.9185,1060.3938,
375,579.1716670331346,3.3836644,,,,,,,,,,,0,0,25794.717,448314.34,0,25.421967,0,0,0,0,0,
376,442.264485726083,3.3825152,,,,29,,,,,,,6318.1997,0,18271.11,0,0,0,0,0,128.8577,22466.72,0,
377,340.1968611379527,3.3840225,,,,,,,,,,,0,0,0,0,0,267.30682,0,0,1370.6807,186237.05,0,
378,345.1523593608527,3.3840225,,,,,,,,,,,0,0,0,0,0,131.58037,0,0,1741.2993,142430.56,0,
379,568.2378429425164,3.3877063,,,,,,,,,,,1199.4427,0,0,227.09378,8259.25,615.6427,5555.5557,0,49325.766,1647.9891,3145.4294,
380,951.2156112671137,3.3919399,,,,,,,,,,,12656.231,0,0,0,0,0,0,0,0,0,0,
381,596.2697293452073,3.3925095,,,,,,,,,,,376.42386,0,262.5506,0,4561.294,196.22948,0,0,20821.95,348.71548,0,
382,414.2333077097004,3.3987708,,,,29,,,,,,,0,0,212170.25,14896.189,5333.4287,12824.792,15724.095,0,14858.405,98597.69,10556.822,
383,577.2800480757918,3.4012408,,,,,,,,,,,0,0,0,83.87059,0,0,0,0,0,0,23690.793,
384,420.295129282606,3.3994915,,,,73,,,,,,,2200.318,0,0,218.1047,27943.25,507.56287,0,0,15840.172,0,0,
385,341.13805956997004,3.4072857,,,,56,,,,,,,4069.848,0,0,5815.606,0,0,0,32435.05,3095.928,6644.967,27649.248,
386,554.2229418791097,3.405591,,,,,,,,,,,0,0,0,0,22017.996,0,2360.9163,0,0,0,0,
387,566.2591885233503,3.4093778,,,,,,,,,,,8572.705,0,0,18367.332,0,21846.094,31177.982,35614.637,12741.213,12835.548,29800.621,
388,538.2281396097437,3.4099553,,,,56,34,[M+H]+,,2,388;389,537.22074,57903.76,0,147219.72,51232.234,171907.06,214703.4,235817.75,550188.9,48498.375,62106.965,265520.6,
389,543.1832887966905,3.4110866,,,,56,34,[M-NH3+Na]+,,2,388;389,537.22074,24333.098,0,45804.527,38470.1,40176.79,92110.586,67030.21,70248.79,10750.821,15749.021,80122.24,
390,917.3636133411452,3.4276662,,,,,,,,,,,0,0,0,0,0,0,0,17268.666,0,0,0,
391,522.2904694562167,3.4305503,,,,,,,,,,,6710.047,0,0,1476.9056,3591.938,39671.09,0,0,0,7895.328,0,
392,197.11708217611096,3.4319167,,,,,,,,,,,188035.47,405.56024,278719.53,54393.78,181589.92,183332.36,276078.4,250042.55,358013.7,298485.72,229505.1,
393,975.239553323383,3.4365554,,,,,,,,,,,0,0,0,0,0,0,0,0,0,48671.43,0,
394,242.1747683074907,3.4354064,,,,,,,,,,,0,290.44125,120008.29,0,0,0,53399.383,0,67388.02,0,96907.73,
395,606.2890206646438,3.4410412,,,,,,,,,,,0,0,0,0,0,0,0,28446.695,0,0,0,
396,375.23788302957706,3.4427998,,,,73,,,,,,,0,0,0,0,41925.29,0,6289.6924,0,23918.404,0,0,
397,625.2248467351764,3.4492757,,,,,,,,,,,25963.928,0,1822.3665,1612.385,0,1821.1316,4612.914,0,133.3305,1945.4666,1411.3127,
398,419.0969863591949,3.45169,,,,,,,,,,,0,0,0,0,0,35154.605,113.54942,0,231.08546,0,0,
399,491.16651914327974,3.458228,,,,,,,,,,,0,0,0,0,71.009796,0,17616.186,0,0,0,0,
400,540.2390609233912,3.4559326,,,,,,,,,,,0,0,0,0,0,9932.03,65355.39,0,0,0,0,
401,609.1816435302851,3.4589233,,,,,,,,,,,0,0,0,878327.1,0,0,0,0,0,5231.879,0,
402,556.1914571478549,3.4637244,,,,,,,,,,,0,0,0,0,0,0,0,62972.285,0,0,0,
403,610.199372337386,3.4637244,,,,,,,,,,,0,0,0,0,0,0,0,47205.938,0,0,0,
404,506.12951334285515,3.464096,,,,,,,,,,,0,0,0,0,0,0,0,0,531859.8,11940.819,0,
405,651.1555432990888,3.4706657,,,,,,,,,,,0,0,0,0,0,0,0,0,0,45179.836,0,
406,568.2747953735427,3.4724681,,,,55,,,,,,,12495.498,0,0,0,0,0,0,0,0,46681.71,0,
407,441.0792260815424,3.476584,,,,,,,,,,,0,0,0,0,0,15705.338,0,0,0,6489.2446,0,
408,522.1607419275167,3.4801655,,,,31,36,[M+NH4]+,,2,411;408,504.12689,7021.5605,0,0,0,53729.477,5597.3203,156578.77,25388.297,16308.667,33922.812,5175.62,
409,416.26428268304255,3.4802384,,,,19,,,,,,,183801.81,0,45799.57,25967.371,3720.8755,32901.1,279620.97,0,0,481468.72,16629.453,
410,371.2063553098979,3.4817848,,,,19,38,[M+H]+,,1,419,370.19911,133507.2,10.970429,24119.059,5863.3633,1073.6226,22333.82,248585.11,0,0,238750.72,8717.498,
411,505.13412754734685,3.4814138,,,,31,36,[M+H]+,,1,408,504.12689,562.578,0,0,0,14115.541,263.5224,51049.1,0,0,6233.1265,676.96423,
412,545.1987937183887,3.4874587,,,,55,,,,,,,21243.3,0,0,0,0,0,19695.629,11573.6045,0,73262.01,0,
413,569.3203204061219,3.4913223,,,,,,,,,,,106.96167,0,0,1649.5731,232.93222,701.9457,0,111.244286,746.58386,408.1994,6868.708,
414,600.2802216016582,3.4950228,,,,,,,,,,,6464.7783,0,15890.424,7945.8657,18191.79,3872.8936,3446.0195,0,2410.9004,15891.1875,8684.905,
415,416.1919989372138,3.500326,,,,,,,,,,,21.761295,0,0,0,0,0,52207.32,0,16916.648,0,0,
416,366.21221621247327,3.5076933,,,,,,,,,,,0,0,0,0,5492.9097,9412.902,0,0,0,0,24989.826,
417,869.3427516326891,3.5095074,,,,,,,,,,,0,0,0,0,0,0,0,94106.57,0,0,0,
418,133.10136208132664,3.5132802,,,,19,,,,,,,0,36.149494,58296.7,0,0,13070.082,88919.13,0,0,140214.94,0,
419,393.18834899631224,3.5145335,,,,19,38,[M+Na]+,,2,419;410,370.19911,147164.94,0,90038.266,26099.123,0,29957.012,131481.73,0,2673.021,233115.84,24792.576,
420,191.14307345192427,3.5156634,,,,19,,,,,,,98184.53,0,74144.79,0,0,0,173090.72,0,0,191603.47,0,
421,413.21459239956937,3.519933,,,,,,,,,,,4914.717,0,9339.701,73353.95,8133.281,8942.954,60351.875,4227.8286,8546.133,0,14201.453,
422,355.17269658056466,3.5302162,,,,45,,,,,,,1696.9397,0,16552.088,0,38199.33,40085.566,4957.096,442.7343,0,4136.8384,144365.2,
423,378.2485804120812,3.529334,,,,45,,,,,,,726.82086,0,12504.775,1548.302,46794.926,17241.805,4257.5977,0,6589.5405,3308.1746,72005.43,
424,393.11561089412993,3.5318933,,,,,,,,,,,0,0,21302.99,4425.343,1422.196,136.075,103446.26,21808.836,163.3503,0,417.266,
425,388.16015605185214,3.532354,,,,,,,,,,,309.07846,0,0,11492.051,6368.324,1807.9264,438300.03,52733.938,571.88684,0,0,
426,327.15921498413303,3.5345345,,,,,,,,,,,0,0,0,0,0,0,0,0,24359.023,0,0,
427,512.2494578200451,3.5345345,,,,,,,,,,,0,0,0,0,0,0,0,0,53765.96,0,0,
428,603.2991354091263,3.5506446,,,,,,,,,,,0,0,24447.215,0,7366.12,3084.4424,0,0,0,0,0,
429,480.18660900880366,3.5528364,,,,,,,,,,,0,0,915.82745,0,0,0,0,0,27153.314,0,0,
430,311.1468129942122,3.554967,,,,,,,,,,,74.61816,0,70.338646,0,36.267254,107.94794,0,31452.11,699.9463,110.561905,167.25273,
431,783.2395194596629,3.5663154,,,,,,,,,,,0,0,0,0,0,0,8082.771,0,0,58165.055,0,
432,573.1938028508391,3.5680594,,,,,,,,,,,41.458473,0,0,0,194.3544,0,464.65857,12602.081,20685.086,0,0,
433,409.18353596057676,3.567452,,,,,,,,,,,7658.3936,0,149350.39,22904.982,29000.219,44651.098,93503.91,4577.873,23992.406,0,3642.5916,
434,525.2307721552874,3.568133,,,,,,,,,,,145.36366,0,311.3159,1743.8802,275.31653,492.17053,0,915.5949,0,86.149376,14719.487,
435,602.2960221543868,3.5716743,,,,,,,,,,,0,0,3453.1257,13991.518,2983.7417,6967.726,0,0,3413.4756,26148.6,15011.383,
436,575.2310385068747,3.577789,,,,,,,,,,,179.88821,0,0,9752.426,0,2189.5444,0,0,0,0,504.3681,
437,579.2201247992853,3.5746129,,,,,,,,,,,8532.305,0,7100.3315,26755.111,746.3015,12122.855,0,1747.4275,1460.7009,0,15350.011,
438,506.1659473365911,3.57892,,,,,,,,,,,0,0,0,0,10108.579,0,20152.371,0,17832.268,37508.16,54.11022,
439,565.1192006674526,3.5892758,,,,,,,,,,,0,0,0,9593.408,0,0,0,0,0,0,0,
440,426.19736757189116,3.5910316,,,,,,,,,,,0,0,0,0,0,0,0,0,0,38168.316,0,
441,373.1830954650198,3.590617,,,,,,,,,,,2647.097,0,0,0,0,59.125813,0,0,0,0,23903.305,
442,390.2486905697726,3.6009011,,,,,,,,,,,2254.266,0,0,1308.9121,1568.0098,12255.752,0,965.8111,255.09274,0,18840.963,
443,453.17388519704247,3.604496,,,,3,39,[M+Na]+,,2,444;443,430.18439,2321.2957,0,0,0,0,2120.179,0,91250.195,0,0,30.23394,
444,448.21793655592415,3.606987,,,,3,39,[M+NH4]+,,2,444;443,430.18439,20979.08,0,0,0,0,21221.814,0,158364.53,0,0,0,
445,433.20366258511876,3.610409,,,,,,,,,,,0,0,18697.307,0,0,0,0,0,23.981134,131319.36,0,
446,383.16783378897156,3.61204,,,,,,,,,,,4417.309,0,0,19839.688,10939.757,6221.982,0,32067.266,2418.2808,11743.477,15722.538,
447,366.17620799505625,3.6181588,,,,,,,,,,,0,0,2955.1045,449.24292,22960.389,1078.0403,57292.43,193266.62,0,4142.818,2448.3672,
448,418.2801196741687,3.6191673,,,,51,,,,,,,306115.97,0,0,4573.7715,10925.499,14367.518,18697.047,283114.12,2243.232,176526.11,31525.96,
449,767.4194187266411,3.6183207,,,,51,41,[2M+Na]+,,2,449;450,372.21508,59580.305,0,0,0,54.590427,830.4027,587.26276,35634.266,0,17646.873,3066.0835,
450,373.22232799763907,3.6189582,,,,51,41,[M+H]+,,2,449;450,372.21508,632608.0,0,127480.64,5937.4453,16332.629,29267.34,41669.7,677195.94,2639.3958,285005.7,49400.934,
451,291.1258472235455,3.6254325,,,,,,,,,,,0,0,679.5214,144.65808,0,0,0,97941.4,0,844.15155,0,
452,219.10092711223575,3.6401238,,,,,,,,,,,33.935005,0,0,0,0,96.47757,56.00762,0,42288.812,0,0,
453,456.28025202765593,3.642506,,,,6,,,,,,,0,0,4475.3486,0,0,0,0,0,123078.414,66385.07,0,
454,568.3328745032378,3.643894,,,,76,46,[M+NH4]+,,2,469;454,550.29916,118.54297,0,0,366.56055,22746.85,4364.9976,10554.659,0,5236.6846,486.77808,11104.304,
455,945.266004656337,3.6470478,,,,,,,,,,,0,0,0,0,0,0,0,0,0,154963.45,0,
456,193.15883053920425,3.6483319,,,,,,,,,,,0,58.355846,0,0,0,0,0,88290.945,15635.115,42554.973,0,
457,175.1482537404298,3.6524825,,,,51,,,,,,,27551.725,0,0,0,5343.282,0,0,0,397.3225,14579.707,0,
458,287.0547213089069,3.6603003,,,,,,,,,,,117.019455,0,161.7577,345.82602,41.114677,12777.122,179.40631,0,128.965,1779496.4,159.56339,
459,433.11365829503137,3.66244,,,,,,,,,,,0,0,183.02606,2936.3276,26.718426,46610.39,0,0,0,3531592.2,80.21591,
460,526.2500573945321,3.6654167,,,,,,,,,,,461.12805,0,0,0,0,0,385.24234,723.1417,0,1545.9933,23772.844,
461,556.2967601136309,3.6688776,,,,75,43,[M+NH4]+,,2,462;461,538.26271,500.04346,0,568.02246,1843.2281,0,26132.664,0,525.62946,97.21727,1448.3931,15403.051,
462,561.2517062760735,3.6699007,,,,75,43,[M+Na]+,,2,462;461,538.26271,358.5885,0,507.46045,1761.278,15.924141,22267.062,0,177.30386,58.486305,900.1002,10202.154,
463,621.1819097653873,3.669154,,,,,,,,,,,0,0,0,0,0,0,0,0,0,63473.926,0,
464,766.3278383716853,3.6693585,,,,,,,,,,,2080.5671,0,24805.873,0,0,413.79282,0,0,3934.0244,10667.058,2100.0596,
465,335.16009663137555,3.6805708,,,,,,,,,,,0,0,18248.625,0,3612.7986,10682.945,0,24813.291,2638.6714,13933.305,10552.505,
466,769.2675227554162,3.6845698,,,,,,,,,,,4625.748,0,86.98233,747.6909,75.585526,651.8651,9748.062,994.7644,1611.9132,16926.56,3762.9358,
467,434.10846262677507,3.69386,,,,,,,,,,,0,0,0,0,2189.296,0,197.98566,0,31264.186,0,0,
468,428.24911352029415,3.7032292,,,,6,,,,,,,5036.781,37.52391,139992.1,340.90582,2112.0864,317.35132,454.31342,0,547419.8,426326.25,678.349,
469,573.2884936641286,3.708104,,,,76,46,[M+Na]+,,2,469;454,550.29916,0,0,299.80103,32130.945,31379.2,8860.688,104609.98,168.2232,12075.798,0,19274.05,
470,551.2483520811093,3.7093685,,,,,,,,,,,0,0,15.57133,33.809822,15.621653,0,8001.67,0,0,0,0,
471,616.3552929783822,3.718408,,,,,,,,,,,0,0,0,0,0,0,0,0,23106.701,0,0,
472,638.3371456260429,3.718408,,,,,,,,,,,0,0,0,0,0,0,0,0,27689.805,0,0,
473,440.25068456030584,3.728144,,,,,,,,,,,2750.4612,0,318.76022,77.05165,4939.7866,1654.8855,39.09222,0,57777.066,0,0,
474,461.23766110197965,3.7294974,,,,,,,,,,,0,0,0,368.3264,26849.592,257.95502,2265.0906,38.55674,5976.329,0,320.2694,
475,181.0495723227381,3.7433953,,,,,,,,,,,758.50287,0,199.15878,377.95642,0,977.11676,93355.12,909.9264,0,756.3285,594.6671,
476,513.2321974413574,3.7394207,,,,,,,,,,,0,0,0,0,0,0,23075.803,0,0,0,31.690939,
477,495.222228574235,3.7455091,,,,,,,,,,,0,0,0,0,14874.602,0,107356.79,0,1710.5518,0,52.863678,
478,439.2298776928445,3.766111,,,,,,,,,,,46334.223,0,607.00305,0,0,4075.104,55005.79,2038.0044,37653.19,57176.023,0,
479,457.2066210328982,3.770256,,,,,,,,,,,55429.086,0,680.9263,0,0,218.19061,0,0,0,5252.958,50.05705,
480,411.1615657728009,3.7821362,,,,,,,,,,,0,0,0,209.78937,0,247.51688,0,39021.887,0,4921.2607,20.758835,
481,901.369666343323,3.7851472,,,,,,,,,,,0,0,0,0,0,0,0,6373.892,0,0,0,
482,436.2177368224112,3.7936065,,,,,,,,,,,39.920498,0,0,4033.3113,0,0,133728.2,1914.5896,0,0,2794.9934,
483,441.245821692629,3.793127,,,,,,,,,,,23672.816,0,0,37672.297,0,26082.205,0,4096.729,0,14722.752,270230.12,
484,436.29066803188005,3.7959034,,,,,,,,,,,2091.6123,0,154839.11,3730.6,0,1664.8448,119605.42,828.834,0,3072.9238,0,
485,413.2146938446037,3.8096986,,,,,,,,,,,2417.4514,0,0,3518.0952,7935.325,6322.5103,0,2993.1187,21027.309,11176.455,13636.599,
486,165.09104560434284,3.8145003,,,,66,,,,,,,148.73775,63.043922,208.04929,235.71465,86.764595,52321.504,0,148.81631,132.22305,25621.465,113.1729,
487,372.2025748726238,3.8175678,,,,66,,,,,,,11.634479,0,0,90.01584,0,33305.74,216.97961,118.33466,45.689392,22734.67,32.243797,
488,675.2630079142183,3.8156934,,,,,,,,,,,0,0,0,0,0,9468.826,0,0,0,3901.4216,0,
489,556.2022518264413,3.8264446,,,,,,,,,,,0,0,0,0,2041.7883,0,81.20385,397.79248,27292.424,198.55707,72.81256,
490,240.23211517327445,3.8319223,,,,,,,,,,,12.304791,43.32966,892.1018,657.16364,14.226362,0,0,55587.992,18.6136,0,0,
491,554.1858111615937,3.8283374,,,,,,,,,,,0,0,0,0,765.88965,0,0,338.5869,12087.486,48.277634,39.28576,
492,603.2988009821592,3.8335028,,,,63,48,[M+Na]+,,2,492;494,580.30909,299.48468,0,818.9437,0,2149.8066,498.57166,189456.16,5295.643,6435.6646,2100.5862,322.97467,
493,563.3061938632052,3.8349047,,,,,,,,,,,0,0,293.19983,31.645508,789.153,85.95939,71167.97,1253.4609,1154.9987,301.22202,55.487625,
494,581.3158780236297,3.8359668,,,,63,48,[M+H]+,,1,492,580.30909,23.697533,0,345.63553,0,1235.9912,52.88056,101134.14,2138.6829,2159.1504,398.37244,0,
495,218.21147555016475,3.8507636,,,,,,,,,,,495.67224,735.6588,142462.64,23493.148,810.8191,11092.948,527.7545,338.58414,16885.309,355.66483,223.79463,
496,580.2387978422829,3.8624513,,,,,,,,,,,0,0,5472.02,0,9524.515,0,14802.874,188.83052,2096.1992,0,693.1154,
497,267.12031643995124,3.8679678,,,,,,,,,,,11960.06,12.506598,0,439.2741,517.866,13510.411,0,1572.6194,0,0,26307.25,
498,344.17043535940513,3.8702881,,,,66,,,,,,,0,0,63.144333,0,16.459364,106864.516,5493.178,0,0,50711.777,0,
499,335.12369968191535,3.8738012,,,,,,,,,,,2045.0134,0,5072.3286,1023.0414,7076.8296,875.6001,21706.758,4336.606,2544.4104,0,1753.9954,
500,459.2222105858403,3.8813171,,,,,,,,,,,54063.24,0,2939.9055,32.242096,66.70078,209.08522,210.52016,2462.1467,126.54906,24634.05,895.6932,
501,574.2641903720582,3.8830223,,,,,,,,,,,2715.3904,0,718.1144,0,1553.9283,1695.0706,41.5207,384.25232,1790.8557,5863.488,8104.244,
502,253.1411632576868,3.895889,,,,,,,,,,,1818.9841,62.477165,12655.148,1693.527,5805.879,17060.24,6364.164,4095.4724,1026.0013,5518.6367,29428.225,
503,867.3303735744297,3.8954298,,,,,,,,,,,0,0,0,0,0,0,0,7331.911,0,0,0,
504,349.1256519102069,3.8960426,,,,,,,,,,,0,0,0,0,0,774.39874,5284.7256,0,0,84108.016,0,
505,582.2546022544606,3.8991427,,,,,,,,,,,15.164793,0,6418.08,12.877414,790.4487,0,5644.231,898.4884,4245.555,26.788528,10178.552,
506,650.354908109753,3.9098518,,,,,,,,,,,0,0,0,0,0,0,59430.777,0,4940.127,0,0,
507,455.22572636174857,3.9281647,,,,,,,,,,,17588.137,0,86315.586,49112.793,77.719025,978.0975,0,0,58.68216,0,2191.8728,
508,290.1961921534266,3.9314668,,,,,,,,,,,59593.684,11.721041,86541.62,47847.723,33798.473,68956.51,48980.477,55475.418,99552.44,76314.92,74499.49,
509,406.2221885125917,3.933795,,,,,,,,,,,1970.4691,0,503.40558,1290.4629,1227.8309,849.4674,399.86945,0,3816.1174,4680.817,16560.982,
510,476.2493435130677,3.9374108,,,,,,,,,,,14740.263,0,1125.1577,46.83902,874.39795,7305.157,0,0,1285.7065,0,10399.425,
511,505.09762935986987,3.9569876,,,,,,,,,,,0,0,0,0,0,0,0,0,0,182535.98,0,
512,527.0794905086819,3.9569876,,,,,,,,,,,0,0,0,0,0,0,0,0,0,16502.646,0,
513,481.20441996183166,3.9636917,,,,,,,,,,,6061.0195,0,187.42947,0,59.412285,0,966.9934,33773.332,0,0,2005.4532,
514,512.1761478325765,3.9613066,,,,,,,,,,,0,0,0,0,45884.754,0,14969.999,0,33762.605,78.72266,0,
515,453.2096841517249,3.9666576,,,,,,,,,,,2904.4126,0,14813.89,5798.4355,2328.4463,6356.4556,7606.535,195852.23,5141.101,5870.9546,49727.62,
516,494.2595448172862,3.9658794,,,,,,,,,,,204.6914,0,0,0,11946.533,0,39.347893,2981.2148,0,43.933056,25.293797,
517,520.144875951559,3.9681964,,,,,,,,,,,0,0,0,0,93.4446,0,0,0,53216.47,0,0,
518,448.2543419450206,3.9707644,,,,,,,,,,,175.34984,0,0,696.1371,291.96014,671.8723,1792.0594,59291.75,559.2339,0,4042.2334,
519,234.20640080662633,3.9922497,,,,,,,,,,,545.00757,534.30774,441598.3,10523.986,434.0708,7898.605,0,311.41742,31404.908,299.27045,343.6637,
520,547.3449738166079,4.001263,,,,,,,,,,,0,0,218.72147,0,0,0,975.4942,27640.34,474.46405,6341.1284,3086.4084,
521,625.1188960608782,4.0063243,,,,,,,,,,,0,0,0,0,0,0,0,0,0,63109.59,0,
522,496.2743748827912,4.008104,,,,,,,,,,,45.7109,0,0,48.5264,160.25824,0,16009.097,0,284.14032,0,0,
523,527.2465329502663,4.0070643,,,,,,,,,,,56.112038,0,178.54614,64.737144,24839.793,381.10904,6596.047,248.72711,1442.5908,2208.047,678.1642,
524,466.26488679927456,4.0106845,,,,,,,,,,,50448.227,0,326.97806,401.5711,278.42557,2319.9722,811.72925,79.2689,1322.8381,6996.8203,0,
525,471.2204413238123,4.010123,,,,,,,,,,,10578.539,0,0,81.429535,130.74638,443.437,432.73593,0,933.2309,2049.7227,257.89658,
526,221.19002361080356,4.0270762,,,,44,,,,,,,6838.3887,8.188822,438634.1,32035.508,20337.162,1798.2982,0,5607.313,55595.68,18241.227,185999.6,
527,441.245967472434,4.029931,,,,44,49,[M+Na]+,,4,529;531;532;527,418.25673,47235.254,0,1600707.5,160920.42,61028.617,10232.682,1514828.4,40916.77,286747.2,116192.41,959617.9,
528,203.17950953117304,4.030732,,,,44,,,,,,,1576.8372,0,134766.6,8828.674,2532.5352,666.867,71891.05,1211.2522,8255.261,5247.2915,0,
529,419.2639384024978,4.030732,,,,44,49,[M+H]+,,1,527,418.25673,1206.5596,0,121607.016,7582.4766,1179.9099,441.42764,69047.945,834.22205,6423.4204,4384.116,0,
530,239.2005610074525,4.030732,,,,44,,,,,,,1371.5244,0,108884.48,7571.255,2012.1705,489.23654,64272.35,1039.9805,6686.5684,3630.8232,0,
531,383.24297509527787,4.031228,,,,44,49,[M-2H2O+H]+,,2,531;527,418.25673,506.90372,0,44091.55,2429.0867,464.80508,136.15503,23860.227,309.76056,2552.1494,1332.9738,0,
532,401.2534072164369,4.0312676,,,,44,49,[M-H2O+H]+,,1,527,418.25673,840.4752,0,78190.83,4603.0605,863.69714,296.16946,119600.74,552.55566,4725.438,2651.5315,0,
533,464.3218714889306,4.0377097,,,,44,,,,,,,2309.3608,0,182230.72,18257.182,3175.102,564.916,0,2288.4043,58968.785,12260.258,113202.33,
534,684.3386570353885,4.0429354,,,,,,,,,,,0,0,0,0,0,0,23064.88,0,0,0,0,
535,522.2912306648981,4.0514965,,,,,,,,,,,45.406242,0,0,202.88321,39935.02,540.7339,0,271.91782,0,11915.273,139.23482,
536,452.24915755925747,4.0569797,,,,,,,,,,,950.74646,0,0,381.00992,3911.7532,6430.973,1798.09,1798.6512,10905.938,1822.3436,0,
537,477.24782945526164,4.059222,,,,,,,,,,,10177.451,0,168.49393,2758.0317,45.95088,2583.989,0,248.36917,17.380987,36.83239,3131.324,
538,592.2243967687359,4.066852,,,,,,,,,,,0,0,0,0,0,11.918196,0,0,0,26652.021,0,
539,397.2198025891379,4.0640006,,,,,,,,,,,1347.4976,0,0,339.89423,20586.742,1246.461,2452.3325,0,1997.314,2521.7917,1217.8247,
540,595.143206590991,4.072509,,,,,,,,,,,272.27283,0,1116.9233,8400.524,587.0053,44.506218,10590.81,3504.2559,718.948,247.5314,1806.016,
541,559.3086367178344,4.0818048,,,,,,,,,,,0,0,1736.8264,11223.644,0,80.93376,0,32082.879,113.53374,0,378.66653,
542,561.2873080403732,4.0828633,,,,,,,,,,,52.726883,0,0,612.3846,1237.2344,0,0,158.4996,293.5089,11712.781,58.374523,
543,451.12277223479293,4.0863576,,,,,,,,,,,0,0,0,0,0,0,0,0,165.59622,40848.855,0,
544,461.10880723217633,4.0827274,,,,,,,,,,,0,0,0,15.735548,0,0,0,0,0,65039.855,0,
545,700.2600679166935,4.0890155,,,,,,,,,,,40.293663,0,0,0,1879.8678,18.901443,13907.125,8363.739,0,0,1014.1961,
546,446.1659247755417,4.0974307,,,,,,,,,,,0,0,0,29.489143,0,108.03548,0,0,0,114357.69,0,
547,436.2906318101525,4.0974784,,,,,,,,,,,568.3681,0,0,5650.9365,2686.6252,349.4794,445456.9,1077.9001,38632.85,3468.608,27314.654,
548,247.13285653775074,4.1195006,,,,67,51,[M-H2O+H]+,,1,550,264.13615,1467.3273,0,606.0874,15597.04,19145.98,14478.887,50193.812,3710.2273,4234.0586,72322.914,3845.5798,
549,310.2010793250882,4.120386,,,,,,,,,,,977.8975,0,439.7116,12337.192,19178.396,12067.185,9028.682,2305.155,3584.7393,0,4571.3467,
550,287.1253676364035,4.121012,,,,67,51,[M+Na]+,,2,550;548,264.13615,514.88556,0,191.30325,6218.766,22453.104,5179.741,17401.746,2670.8984,1626.325,13248.461,1703.4037,
551,439.2302765814595,4.129855,,,,54,,,,,,,933.03296,0,239531.33,0,131791.53,101262.086,427901.88,135289.28,0,419.8839,288797.5,
552,607.2150874180697,4.129013,,,,,,,,,,,1097.5299,0,251.6901,1444.8599,10535.464,181.8702,252.2874,35.79317,377.56387,0,0,
553,480.2804582699123,4.1450744,,,,,,,,,,,0,0,0,97.8376,13367.229,0,278.96323,0,0,0,31.288599,
554,161.1325748873085,4.148772,,,,35,,,,,,,39.114708,0,18584.324,31.189816,2650.0925,155527.4,0,44.545464,45.391113,0,64061.242,
555,434.2748215843547,4.1488085,,,,,,,,,,,54.744324,0,260.6418,47.002914,11923.16,20196.068,0,123.44423,128.47507,0,0,
556,536.2132284207685,4.150716,,,,,,,,,,,0,0,0,0,9064.894,0,0,0,7147.5234,0,0,
557,219.17431829743168,4.1536865,,,,54,,,,,,,139.9167,77.73434,0,82.46244,4866.1626,585.8625,78239.99,142.5768,348.9677,0,1452.1216,
558,458.2016820780742,4.157588,,,,,,,,,,,0,0,17.835281,94.607346,0,94179.664,0,0,0,63484.633,0,
559,547.3086169959086,4.154676,,,,,,,,,,,29288.459,0,69.05232,1641.9178,42156.25,3288.9558,333.3435,321.23346,20935.338,1600.3623,1508.1365,
560,430.1710109492071,4.1549172,,,,65,54,[M+NH4]+,,3,562;560;561,412.13669,141.1161,8.168777,1586.9843,12748.892,286.5099,1091101.5,4908.614,1564.5458,324.9004,3963734.5,1890.1703,
561,435.1260584221802,4.156603,,,,65,54,[M+Na]+,,2,560;561,412.13669,0,0,205.31795,1398.6588,261.1173,254491.5,3169.8247,455.0639,21.322205,1083130.2,303.8241,
562,847.2613067718341,4.156971,,,,65,54,[2M+Na]+,,2,562;560,412.13669,0,0,0,0,0,4927.1826,0,0,0,12945.867,0,
563,451.09921748170865,4.157002,,,,,,,,,,,0,0,0,0,0,16088.442,85.302444,0,0,32176.96,0,
564,179.14300705333773,4.185651,,,,35,,,,,,,27165.465,33.7597,12764.137,48079.0,5836.557,454407.8,15389.524,12682.775,3523.8203,113124.67,183873.47,
565,462.3057778062905,4.1841755,,,,,,,,,,,406.39893,0,28286.79,1771.8771,18772.656,0,0,293.59277,2021.5343,173.81459,31081.055,
566,215.16417581932706,4.186081,,,,35,,,,,,,14996.406,0,11646.963,26780.264,2941.3198,254721.89,11522.355,11992.124,2387.533,62635.18,103108.125,
567,377.2168075394312,4.186504,,,,35,56,[M+H]+,,2,568;569,376.20964,14786.77,0,9859.67,22935.965,3675.653,236210.89,10551.614,10302.975,1439.0983,58833.062,114337.266,
568,399.19888491848417,4.186544,,,,35,56,[M+Na]+,,3,568;569;567,376.20964,102541.21,0,0,229258.48,48613.086,809619.56,41258.754,65188.047,25970.842,99686.734,528668.8,
569,394.2435527868782,4.186504,,,,35,56,[M+NH4]+,,3,568;569;567,376.20964,10797.483,0,3876.6472,16273.439,2664.9043,201392.05,4572.587,4510.795,1179.5989,42593.33,149147.7,
570,393.18835190138697,4.197196,,,,,,,,,,,0,0,0,16139.81,8794.099,0,0,164.42487,486.03677,0,16386.088,
571,555.2772340738119,4.212844,,,,,,,,,,,32.906876,0,4829.121,0,22.429134,925.39746,0,11442.499,71.05375,251.54868,2367.5208,
572,835.3397299832066,4.217373,,,,,,,,,,,460.11652,0,858.6411,112.067184,938.7825,3166.0566,4546.615,21133.516,23.792004,3812.551,5946.2676,
573,914.4946414960033,4.226103,,,,2,,,,,,,0,0,0,0,53.758095,0,16253.237,0,147682.1,0,0,
574,919.4498112369936,4.227542,,,,,,,,,,,0,0,0,17.359425,625.8913,0,44890.074,0,108858.27,33.80803,0,
575,494.29631774127,4.23332,,,,2,,,,,,,67.31422,0,19.190659,258.6577,7531.8267,0,47751.01,118.192024,194663.53,1966.0061,2992.7334,
576,1114.9816815475983,4.236494,,,,,,,,,,,0,0,0,0,0,0,0,0,0,10863.103,0,
577,295.1024086463868,4.245746,,,,2,,,,,,,30.947771,0,200.54575,0,0,93.96501,6554.4795,0,40160.418,0,2712.6184,
578,466.26492959349576,4.257055,,,,2,58,[M+NH4]+,,2,582;578,448.23098,0,0,5155.2476,117044.76,73363.484,0,2866036.2,2544.7764,3624812.5,48364.617,103475.43,
579,475.1234579072822,4.2588,,,,,,,,,,,0,0,0,0,0,0,0,0,0,764029.3,0,
580,497.10522939339415,4.2588,,,,,,,,,,,0,0,0,0,0,0,0,0,0,296995.53,0,
581,971.2204683521472,4.2588,,,,,,,,,,,0,0,0,0,0,0,0,0,0,30996.453,0,
582,471.2200721165903,4.2595162,,,,2,58,[M+Na]+,,2,578;582,448.23098,0,0,1394.529,33737.824,2239.1038,0,755632.6,0,637787.5,18975.441,28511.197,
583,266.2112337337418,4.265884,,,,,,,,,,,294.7535,9.996573,52.103306,54.240498,108.47723,945.5759,4147.53,2.8396286E7,48.154667,0,900.361,
584,130.08637852320368,4.2697973,,,,,,,,,,,129.18637,77.61815,334.69644,128.14876,1702.248,386.12054,3139.878,3653255.0,0,206.61566,555.3029,
585,531.4164939423674,4.2719107,,,,,,,,,,,0,0,0,0,0,0,0,2568816.5,0,0,0,
586,325.0918904084182,4.273209,,,,,,,,,,,375.19684,0,0,0,116456.89,106.348114,0,0,298.36017,181827.95,36.47521,
587,487.253004015656,4.304942,,,,,,,,,,,79.9002,0,643.08594,4159.559,282.18527,0,56911.516,0,10811.6875,2605.2576,0,
588,191.1430623821368,4.310296,,,,,,,,,,,7961.763,9.423422,9400.763,5201.698,10877.598,6307.407,0,7480.5293,33728.688,0,28645.166,
589,487.1448342517407,4.3238473,,,,,,,,,,,0,0,0,0,2247.1292,0,16249.765,0,0,0,0,
590,359.2047809529894,4.32475,,,,,,,,,,,9.15212,0,0,20.316301,0,2366.9365,0,0,0,4552.8027,38463.92,
591,382.207182182457,4.3341165,,,,,,,,,,,0,0,59.950146,0,417.22305,0,0,0,444.77515,56138.08,0,
592,387.16269787380753,4.3315787,,,,,,,,,,,0,0,0,0,280.72714,0,0,0,97.288795,30283.79,0,
593,492.1761508263141,4.3514237,,,,,,,,,,,27.998423,0,128.09099,0,42.002136,0,0,14600.526,0,533.9278,309.00058,
594,767.4551027872553,4.3512387,,,,,,,,,,,0,0,0,0,0,0,10706.804,4217.724,690.14233,0,0,
595,437.3416381750096,4.353622,,,,9,,,,,,,0,0,153.02403,0,208458.95,0,252602.81,489282.1,212291.3,137884.69,0,
596,455.3521343324196,4.353014,,,,9,,,,,,,0,0,0,0,286927.38,0,333448.78,648052.5,273683.16,181552.16,0,
597,619.4211040485036,4.3547316,,,,9,,,,,,,0,0,42.95314,0,0,0,1925.2454,127035.8,39173.312,5024.6655,0,
598,177.16388394177844,4.360999,,,,,,,,,,,80.43582,0,217.88818,188.27312,2377.0083,203.37811,31585.75,582.1864,9302.926,993.01184,278.49713,
599,390.24874876656656,4.3614535,,,,,,,,,,,82.60939,0,600.0629,206.20432,4268.2617,256.32138,75143.5,58.797817,17270.098,2126.0957,427.50327,
600,402.1765061217102,4.360499,,,,,,,,,,,0,0,0,0,0,0,42281.02,0,0,39.969093,18.819801,
601,984.1693848970982,4.3656373,,,,,,,,,,,0,0,0,0,53163.89,0,0,0,0,0,0,
602,751.4626804425536,4.3656564,,,,9,,,,,,,0,0,45.514008,0,439.32312,0,0,170149.47,45030.87,0,0,
603,395.20435517846545,4.3645616,,,,,,,,,,,194.0519,0,392.21375,618.8328,12620.688,1122.5967,44459.152,352.0462,11874.843,4600.1895,1331.9268,
604,472.1813746237996,4.3670926,,,,,,,,,,,0,0,0,0,17.09424,13.523483,12352.917,0,0,0,0,
605,579.1497710636914,4.372536,,,,,,,,,,,0,0,0,2018.5923,11446.998,0,175393.53,380.3862,41481.676,20.803013,727.77203,
606,442.26499774261225,4.3973727,,,,,,,,,,,39833.223,0,5514.864,0,10674.037,3764.1257,0,0,5616.971,9041.902,0,
607,144.10198659502493,4.440682,,,,,,,,,,,122.19616,60.934216,53.487736,62.144054,164.37926,176.28224,446.0468,2560626.2,146.87198,134.15807,196.64055,
608,280.2271821755996,4.4434156,,,,,,,,,,,186.52286,0,10.441408,0,0,559.8609,2801.2927,2.2908892E7,53.825535,143.20665,541.10516,
609,581.4317345832335,4.450801,,,,,,,,,,,0,0,0,0,0,0,0,165241.92,0,0,0,
610,459.2201395919843,4.4839134,,,,79,61,[M+Na]+,,2,610;615,436.23093,636.724,0,110.01709,202.1909,10984.382,3014.7563,5152.4844,0,36515.117,5492.651,0,
611,1097.5494148819957,4.501474,,,,57,63,[M+Na]+,,2,612;611,1074.56084,0,0,0,0,41.05988,0,6644.501,10973.876,0,43.99037,0,
612,1092.595304136823,4.5092096,,,,57,63,[M+NH4]+,,2,612;611,1074.56084,0,0,0,0,0,0,32970.113,64849.758,0,0,0,
613,216.1958729087037,4.5115356,,,,,,,,,,,4296.7236,7820.0254,24904.053,3957.5906,4702.769,2518.8003,7408.7783,3950.4236,3594.0063,4596.0527,4538.552,
614,555.278119807386,4.5128884,,,,78,65,[M+Na]+,,2,616;614,532.28888,0,0,28.212072,2165.5415,1862.8195,1258.7538,20926.688,0,12855.625,38.298927,372.4892,
615,454.2647698611907,4.5160685,,,,79,61,[M+NH4]+,,2,610;615,436.23093,4275.9585,0,0,2553.248,0,19440.168,0,0,40797.86,9891.586,5390.055,
616,550.3226869374053,4.5150046,,,,78,65,[M+NH4]+,,2,616;614,532.28888,277.02313,0,66.988785,4225.7285,873.44336,4037.8652,10494.249,0,5229.9277,17.94072,915.64484,
617,421.14730608000383,4.5223255,,,,,,,,,,,0,0,0,12.923443,0,44.20443,0,0,0,25499.223,0,
618,278.2110928693916,4.5590844,,,,,,,,,,,233.30962,0,8.603667,4650.61,30.75455,0,45245.285,20.63071,0,35.928032,2302.0933,
619,1045.1133029223088,4.596988,,,,,,,,,,,0,0,0,0,5206.44,0,0,0,0,0,0,
620,311.18283539118823,4.5975614,,,,,,,,,,,0,10.85752,0,0,0,26858.9,5784.401,81.67199,3024.614,0,21567.236,
621,291.19547077968656,4.603927,,,,,,,,,,,3213.829,0,5329.864,3324.442,4355.3267,4297.895,8956.639,17563.818,4861.153,10217.01,4546.869,
622,1025.969265003523,4.609135,,,,,,,,,,,0,0,0,0,0,0,0,0,0,5619.6978,0,
623,386.1815409967055,4.642682,,,,48,68,[M+NH4]+,,2,623;624,368.14746,0,0,0,7.835928,0,2904.8481,42.909317,0,0,23219.748,0,
624,391.1364269192203,4.644007,,,,48,68,[M+Na]+,,2,623;624,368.14746,0,0,34.21599,25.483374,0,6687.8247,133.09567,0,0,73017.73,0,
625,439.3573500992417,4.6575265,,,,,,,,,,,0,0,0,0,0,0,19823.453,0,23.317858,5078.9023,0,
626,437.21486720394273,4.6535654,,,,,,,,,,,0,0,4219.234,779.49695,33641.324,2101.087,15004.106,24768.217,1412.9708,6121.285,942.0275,
627,531.3506405520873,4.678859,,,,,,,,,,,0,0,0,1812.8324,68799.78,5354.9014,186325.11,0,33448.836,77036.92,848.33716,
628,491.3583158978636,4.694259,,,,,,,,,,,1598.2914,0,169.31949,108.57324,3371.2976,154.1269,17506.69,92.959595,1517.3337,2205.5688,0,
629,504.28067074709713,4.705154,,,,,,,,,,,34.62358,0,1629.7695,6358.007,268.70068,14615.204,13538.629,145.33568,40.45519,7930.646,1866.6111,
630,418.2437608260348,4.7211914,,,,61,,,,,,,89.771835,0,110.5437,2413.829,13.760246,28126.006,0,107.75497,25.206333,13.520768,5739.068,
631,446.2754637132827,4.726597,,,,,,,,,,,0,0,40.459717,710.32043,0,9288.724,24.729382,84.48205,0,0,1603.9121,
632,221.15362572449115,4.7294097,,,,61,,,,,,,421.7759,21.323166,553.5639,8839.025,179.28175,78555.97,0,707.584,0,470.77588,16322.915,
633,423.19896245320535,4.723891,,,,61,,,,,,,220.57034,0,393.3501,13967.629,21.199245,107458.47,24.109829,1588.3187,94.09861,433.44055,31129.76,
634,237.07535260473574,4.7319984,,,,,,,,,,,10.633274,0,44.79011,14.395976,84499.59,23.63158,69.01364,11.930364,33.537632,63.812954,18.772396,
635,603.2779592838922,4.7362905,,,,,,,,,,,0,0,12.365179,0,203.24812,0,81704.266,14.366365,670.71985,10.292654,0,
636,368.2269058513983,4.742013,,,,,,,,,,,89.37996,0,221.9748,37.202305,20183.514,111.626465,210.97809,0,115.03476,5719.165,0,
637,563.2843806303925,4.741075,,,,,,,,,,,0,0,0,0,18.232439,0,12146.652,0,132.57413,0,0,
638,598.3214949265334,4.7440434,,,,,,,,,,,0,0,187.65576,82.64522,41.707966,109.49981,13182.542,60.70021,180.6466,111.0268,609.88007,
639,408.3321576700985,4.7591815,,,,68,,,,,,,1999.5956,0,346.7686,4180.4585,5340.4443,1133.9327,0,39.843147,26468.73,3434.9136,636.2452,
640,420.22288421611375,4.7634254,,,,,,,,,,,0,0,0,0,78207.125,2344.8088,1273416.9,0,75012.46,50133.234,21.920206,
641,864.3740512797946,4.767316,,,,,,,,,,,0,0,0,19668.127,0,0,0,0,0,0,0,
642,1152.1648535291772,4.772447,,,,,,,,,,,132.57976,0,0,230939.12,0,0,0,0,0,0,0,
643,385.25616393471984,4.7875786,,,,68,,,,,,,0,0,0,55565.195,67931.734,0,35401.16,0,164327.52,0,0,
644,827.3673405784488,4.7929535,,,,,,,,,,,0,0,0,0,0,0,12757.076,0,0,0,0,
645,425.17889759800374,4.7979236,,,,,,,,,,,98.6293,0,635.72144,3459.186,7573.9727,39.297142,0,244.14307,34798.453,1296.6488,139.32884,
646,226.1801669578559,4.854635,,,,,,,,,,,10717.161,21029.672,25522.348,36626.227,25387.574,6803.6704,15033.644,0,29847.494,8057.9653,13106.018,
647,1155.1518053267735,4.854555,,,,,,,,,,,0,0,0,147231.81,0,0,0,0,0,0,0,
648,266.172679548526,4.855332,,,,,,,,,,,4056.6226,7048.0156,8004.154,45455.71,15207.25,2742.2415,12537.186,5815.2534,23875.168,4998.805,4360.5127,
649,974.5321970140885,4.875361,,,,,,,,,,,0,0,803.0486,0,440.49615,0,669.9415,15562.853,1158.4331,641.64105,0,
650,855.116850432925,4.8816037,,,,,,,,,,,10.005505,0,0,53967.57,0,0,0,0,0,0,0,
651,855.3667937759109,4.8838787,,,,,,,,,,,10.863942,0,0,46199.93,0,0,0,0,0,0,0,
652,1139.8208811161314,4.8846445,,,,,,,,,,,400.34827,0,0,734056.5,0,0,0,0,0,23.717085,0,
653,1147.1474774286726,4.8922133,,,,,,,,,,,36.867516,0,0,51399.344,0,0,0,0,0,0,0,
654,246.24281222871625,4.9006557,,,,,,,,,,,1914.69,2825.6287,110989.01,10379.323,1542.9344,4938.5796,2067.3054,1791.79,11897.401,1896.7169,1645.3644,
655,262.2376960651353,5.002837,,,,,,,,,,,830.734,974.04443,120652.96,4734.54,0,1137.7676,734.07947,767.5871,7519.3857,591.9536,893.7034,
656,292.22695976048436,5.006315,,,,,,,,,,,176.0226,0,0,2398.2651,17.463923,0,18275.455,0,0,26.492107,1015.9629,
657,179.1431259448426,5.0176687,,,,,,,,,,,6752.4165,60.798996,11461.141,398.97162,41165.93,5968.804,31455.695,9701.799,8208.344,16103.257,14631.717,
658,181.12236000841438,5.164418,,,,,,,,,,,7453.6826,261.22852,29726.799,13368.151,50969.54,50018.652,24089.537,23531.604,51779.18,30985.508,30221.156,
659,228.10190402744973,5.2422295,,,,,,,,,,,0,0,0,0,66366.11,0,0,0,0,0,6659.385,
660,249.18492278111498,5.3564487,,,,33,,,,,,,3974.32,49.014847,2027.5801,5393.8384,978.5639,19684.275,275.50085,1145.8273,478.85965,2365.603,21858.297,
661,451.23059595625375,5.3568687,,,,33,,,,,,,3036.2427,0,1323.7242,5708.366,1168.8358,23357.549,200.78592,1525.1702,341.36313,2761.705,29265.764,
662,1130.1001071517067,5.4130616,,,,,,,,,,,64.79944,0,0,37956.562,0,0,0,0,0,15.738105,0,
663,1135.775573655098,5.4145317,,,,,,,,,,,68.97035,0,0,37110.504,0,0,0,0,0,0,0,
664,439.1938569424728,5.5067058,,,,,,,,,,,0,0,0,0,362.29495,0,20612.785,0,23.631077,0,0,
665,291.19538161325534,5.514029,,,,,,,,,,,20405.676,33.796932,42207.676,19597.951,39575.3,23856.145,23838.66,58754.777,44453.766,33841.523,45435.258,
666,678.3500258124063,5.7751813,,,,,,,,,,,0,0,0,0,0,0,59211.246,0,169.28535,0,0,
667,700.3316629901226,5.774547,,,,,,,,,,,0,0,0,0,0,0,6895.5396,0,0,0,0,
668,186.09171562782853,5.8809795,,,,,,,,,,,0,0,0,0,323110.6,18.317505,0,0,0,0,0,
669,290.2689643512929,5.8824434,,,,,,,,,,,6828.7915,10069.413,53200.77,7125.17,0,5640.3594,8244.478,8710.27,11622.439,7079.6167,6311.288,
670,897.5202368116385,5.8864822,,,,,,,,,,,0,0,61.272724,0,109.076996,0,0,6434.254,10.354177,0,0,
671,188.07074065151585,5.892569,,,,,,,,,,,61.83227,0,38.14328,41.308342,399540.6,104.737274,33.808403,0,41.5894,27.71804,65.61834,
672,325.0915865106659,5.892251,,,,,,,,,,,39.405937,0,0,0,14671.014,10.138762,419.45218,15.756384,0,0,0,
673,265.17968808436393,5.9093494,,,,,,,,,,,5218.9546,105.77472,1506.152,97.9799,50717.81,466.29578,7139.0654,8160.3296,750.32153,4783.1426,1854.6924,
674,257.1899934967104,5.9964733,,,,77,,,,,,,13313.3125,0,32520.482,8712.412,10313.724,11847.762,12920.019,26313.723,27951.648,25531.525,20455.652,
675,275.200617355232,5.997559,,,,77,,,,,,,51356.113,21.239567,63382.92,18655.752,43342.984,48300.605,42606.496,58750.79,60072.918,62277.33,45013.793,
676,616.1766862635191,6.0160594,,,,,,,,,,,9.19069,0,0,0,31680.14,1458.8738,287.81122,0,0,0,0,
677,913.5154681832413,6.049231,,,,,,,,,,,0,0,0,0,0,0,11839.07,173.81946,0,320.85193,0,
678,671.3244263365249,6.062507,,,,,,,,,,,105.123985,0,11.07102,464.82416,237.04962,72.27825,853.12994,83.52416,46.157383,58.04089,21906.791,
679,163.0390089121097,6.0655594,,,,,,,,,,,314.32703,0,77.38006,200.72429,589.94727,233.01762,39412.06,367.55695,400.044,361.8215,78.293045,
680,619.3127030967389,6.1007757,,,,,,,,,,,0,0,0,0,0,0,0,0,7617.9,0,0,
681,455.3515226453046,6.107969,,,,,,,,,,,0,0,0,13.011103,0,0,40213.64,0,604.92865,296.56964,0,
682,680.3655085876435,6.1242642,,,,,,,,,,,0,0,0,0,0,0,12131.462,0,429.1744,0,0,
683,690.3498248379706,6.214337,,,,,,,,,,,0,0,0,0,0,304.6929,0,0,15941.236,0,0,
684,249.1848291989203,6.324202,,,,,,,,,,,7166.255,37.16721,22436.502,233.32796,0,8867.277,7387.426,101669.96,11549.056,17476.66,16825.44,
685,384.2901534635348,6.332238,,,,,,,,,,,173.5185,0,0,609.3757,0,0,12658.037,0,0,13.3906,265.76874,
686,677.3547072379757,6.3919024,,,,,,,,,,,0,0,0,0,0,0,0,0,13459.124,0,0,
687,338.26664981187776,6.419139,,,,47,70,[M+Na]+,,2,688;687,315.27746,13718.096,0,6694.6724,14334.981,997.0859,0,2201.561,1190.4248,2481.1963,1999.3456,39077.754,
688,316.2847594201748,6.421265,,,,47,70,[M+H]+,,2,688;687,315.27746,245241.9,27.409134,140799.12,214571.23,24258.824,28241.688,79266.66,54482.71,71698.6,77589.3,614528.6,
689,453.16744235215884,6.521324,,,,25,71,[M+K]+,,2,692;689,414.20437,7660.7544,0,17047.613,59587.754,5365.744,6842.664,5118.3906,15754.886,19073.105,11020.162,11083.086,
690,446.25386061644366,6.5220428,,,,25,,,,,,,8379.698,21497.08,20582.352,45774.906,5787.134,5407.8804,7092.466,14423.305,24834.646,7371.4644,14106.673,
691,415.2116000130938,6.522508,,,,25,71,[M+H]+,,2,693;692,414.20437,37218.586,151644.22,83628.7,188086.69,17169.354,22613.203,28634.16,51532.043,101669.42,17533.902,60311.746,
692,437.193593600553,6.522508,,,,25,71,[M+Na]+,,4,693;691;692;689,414.20437,32257.23,100507.72,68074.25,140964.2,13752.058,18014.086,24511.635,43651.395,79543.38,14100.812,50972.91,
693,432.23832332448416,6.522162,,,,25,71,[M+NH4]+,,3,691;693;692,414.20437,28847.258,249456.05,126774.61,302611.5,27098.033,36510.383,24668.531,80043.8,159466.86,26586.926,93145.21,
694,460.26946006285834,6.522508,,,,25,,,,,,,46979.594,155374.27,106317.125,237593.14,21813.568,30194.863,19902.654,68199.35,137069.3,22314.19,81198.055,
695,336.2899656895769,6.588057,,,,23,,,,,,,33.46311,0,0,4840.3154,1522.9167,0,130.1508,0,0,0,189923.89,
696,325.2374099383732,6.5876546,,,,23,,,,,,,8353.271,10.99424,4560.2734,5102.0186,7669.0283,3840.905,12381.316,18166.955,5651.012,4409.8896,27723.438,
697,504.31722299531066,6.587947,,,,23,73,[M+NH4]+,,3,699;698;697,486.28329,30923.541,0,14593.611,19796.258,57897.684,12593.259,53156.613,70697.71,21355.105,13482.844,170486.02,
698,525.2461965676833,6.5886216,,,,23,73,[M+K]+,,3,699;698;697,486.28329,2888.6418,0,1275.8893,1992.1208,4432.8506,1070.8497,3819.608,3938.7847,2073.8096,1034.2579,11779.08,
699,509.27263879980876,6.589041,,,,23,73,[M+Na]+,,3,699;698;697,486.28329,23919.797,0,10524.034,24254.84,44563.625,9745.253,37753.633,63988.312,19610.832,9301.336,183163.25,
700,302.3053988353697,6.6259136,,,,,,,,,,,7781.8086,8031.7876,23423.043,12162.17,7226.234,0,0,0,24472.553,8655.968,12992.68,
701,282.2066886490223,6.627321,,,,,,,,,,,11.490165,33.212406,25.66663,9.513003,11.7210865,32.01558,35.116844,53774.92,27.207336,21.097612,20.715202,
702,299.25834374213895,6.6804404,,,,,,,,,,,11.164605,0,0,4203.964,46.673832,22525.799,0,0,469.05283,11.377703,2413.6255,
703,766.4738074501056,6.678581,,,,,,,,,,,0,0,143.06091,11.287037,4266.4316,0,908.90533,8184.7637,0,11.040584,0,
704,339.2510223112332,6.6815166,,,,,,,,,,,12.733222,0,12.29015,3832.4448,37.378155,28265.28,11.60461,0,518.0255,0,2498.8303,
705,318.3002791827287,6.7121096,,,,,,,,,,,74364.375,208.01274,14881.41,59349.082,6888.3306,15808.27,6765.4775,4988.945,16966.934,41944.742,75129.69,
706,599.4095417019848,6.759198,,,,,,,,,,,2160.7952,0,4295.9165,27511.287,11547.331,23680.07,25987.195,10275.377,2171.4363,3613.0151,12202.832,
707,293.2109581892698,6.804738,,,,,,,,,,,84749.63,107.11888,6288.173,1593.9562,247133.5,1443.121,236098.23,123991.37,36052.438,58043.36,0,
708,300.28970119248277,6.8070207,,,,,,,,,,,345.6925,63.051674,234.38268,890.9728,267.04175,740.21826,100.05469,241.11778,439.24936,221.70026,59816.523,
709,699.35589781928,6.815875,,,,59,76,[M+Na]+,,2,709;710,676.36677,1932.7208,0,0,39256.77,4907.698,3338.533,696.2408,1654.7789,0,90.77556,315572.1,
710,694.4006884750037,6.816609,,,,59,76,[M+NH4]+,,2,709;710,676.36677,0,0,5922.356,72337.79,0,16278.488,0,11571.747,5899.89,0,515098.94,
711,430.2801210207177,6.852071,,,,,,,,,,,54.954033,0,0,587.54156,195.83072,0,32.33734,0,115.42203,102.30289,83510.7,
712,677.3740537730996,6.870509,,,,,,,,,,,0,0,0,1722.7448,0,0,0,0,0,0,9152.632,
713,518.3244555582486,6.874781,,,,,,,,,,,8160.756,0,68548.45,12578.745,69489.08,11565.152,76654.58,28048.5,10711.248,16728.406,90522.984,
714,347.2370704879048,6.900529,,,,49,,,,,,,1844.2096,0,4169.897,1857.6477,1472.7646,2990.0103,2510.6794,4859.378,5034.4453,5053.919,12144.744,
715,365.247656667544,6.900079,,,,49,,,,,,,2839.8657,0,4170.3945,2954.4763,1740.7778,4763.45,3082.2705,4678.303,16304.384,5577.7637,35110.566,
716,343.22687500929476,6.914699,,,,,,,,,,,21490.553,0,48639.07,0,45693.242,0,0,57901.98,45913.336,36312.438,44198.242,
717,322.2740625289281,6.9509597,,,,,,,,,,,78.29442,0,373.55396,1614.353,3996.6665,251.73396,2401.8728,587.17413,215.11504,406.8278,50899.21,
718,353.26847049222505,6.955804,,,,,,,,,,,831.879,0,952.0987,5500.027,1822.4421,1129.3585,1147.1302,1260.667,748.02765,1083.4567,58462.066,
719,715.3297953444986,6.9512606,,,,,,,,,,,0,0,0,774.1022,142.43102,13.571476,21.665379,0,0,0,16408.842,
720,277.21644972437406,7.1156864,,,,,,,,,,,21195.055,14.308357,23458.684,925.1403,22832.672,8922.767,7846.2153,55400.582,8924.785,13935.061,33912.273,
721,391.26328446156356,7.184237,,,,16,,,,,,,10521.285,0,57875.484,11993.357,6175.9546,24179.127,38366.145,62484.977,12267.68,62724.336,112749.39,
722,373.2530161120661,7.185537,,,,16,,,,,,,11559.28,0,33717.69,11785.4375,7024.942,18547.64,25117.586,39858.133,34407.76,40698.164,62003.723,
723,364.3205867017278,7.2377853,,,,,,,,,,,308.86374,0,45.352657,43892.594,12550.933,261.01398,3478.6824,106.94506,0,264.73657,994708.75,
724,594.3179717262138,7.2476172,,,,,,,,,,,21517.824,0,34480.598,7872.629,0,28199.406,17866.523,1454.9038,19604.762,27591.6,18880.812,
725,327.3364262363171,7.267794,,,,,,,,,,,14056.201,0,0,6050.2417,9892.842,22652.568,18984.967,1378.0076,10088.02,6676.7676,6924.854,
726,376.3207490955116,7.305082,,,,,,,,,,,513.18225,0,152.92856,366.1187,271.05957,21.248363,85592.73,0,0,130.97144,548.1695,
727,478.29234210193886,7.347574,,,,,,,,,,,0,0,0,15278.435,64883.066,0,79168.61,0,0,0,140571.2,
728,599.408791280559,7.348273,,,,,,,,,,,16976.812,0,32235.855,9894.176,102995.87,9466.891,15612.842,54927.73,15870.122,20597.537,7901.3457,
729,520.3396249920818,7.36078,,,,,,,,,,,0,0,72733.94,89218.195,132506.78,60687.273,146295.94,0,73741.84,81974.51,306944.0,
730,353.26836033818796,7.373619,,,,,,,,,,,22084.557,0,3354.2007,10991.135,10825.037,10941.853,23697.01,25138.08,12974.574,21764.188,0,
731,553.2764574007256,7.404321,,,,,,,,,,,0,0,1624.4961,0,360.94632,6808.22,14468.642,0,4152.299,9490.36,0,
732,532.3479510357065,7.417768,,,,26,80,[M+NH4]+,,4,733;732;738;734,514.31398,135844.94,0,53103.63,139086.88,142174.64,96440.305,160105.64,199986.75,92969.93,149671.19,504918.8,
733,515.3212717638513,7.421172,,,,26,80,[M+H]+,,4,733;732;738;734,514.31398,4479.3965,0,20.823462,2616.1665,0,55.167824,5753.5845,5503.242,26.838234,3166.1523,14471.389,
734,537.3032158274723,7.4234414,,,,26,80,[M+Na]+,,3,733;732;734,514.31398,132455.33,0,0,153863.62,149147.56,100467.55,153779.95,173407.78,89110.6,144576.62,527981.25,
735,447.25015120629877,7.440797,,,,39,82,[M+Na]+,,3,735;736;737,424.26091,56074.65,0,53786.254,8624.652,1082.3235,62867.543,33302.637,38068.742,121799.625,69447.71,90178.8,
736,407.2577082229076,7.4415903,,,,39,82,[M-H2O+H]+,,1,735,424.26091,41200.8,0,45230.773,2484.4102,765.7569,48925.848,24575.82,8578.846,17459.168,79532.27,173718.05,
737,425.2680876238901,7.4433126,,,,39,82,[M+H]+,,1,735,424.26091,22805.816,0,46169.844,1759.7743,834.6279,27778.22,23734.432,28413.463,60066.11,54763.375,88351.71,
738,1051.6168357935944,7.443922,,,,26,80,[2M+Na]+,,3,733;732;738,514.31398,0,0,0,0,0,0,2281.8062,0,0,0,11116.607,
739,618.4272303119692,7.483224,,,,,,,,,,,2284.6477,0,4922.8306,14185.033,12818.267,6412.836,4628.9385,6896.252,2011.978,3514.4873,3608.0515,
740,243.13547920559205,7.5031524,,,,,,,,,,,33482.39,84496.78,24701.633,26784.062,22064.082,25382.143,27620.695,25071.873,27747.658,27961.367,0,
741,366.3364925965578,7.6280785,,,,,,,,,,,0,0,0,1943.2244,454.6505,71.69402,114.35401,23.7075,11.358199,68.87266,29159.955,
742,458.3107523142574,7.6495614,,,,,,,,,,,252.37482,0,152.62292,17480.584,877.26807,147.7055,0,36.42573,206.00284,884.4766,587257.7,
743,417.2789880898648,7.6763353,,,,,,,,,,,21314.662,0,31819.254,2785.6587,17330.148,22630.549,25347.361,42059.887,31822.861,28708.05,25193.66,
744,558.3633185796585,7.7216926,,,,,,,,,,,91.222145,0,140.92712,41.948837,48.94945,152.78772,670.5424,1537.5608,655.5485,34.899944,35326.777,
745,463.2667928819855,7.7428513,,,,,,,,,,,0,0,0,135.19814,9440.761,0,0,0,0,0,482107.3,
746,502.337159297007,7.8103237,,,,,,,,,,,0,0,0,835.8282,14.228514,0,0,0,0,0,29387.264,
747,454.29284668858907,7.8343096,,,,,,,,,,,6738.346,10.489413,21138.78,9802.282,49448.53,4247.7393,41315.613,8465.039,9007.477,27310.715,114818.5,
748,496.33983364822797,7.8726335,,,,,,,,,,,37080.207,49.593853,60499.184,59162.28,83594.72,32556.121,79851.71,46939.867,41497.914,61484.09,173218.75,
749,539.319137658357,7.8807707,,,,,,,,,,,4048.5823,0,713.55084,3291.2449,1538.2017,1472.3663,1490.727,7838.782,1247.7051,4794.234,12902.275,
750,572.3423559400704,7.8954406,,,,,,,,,,,0,0,0,0,0,0,0,0,0,0,33854.2,
751,577.3346552652196,8.014547,,,,46,83,[M+Na]+,,2,751;752,554.34551,381.12326,0,668.44507,390.29092,369.8386,430.2291,1567.4878,24603.309,11581.055,160.4961,62207.8,
752,572.3794051526806,8.042526,,,,46,83,[M+NH4]+,,2,751;752,554.34551,264.90643,0,555.74963,177.3952,103.94333,402.56308,1865.9641,18744.12,9361.283,190.71985,58215.727,
753,460.3260870003331,8.176953,,,,,,,,,,,32.191452,0,0,216.60437,0,34.193413,0,0,12.837044,132.66933,20181.646,
754,435.28887554088004,8.198233,,,,,,,,,,,66060.16,0,82534.98,4970.577,7502.7393,9202.529,71462.9,92550.18,76303.46,5887.933,82568.445,
755,409.2732574292205,8.197029,,,,,,,,,,,123220.305,0,176039.72,93814.664,163526.83,137015.2,137626.62,275707.97,226646.62,199464.77,288828.75,
756,489.2969916542247,8.2159,,,,,,,,,,,65608.27,0,62282.105,38722.21,31703.889,57870.04,60648.27,74891.89,58825.027,48215.78,54879.35,
757,349.25251813398546,8.2950535,,,,,,,,,,,4921.898,0,9095.668,3500.3628,4448.923,5760.084,5293.2666,5924.987,17615.686,16051.679,19612.645,
758,618.4247834715269,8.402773,,,,,,,,,,,5169.4604,0,66748.49,8120.6074,27057.475,93961.91,7778.2017,9446.349,55284.086,81672.57,5440.444,
759,632.4445155185938,8.462482,,,,,,,,,,,3428.112,0,3293.547,19226.725,9345.206,5410.3154,6779.913,16484.93,1986.1416,3130.0183,4369.062,
760,370.2956858214189,8.498171,,,,,,,,,,,3215.3564,103.30737,6587.6753,3427.8186,9555.209,18603.125,5080.0557,4733.1523,6542.5938,6867.172,17192.41,
761,375.2684850206224,8.540081,,,,7,,,,,,,94679.445,0,138295.72,55937.316,44138.86,68274.29,100845.3,105812.305,146710.78,143770.17,188987.55,
762,393.2785115273219,8.541058,,,,7,,,,,,,282805.03,0,343601.72,180512.02,68757.72,264040.75,302428.47,280151.78,356513.44,364770.6,322939.88,
763,633.4125892666308,8.549775,,,,,,,,,,,37558.562,0,73444.45,0,79.31788,65027.387,29844.244,4792.491,43720.066,62157.23,0,
764,644.4942863846892,8.561112,,,,,,,,,,,46396.73,43023.94,42762.703,44885.336,44075.375,48594.9,47725.266,52518.57,48484.945,47817.883,44868.35,
765,299.2005342091011,8.56761,,,,1,85,[M-2H2O+2H]+2,,2,766;765,632.40739,76114.805,0,141065.2,17385.28,301.8866,124480.12,65178.97,103205.516,102636.94,141627.97,148638.95,
766,655.3963444306071,8.569546,,,,1,85,[M+Na]+,,2,766;765,632.40739,95755.89,0,10322.848,1881.1903,0,128226.14,78539.84,112109.695,112522.766,167234.97,139020.25,
767,600.46801916747,8.575342,,,,,,,,,,,65422.06,56861.14,60549.656,64165.297,62013.574,66816.69,66489.06,72932.9,65397.055,64534.016,61674.26,
768,581.39899706369,8.603684,,,,,,,,,,,82958.89,0,147352.14,119227.36,499.2874,273275.16,123282.75,134749.8,112347.13,172955.67,249387.23,
769,305.2469208215529,8.612022,,,,,,,,,,,0,40.194096,243.82365,667.1536,19.113468,17581.605,0,0,32.145733,33.329372,21860.99,
770,607.25416100688,8.666316,,,,,,,,,,,5831.195,0,5883.9927,1576.3794,4850.669,4189.082,4679.275,2891.0144,4451.1646,4822.0557,102766.84,
771,700.4544451492357,8.680548,,,,0,,,,,,,4389.2114,0,47086.746,2455.8137,35935.074,30243.322,13276.182,89577.234,23240.604,3702.1445,1716.4167,
772,658.4081603147927,8.684748,,,,0,,,,,,,14079.96,0,33456.406,2483.7837,22055.521,23837.418,9228.475,52843.594,16033.68,10622.916,2070.3696,
773,401.28402060021307,8.6889925,,,,,,,,,,,13248.143,0,16947.305,28143.268,231154.9,14218.947,19104.43,73520.64,14265.985,15421.981,9484.218,
774,691.402306507823,8.811083,,,,,,,,,,,27216.006,0,36166.43,17108.664,58736.156,78135.7,37749.43,20916.637,56318.656,59884.074,21903.014,
775,623.2855768025362,8.82757,,,,,,,,,,,23307.363,0,86132.42,18.032291,23.955544,90.24556,113.17218,214.38419,386.58716,64088.926,449.2464,
776,602.4269628571811,8.9175,,,,,,,,,,,41780.266,0,0,0,20267.232,94638.86,63924.55,17663.256,10226.702,61387.152,11570.545,
777,279.2319163564944,8.952559,,,,,,,,,,,4971.962,23.922544,3897.1096,24328.9,38715.523,10697.976,55466.57,10514.953,28689.543,27580.68,219825.83,
778,463.2818670534555,8.968305,,,,,,,,,,,0,0,0,955.77924,0,1901.6115,0,0,0,0,205346.47,
779,337.2736631262984,8.995402,,,,,,,,,,,29.636196,0,0,778.4384,4402.9727,222.70747,100.2454,82.07486,70.94682,78.001144,71640.22,
780,655.3954239478211,9.014655,,,,,,,,,,,4984.292,0,172510.14,0,0,6986.2646,3907.8235,1663.7764,5991.8037,6939.7427,0,
781,702.4712661257377,9.138794,,,,36,,,,,,,59506.457,0,79911.17,42127.895,111418.195,57135.027,58032.31,136616.4,62339.27,47214.027,0,
782,660.4235990602926,9.150233,,,,36,,,,,,,50976.43,0,47653.984,25465.709,53750.66,36070.457,27377.111,83941.19,34601.812,36400.45,15379.1875,
783,843.48627251015,9.154181,,,,,,,,,,,1456.6858,0,6558.888,7346.366,44691.75,29504.82,15094.58,8148.842,20615.977,23347.363,1447.2573,
784,861.5356387065445,9.183971,,,,,,,,,,,11209.673,0,11155.758,13668.901,27767.781,50175.168,14978.214,19412.525,18659.1,22822.645,16659.166,
785,638.439610364087,9.224888,,,,,,,,,,,16748.396,0,29269.252,0,19387.984,10443.152,6530.8926,37900.11,8507.99,8803.232,5498.3804,
786,800.5101274785044,9.229952,,,,,,,,,,,4510.27,0,5487.444,97.78381,48034.445,12509.736,10196.222,445.271,13393.868,2518.083,2195.2507,
787,415.29993913463403,9.27622,,,,,,,,,,,13380.298,0,14662.5625,7352.161,3204.1577,9637.333,13531.3125,12044.035,33444.863,35277.492,17017.453,
788,639.4021954197073,9.292505,,,,,,,,,,,140214.98,0,38555.56,66181.234,66296.164,23206.799,22701.672,31428.598,122271.54,33461.508,19246.656,
789,617.4201416356233,9.299765,,,,,,,,,,,194195.61,0,325023.5,20871.672,90418.17,336232.22,166029.78,355234.28,23203.225,246835.19,36258.125,
790,392.2801787795131,9.301826,,,,,,,,,,,0,0,286.58978,5173.7666,0,1610.8606,0,0,0,0,112741.875,
791,701.4610502919892,9.301048,,,,,,,,,,,0,0,284.83328,202.29237,0,0,39.52952,0,0,0,84108.85,
792,826.5228540166293,9.310863,,,,,,,,,,,16223.652,0,136191.64,10046.92,90179.82,84076.76,42619.63,206165.61,57412.043,28198.594,5059.088,
793,784.4758272354234,9.319214,,,,32,87,[M+H]+,,1,794,783.46757,20016.816,0,89446.875,9406.469,31893.9,60660.656,8928.506,119459.5,23216.148,27660.914,7028.34,
794,806.4557975395458,9.323145,,,,32,87,[M+Na]+,,2,793;794,783.46757,1318.9409,0,7053.38,576.5804,4640.8906,4871.9277,685.76465,7529.3325,1880.4908,1533.8394,164.72452,
795,668.3472985025811,9.362026,,,,,,,,,,,9912.171,4881.7173,5567.6553,112.37575,0,0,7347.1353,171.27328,4652.318,163.48921,3975.5527,
796,637.3060284779532,9.365454,,,,,,,,,,,0,26161.57,0,411.3956,393.11942,162.18185,20102.36,628.9693,0,449.83875,11981.115,
797,609.2704554504264,9.432286,,,,,,,,,,,4955.381,0,8139.9355,127.75681,69.31128,475.8031,790.9044,0,1698.1313,9828.239,0,
798,716.5533351515205,9.457719,,,,,,,,,,,0,41020.13,1600.4479,26817.57,5156.2563,1382.8572,1596.9333,30680.832,35964.883,0,0,
799,621.2710641201688,9.467968,,,,18,88,[M+H]+,,3,802;801;799,620.26356,2611124.0,0,3484964.5,434597.53,340789.53,792081.06,1169613.0,2505090.8,1212709.6,4396200.5,2759289.5,
800,672.5259694315913,9.47431,,,,,,,,,,,54133.81,71635.81,60595.598,80723.27,53853.1,58125.504,55412.215,98774.38,84062.125,85872.95,84096.266,
801,659.2267432320602,9.475363,,,,18,88,[M+K]+,,3,802;799;801,620.26356,56677.773,0,67892.37,3957.8062,5390.3135,5554.2227,25242.865,45324.03,27089.156,79033.016,39146.293,
802,643.2525265645382,9.47864,,,,18,88,[M+Na]+,,3,802;799;801,620.26356,570796.44,0,517753.2,89354.695,66686.01,162009.27,274660.7,439928.38,283716.78,759040.1,441953.56,
803,790.5212774111176,9.489403,,,,52,,,,,,,7689.6006,0,0,15519.053,10885.457,9547.733,6953.502,8714.381,7028.869,5753.386,0,
804,748.4750656742743,9.49115,,,,52,,,,,,,47935.6,0,0,29812.324,16531.008,20492.816,12017.609,20019.826,15705.013,26079.604,5592.667,
805,628.5000189975729,9.493638,,,,,,,,,,,76864.74,117733.336,105864.32,119242.266,116858.99,119954.54,129784.67,140304.14,123581.28,127797.22,122943.08,
806,584.4733562211892,9.511794,,,,,,,,,,,110949.8,166805.39,98024.27,164934.94,151228.88,158073.86,175914.36,187263.6,169789.2,173342.92,162497.78,
807,615.4414116890172,9.552344,,,,,,,,,,,54685.395,0,47340.59,82385.58,386829.84,49157.85,52353.242,156694.89,38608.76,26466.447,25913.922,
808,678.4693441344176,9.582354,,,,,,,,,,,49585.05,0,66911.47,40111.652,89600.54,14069.421,10122.148,116670.32,47090.348,27775.822,5132.6875,
809,636.4231381618363,9.602078,,,,,,,,,,,105325.875,0,80506.84,56354.348,100327.3,75377.375,45478.582,136636.94,58931.953,54444.12,6040.5933,
810,615.2579230870488,9.636789,,,,22,89,[M+Na]+,,2,810;812,592.26879,4762.8667,0,5765.9126,4299.793,3464.027,0,0,0,6248.456,5734.16,198293.34,
811,1185.5432703529498,9.638909,,,,,,,,,,,221.61082,0,92.50288,0,130.32198,224.11371,0,0,73.68239,0,205999.6,
812,593.2761438890662,9.64022,,,,22,89,[M+H]+,,2,810;812,592.26879,174787.2,0,152639.23,175673.77,194770.31,182551.14,153155.73,151467.77,123232.29,162526.5,4730846.0,
813,829.5059061942942,9.66771,,,,,,,,,,,4794.6504,0,5222.082,38433.555,83544.914,83393.33,10433.85,59063.562,57871.664,53243.957,23432.357,
814,669.4499088444951,9.689371,,,,,,,,,,,2606.1226,0,1352.2985,36909.223,115721.734,1229.3601,1415.4503,48525.453,988.6558,661.48,560.6428,
815,181.12233162008982,9.695641,,,,,,,,,,,6960.1733,17.079725,7681.677,19652.621,867005.4,6357.809,0,40379.742,5804.2856,3875.4434,4643.202,
816,778.5092386243256,9.718675,,,,,,,,,,,0,0,0,2341.9321,7314.8965,0,0,3436.8262,32359.133,0,0,
817,783.4658753298223,9.717645,,,,,,,,,,,33483.902,0,73663.25,83230.24,203750.83,74795.15,88699.164,121660.836,189439.27,56968.406,70106.02,
818,828.5404980385003,9.731777,,,,,,,,,,,6210.399,0,175686.62,68287.086,73429.0,115419.375,0,236729.4,126968.92,100698.26,0,
819,786.4888443356024,9.741802,,,,,,,,,,,136036.73,0,148362.42,73576.086,201570.89,111819.8,106384.61,206755.16,173981.78,104041.77,62515.2,
820,226.18027297712786,9.762405,,,,,,,,,,,0,12.589401,44514.105,246.32808,1148.877,0,0,0,87.10374,0,3889.7598,
821,431.3842248953107,9.767057,,,,,,,,,,,0,25.143044,39167.344,327.88422,0,0,0,578.05396,105.30389,329.92166,2971.7869,
822,601.4250855002626,9.84033,,,,,,,,,,,236146.23,0,291977.62,92318.88,750906.94,133902.66,89982.42,445324.3,71259.23,0,223561.62,
823,433.3106133396123,9.886597,,,,,,,,,,,572.94147,0,437.7337,1509.4431,49832.117,348.8315,0,11328.915,167.33185,95.63665,99.312546,
824,827.4910654318097,9.89826,,,,,,,,,,,24892.648,0,27240.36,34907.51,72668.19,71776.64,48097.406,64268.914,82550.36,69826.8,29957.22,
825,639.4240159803271,9.899199,,,,,,,,,,,0,0,0,0,0,0,0,0,0,0,127238.68,
826,535.2707290510074,9.919309,,,,,,,,,,,7106.4062,0,165.59013,3878.3062,40051.75,4943.2344,4563.7075,3054.5996,3323.245,2518.047,116992.61,
827,634.4681586162615,9.931768,,,,,,,,,,,0,0,0,0,0,0,0,0,0,0,98641.52,
828,623.4070469202727,9.940746,,,,,,,,,,,113874.59,0,2544.1484,7203.4243,0,194799.53,157263.11,98623.04,175381.86,209389.34,77300.92,
829,804.5507748405133,9.941141,,,,,,,,,,,0,0,29558.49,2389.5852,0,20743.32,114472.06,35519.242,8508.003,113986.65,0,
830,637.4235621104908,9.939974,,,,,,,,,,,0,0,629.0992,2716.7188,60794.99,99.688446,459.2176,3670.0103,114.69493,0,148.8735,
831,778.535883378766,9.9434185,,,,,,,,,,,216233.23,0,22622.445,8255.215,24194.266,125636.07,107181.91,12596.721,4463.0483,0,0,
832,834.5384940489289,9.9616165,,,,,,,,,,,163794.12,0,0,5134.2627,0,57322.902,10088.352,0,7332.495,0,7544.458,
