CLUSTERID1	CLUSTERID2	ComponentIndex	Cosine	DeltaMZ
422	534	1	0.9465	-14.015
1797	2041	1	0.9175	1.978
2125	2176	1	0.8574	-14.016
1008	1974	1	0.8274	13.978
1969	2176	1	0.8234	-151.001
1010	2038	1	0.8127	-99.161
497	894	1	0.8354	-1.978
1658	1832	1	0.8128	-86.073
353	534	1	0.9399	1.980
1866	1957	1	0.9306	-14.016
971	1866	1	0.8907	18.010
861	1957	1	0.8617	180.062
1008	1009	1	0.837	-1.003
2038	2042	1	0.8311	-21.982
423	728	1	0.8988	-144.043
1789	2264	1	0.8806	1.980
726	999	1	0.8091	-117.128
1439	1956	1	0.8704	0.022
769	2266	1	0.9026	1.979
1148	1957	1	0.8798	18.011
1162	2265	1	0.8109	2.017
1957	2266	1	0.8368	-18.010
1797	1959	1	0.807	-167.031
1790	1798	1	0.8837	39.958
861	1154	1	0.8181	-133.166
1323	1959	1	0.8752	13.980
838	1190	1	0.9713	1.978
2265	2266	1	0.8508	-14.016
1047	1969	1	0.907	29.973
1903	2264	1	0.8509	-26.016
535	1149	1	0.8586	18.009
517	971	1	0.8844	-16.031
1010	2264	1	0.8166	180.062
1974	2263	1	0.9319	0.000
769	894	1	0.8335	-15.994
726	2265	1	0.8161	162.053
861	2266	1	0.8917	162.051
497	2266	1	0.8212	15.995
1969	2041	1	0.9289	-14.017
1162	2263	1	0.8979	18.012
497	1190	1	0.8434	2.015
838	1045	1	0.936	15.995
422	517	1	0.8143	34.042
1184	1832	1	0.8285	-32.061
1789	2263	1	0.9291	15.995
770	1149	1	0.8065	2.980
497	861	1	0.8161	-146.057
1948	1959	1	0.9535	448.230
726	973	1	0.8184	-119.144
971	1148	1	0.9644	-14.018
971	2266	1	0.9061	-14.017
422	1162	1	0.8369	15.994
1323	1439	1	0.8117	-2.015
534	1148	1	0.8474	18.009
1439	1551	1	0.8529	0.000
726	971	1	0.9268	162.054
1974	1975	1	0.9156	-265.205
1969	2125	1	0.811	-136.985
1149	1189	1	0.8545	2.015
1832	2125	1	0.84	102.068
1323	1681	1	0.8151	46.042
423	1969	1	0.8713	34.005
293	510	1	0.9402	1.979
1959	2176	1	0.8833	32.026
546	838	1	0.87	162.053
1959	2125	1	0.8556	46.042
1162	1975	1	0.8695	-247.193
1009	1189	1	0.9293	-14.018
1903	2036	1	0.9073	-26.017
534	2266	1	0.8519	18.010
517	1162	1	0.8264	-18.048
394	510	1	0.9758	-14.015
769	2265	1	0.8523	15.995
769	1148	1	0.9569	1.978
1789	2036	1	0.9674	1.978
871	1975	1	0.8253	-85.143
1046	1189	1	0.9185	1.977
971	1162	1	0.8654	-2.018
517	660	1	0.812	-192.064
1009	1046	1	0.9602	-15.995
1903	1974	1	0.9162	-12.000
1831	1959	1	0.8605	30.011
888	2125	1	0.8155	34.006
353	422	1	0.9603	15.995
2036	2038	1	0.9078	-279.221
1008	2265	1	0.8279	-2.016
728	1047	1	0.878	148.075
660	1045	1	0.8934	162.054
1008	1162	1	0.8763	-4.033
353	365	1	0.8678	0.036
1789	1790	1	0.9185	-281.199
293	394	1	0.9424	15.995
1148	2265	1	0.8616	14.017
999	1011	1	0.8977	2.015
861	1148	1	0.9181	162.051
1008	1045	1	0.8573	-15.995
971	999	1	0.8612	-279.183
407	510	1	0.8581	58.006
710	1439	1	0.8113	18.011
728	1969	1	0.8448	178.048
1974	2036	1	0.9681	-14.017
971	973	1	0.8796	-281.198
422	1008	1	0.8444	20.027
972	1009	1	0.8729	2.015
971	1008	1	0.8859	2.015
726	1866	1	0.8848	180.064
517	1045	1	0.8383	-30.010
861	1010	1	0.8618	-2.015
1974	2264	1	0.9058	-14.015
546	660	1	0.9186	15.994
973	2265	1	0.8306	281.197
1789	1974	1	0.9783	15.995
422	2265	1	0.8084	18.010
1148	2266	1	0.9316	0.001
2036	2263	1	0.9331	14.017
2036	2264	1	0.8897	0.001
1045	1190	1	0.945	-14.017
726	861	1	0.9606	-14.014
660	726	1	0.8387	13.979
1797	1969	1	0.9389	15.995
769	772	1	0.9224	-297.194
972	1149	1	0.8724	-14.018
497	534	1	0.8423	-2.015
871	1162	1	0.9412	162.050
1162	1176	1	0.9113	14.016
871	2263	1	0.8474	180.062
2263	2264	1	0.8956	-14.016
1975	2263	1	0.8713	265.205
1147	1148	1	0.8592	-0.174
1148	1154	1	0.891	-295.216
353	769	1	0.8666	18.011
143	394	1	0.8126	-8.989
973	999	1	0.9318	2.015
1008	1011	1	0.878	-279.182
888	1832	1	0.8357	-68.063
353	894	1	0.8282	2.017
420	423	1	0.8831	15.974
1903	2263	1	0.8771	-12.000
497	1148	1	0.8792	15.994
1162	1974	1	0.9439	18.011
1975	1976	1	0.9392	-265.204
769	971	1	0.9763	15.996
1959	1969	1	0.8278	183.026
726	1008	1	0.8297	164.070
517	2265	1	0.8215	-16.032
534	861	1	0.8228	-144.041
871	1974	1	0.8785	180.061
1789	1903	1	0.9131	27.995
1010	2036	1	0.8928	180.061
517	1008	1	0.8636	-14.015
769	838	1	0.8177	-13.978
726	871	1	0.9028	-2.014
1147	2266	1	0.8473	-0.174
710	1959	1	0.9118	34.006
422	726	1	0.8324	-144.043
2038	2264	1	0.8272	279.222
2041	2042	1	0.8493	-279.221
660	871	1	0.8012	11.965
407	2036	1	0.8085	-10.058
1154	2266	1	0.8898	295.217
871	1010	1	0.9436	-14.016
765	1297	2	0.7324	-15.018
2028	2121	5	0.8292	132.006
2028	2175	5	0.7032	117.990
1833	1955	5	0.9522	-0.000
1943	1955	5	0.9269	448.230
2121	2175	5	0.8444	-14.016
1955	2121	5	0.8553	46.042
1833	2121	5	0.8248	46.042
1833	1947	5	0.7267	-3.008
1833	1943	5	0.9089	-448.230
1830	1955	5	0.8115	30.010
1833	2028	5	0.7506	-85.964
1830	2121	5	0.8255	76.052
1830	2028	5	0.7738	-55.954
1943	2121	5	0.7183	494.272
1955	2175	5	0.7072	32.026
1830	1833	5	0.7922	30.010
1830	1943	5	0.732	-418.220
1830	2175	5	0.7164	62.036
1955	2028	5	0.7782	-85.964
1947	1955	5	0.7578	3.008
996	1524	6	0.798	71.985
1278	1485	6	0.7578	-13.979
1278	1589	6	0.745	60.057
744	1485	6	0.8486	148.074
733	1448	6	0.7889	0.021
1163	1278	6	0.7897	-321.143
733	1163	6	0.7754	0.021
1448	1653	6	0.9459	-0.000
1278	1524	6	0.9342	0.000
1278	1448	6	0.7965	321.143
1448	1589	6	0.7239	-261.085
996	1485	6	0.812	58.006
1163	1653	6	0.9385	-0.000
1163	1589	6	0.7138	-261.085
744	996	6	0.9617	90.068
744	1524	6	0.7988	162.054
1485	1589	6	0.7362	74.036
996	1653	6	0.7999	393.128
744	1448	6	0.8153	483.196
996	1448	6	0.8158	393.128
733	1653	6	0.7805	0.021
996	1278	6	0.8971	71.985
744	1589	6	0.8165	222.111
996	1163	6	0.8094	393.128
1589	1653	6	0.719	261.085
744	1278	6	0.9052	162.053
996	1589	6	0.8095	132.042
744	1163	6	0.8056	483.196
1278	1653	6	0.7719	321.143
744	1653	6	0.8035	483.196
1163	1448	6	0.9777	-0.000
154	190	9	0.975	-114.032
190	325	9	0.9378	-96.022
181	196	9	0.9749	-12.001
188	196	9	0.802	-276.085
178	196	9	0.9735	18.011
154	199	9	0.9377	104.048
188	1540	9	0.8109	-446.194
253	260	9	0.9318	78.032
178	199	9	0.9357	56.027
196	250	9	0.9762	15.995
190	196	9	0.9713	180.063
178	181	9	0.9779	30.012
1540	1609	9	0.9372	-2.016
154	325	9	0.9383	-210.053
196	325	9	0.9387	-276.085
181	190	9	0.9696	-192.064
154	181	9	0.9801	78.033
154	178	9	0.9759	48.021
154	196	9	0.9785	66.031
181	260	9	0.9334	15.994
188	190	9	0.8393	-456.148
250	253	9	0.9612	-66.031
154	188	9	0.8212	342.116
178	190	9	0.9641	-162.053
250	260	9	0.9478	12.001
181	199	9	0.9393	26.015
154	253	9	0.9439	15.995
181	325	9	0.9341	-288.086
753	802	10	0.9682	-17.027
1136	1138	10	0.9702	-197.069
852	1023	10	0.9744	0.002
902	994	10	0.9703	-12.002
1305	1326	10	0.9014	405.058
531	1054	10	0.9304	-42.047
1016	1526	10	0.952	-86.963
566	1525	10	0.9491	84.043
426	526	10	0.9597	0.001
803	1054	10	0.9558	-17.026
390	440	10	0.951	132.005
799	1400	10	0.8415	-55.989
440	567	10	0.9732	-174.053
900	902	10	0.9719	-17.026
803	1306	10	0.9498	-89.047
1118	1246	10	0.8892	474.080
599	1186	10	0.9423	-156.042
524	1525	10	0.9456	-45.000
753	964	10	0.9702	-51.995
799	1060	10	0.8996	0.001
852	1415	10	0.9489	-180.042
742	1817	10	0.8821	-325.080
742	1505	10	0.9162	-311.064
440	852	10	0.9552	-156.042
803	1186	10	0.9483	18.011
900	1284	10	0.9517	-60.021
1186	1380	10	0.8632	42.047
390	1136	10	0.9445	18.010
567	852	10	0.9669	18.011
753	1117	10	0.9683	-28.031
345	377	10	0.9506	-18.011
961	965	10	0.8819	45.058
540	599	10	0.8839	-26.016
1054	1400	10	0.8852	-84.021
799	1186	10	0.8568	63.069
753	1015	10	0.9489	-14.015
742	965	10	0.8839	-174.053
377	1708	10	0.9486	192.026
799	1054	10	0.9133	28.032
1023	1708	10	0.942	156.040
753	1525	10	0.9684	-135.032
524	1117	10	0.9505	62.000
1016	1525	10	0.9557	-103.990
802	902	10	0.9385	-39.994
583	1246	10	0.907	18.011
1054	1306	10	0.9105	-72.022
567	1136	10	0.9751	60.058
561	565	10	0.9565	326.064
753	900	10	0.9641	-39.995
348	1284	10	0.9599	30.010
555	1419	10	0.9068	-189.031
900	964	10	0.9834	-12.000
900	1117	10	0.9569	11.964
390	1708	10	0.9446	132.005
1138	1144	10	0.9749	-474.080
622	961	10	0.8891	-10.057
1186	1188	10	0.8951	-90.032
599	803	10	0.9699	-174.053
345	567	10	0.9652	-0.038
1188	1283	10	0.923	-12.000
566	802	10	0.9427	202.048
538	1400	10	0.8664	-47.999
526	958	10	0.9353	0.001
669	1354	10	0.8858	83.037
314	555	10	0.9549	-12.000
1188	1400	10	0.9197	-29.026
1246	1661	10	0.8954	-14.015
902	964	10	0.9651	5.026
1525	1526	10	0.9712	17.027
802	1525	10	0.9598	-118.005
377	1136	10	0.9541	78.030
440	1023	10	0.9513	-156.040
854	1536	10	0.9749	0.000
440	1708	10	0.9798	0.000
377	390	10	0.9527	60.021
1505	1817	10	0.8755	-14.016
1306	1869	10	0.8561	-166.989
566	903	10	0.9473	-264.062
902	1284	10	0.94	-42.995
377	780	10	0.9398	0.946
1118	1138	10	0.9619	472.064
622	1523	10	0.9245	95.058
854	1505	10	0.8427	-329.075
1023	1415	10	0.943	-180.044
440	1136	10	0.959	-113.996
599	1306	10	0.9349	-263.100
567	1138	10	0.9554	-137.012
345	478	10	0.9505	58.988
345	462	10	0.9407	72.020
526	964	10	0.9488	-114.033
1284	1958	10	0.9449	162.054
567	780	10	0.977	-17.027
1523	1817	10	0.8913	-211.085
1354	1429	10	0.9466	-51.994
802	1016	10	0.9642	-14.015
965	1505	10	0.8602	-137.011
1016	1117	10	0.9494	3.011
599	600	10	0.8887	-1.003
462	1708	10	0.9357	101.995
478	567	10	0.9754	-59.026
1450	1505	10	0.9287	-30.010
314	1419	10	0.9136	-201.031
900	958	10	0.9481	102.034
1186	1306	10	0.9216	-107.059
780	1136	10	0.9439	77.084
802	1511	10	0.934	-87.010
1117	1284	10	0.9473	-71.985
1054	1283	10	0.8558	-66.995
524	753	10	0.9511	90.031
684	1523	10	0.8842	35.038
387	388	10	0.9261	60.022
780	1023	10	0.9455	35.040
348	1958	10	0.948	192.064
1283	1869	10	0.8436	-172.016
1450	1822	10	0.8529	-14.015
348	900	10	0.9577	90.031
1507	1686	10	0.8513	0.002
531	1686	10	0.8778	-160.016
377	462	10	0.9456	90.031
753	1526	10	0.9699	-118.005
440	462	10	0.9454	-101.995
958	1284	10	0.9392	-162.055
314	1129	10	0.923	19.989
964	1117	10	0.9625	23.964
565	961	10	0.9247	-14.015
565	799	10	0.9408	15.995
599	1283	10	0.8785	-258.074
964	1526	10	0.9814	-66.010
524	1016	10	0.9374	58.989
524	1526	10	0.9498	-27.974
567	900	10	0.9554	-72.021
1326	1354	10	0.9448	45.057
1133	1144	10	0.92	-491.106
377	1023	10	0.9397	35.986
753	902	10	0.9469	-57.021
348	964	10	0.951	78.031
1283	1306	10	0.9322	-5.027
742	1523	10	0.9008	-113.995
531	1283	10	0.8602	-109.041
377	440	10	0.9575	192.026
531	799	10	0.8791	-70.079
599	1188	10	0.9115	-246.074
1117	1525	10	0.9631	-107.001
742	1536	10	0.9318	18.011
1144	1246	10	0.9064	476.096
599	1380	10	0.8727	-113.995
852	1708	10	0.9468	156.042
802	1117	10	0.946	-11.004
1118	1144	10	0.9647	-2.016
1117	1526	10	0.9565	-89.974
803	1400	10	0.9046	-101.047
1054	1188	10	0.8797	-54.995
799	803	10	0.8978	45.058
345	1136	10	0.9625	60.020
348	902	10	0.941	73.005
540	1028	10	0.9226	-14.016
478	1136	10	0.9618	1.032
348	1117	10	0.949	101.995
388	390	10	0.9372	17.027
1054	1060	10	0.8718	-28.031
531	1188	10	0.8857	-97.042
345	1138	10	0.9349	-137.050
1186	1283	10	0.8658	-102.032
478	1138	10	0.9381	-196.037
799	1306	10	0.8518	-43.989
1500	1511	10	0.9156	371.146
961	1523	10	0.8849	105.116
1136	1708	10	0.9435	113.996
964	1525	10	0.9723	-83.036
1305	1354	10	0.91	450.116
566	1015	10	0.9362	205.060
622	965	10	0.9588	35.001
1505	1548	10	0.9206	-488.094
1505	1523	10	0.9064	197.069
1661	1817	10	0.8759	-16.031
1133	1138	10	0.9383	-17.026
958	1958	10	0.9497	-0.001
1118	1133	10	0.9122	489.090
753	1016	10	0.951	-31.042
902	1526	10	0.953	-60.984
390	478	10	0.9423	16.978
531	803	10	0.9476	-25.021
1429	1526	10	0.95	-2.016
566	1016	10	0.945	188.033
526	1709	10	0.9328	-0.000
742	854	10	0.9269	18.011
802	964	10	0.9625	-34.969
900	1526	10	0.9705	-78.010
1548	1817	10	0.8795	474.078
1283	1400	10	0.914	-17.027
348	958	10	0.9476	192.065
84	126	10	0.8664	78.033
1015	1016	10	0.9407	-17.027
377	478	10	0.9501	76.999
345	1023	10	0.9404	17.975
684	965	10	0.9148	-25.020
964	1016	10	0.9537	20.953
390	780	10	0.9355	-59.075
345	440	10	0.9539	174.015
799	961	10	0.8596	-30.010
345	1708	10	0.949	174.015
1505	1536	10	0.8463	329.075
478	780	10	0.9491	-76.052
803	1380	10	0.885	60.058
440	478	10	0.9524	-115.027
126	1188	10	0.8555	-56.990
902	1525	10	0.9475	-78.011
478	1023	10	0.937	-41.012
1188	1306	10	0.9559	-17.027
802	1526	10	0.9628	-100.979
478	1708	10	0.9375	115.028
900	1525	10	0.9586	-95.037
426	1709	10	0.9126	0.001
1306	1400	10	0.9433	-12.000
803	1188	10	0.9205	-72.021
1415	1419	10	0.9445	18.011
388	462	10	0.9293	47.037
524	1015	10	0.936	76.016
565	780	10	0.9466	28.031
555	1129	10	0.9125	31.989
1523	1661	10	0.865	-195.054
345	390	10	0.95	42.010
679	994	10	0.9308	-0.001
377	567	10	0.9668	17.973
462	1136	10	0.9409	-12.001
390	567	10	0.9594	-42.048
622	684	10	0.9186	60.021
390	462	10	0.9531	30.010
599	1054	10	0.9204	-191.079
965	1523	10	0.9347	60.058
780	852	10	0.9435	35.038
567	1023	10	0.9681	18.013
1741	1837	12	0.8797	-86.001
1764	1882	12	0.877	145.027
1741	1839	12	0.9128	215.100
2150	2396	12	0.8611	-232.167
869	1662	12	0.8462	377.154
945	1891	12	0.895	-26.016
1932	2916	12	0.848	-341.294
1741	1844	12	0.9492	17.026
1837	1844	12	0.8722	103.027
1157	1775	12	0.87	-50.963
945	1336	12	0.9021	0.000
1764	1845	12	0.857	180.063
1657	1932	12	0.8846	14.016
1763	1764	12	0.8996	-18.010
1676	1938	12	0.9324	162.053
1928	1938	12	0.8484	-179.079
1086	1175	12	0.9171	132.042
1475	1995	12	0.9468	-0.001
659	849	12	0.8479	2.015
1843	1932	12	0.8467	24.037
1891	1908	12	0.8769	40.031
659	1891	12	0.8474	-26.016
2150	2916	12	0.8444	-341.294
1839	1882	12	0.8962	-215.100
1671	1676	12	0.8604	-30.047
1932	2150	12	0.9758	-0.000
1657	1984	12	0.9001	-0.000
1928	1932	12	0.9075	36.021
1662	2151	12	0.8642	14.016
1738	1741	12	0.927	28.031
1843	1995	12	0.8785	26.016
1931	1938	12	0.9405	-17.027
1386	1932	12	0.8436	14.016
2147	2396	12	0.8437	-196.146
1641	1775	12	0.9317	-40.943
1086	1167	12	0.9058	97.005
1851	1882	12	0.8971	28.032
1657	1853	12	0.853	-26.016
1157	1639	12	0.8905	35.038
1088	1167	12	0.8674	160.073
1676	1931	12	0.887	179.080
1741	1845	12	0.8812	35.037
1157	1938	12	0.8831	14.017
869	945	12	0.8616	377.154
915	1167	12	0.8559	132.040
1741	1851	12	0.9028	-28.032
1738	1844	12	0.9216	45.057
1741	1882	12	0.96	0.001
1738	1851	12	0.9415	-0.001
1908	2151	12	0.9273	-0.000
1175	1639	12	0.8448	-2.015
659	945	12	0.9329	-0.000
849	2194	12	0.8501	-52.990
1671	1938	12	0.9025	132.006
945	1662	12	0.9336	0.000
1931	1932	12	0.878	198.074
1837	1882	12	0.8772	86.001
1336	1908	12	0.8805	14.016
1846	1882	12	0.867	-197.089
1839	1845	12	0.8432	-180.064
1844	1846	12	0.8461	180.064
945	1843	12	0.8869	-28.031
659	1475	12	0.846	-2.015
1738	1845	12	0.8428	63.068
1845	1882	12	0.9106	-35.036
1928	2147	12	0.8531	-0.000
592	1132	12	0.8555	76.052
1763	1882	12	0.8615	127.016
1475	1843	12	0.8909	-26.017
1336	1662	12	0.9227	0.000
1662	1843	12	0.8434	-28.032
1086	1088	12	0.9031	-63.068
1845	1846	12	0.8426	162.053
1853	2209	12	0.8561	-38.016
1639	1648	12	0.8482	82.096
1853	2003	12	0.8626	12.000
1931	2150	12	0.8592	198.074
1167	1169	12	0.8669	-28.031
1657	1839	12	0.855	-28.032
1928	2150	12	0.8887	36.021
659	1662	12	0.9281	0.000
659	869	12	0.8655	-377.154
1738	1837	12	0.8527	-57.970
1844	1882	12	0.9425	-17.026
1662	1891	12	0.8462	-26.016
659	1336	12	0.9103	0.000
1730	2003	12	0.8796	11.999
1931	2396	12	0.8693	-34.094
945	1908	12	0.9347	14.016
915	1086	12	0.889	35.035
1844	1851	12	0.9031	-45.058
945	2151	12	0.8675	14.016
1167	1175	12	0.9485	35.037
1639	1775	12	0.957	-86.001
1928	1931	12	0.8914	-162.053
1662	1908	12	0.9121	14.016
1928	2396	12	0.8644	-196.146
1730	1853	12	0.8798	-0.000
1386	2003	12	0.8791	-14.016
849	1547	12	0.8493	40.031
1157	1641	12	0.893	-10.020
1891	2151	12	0.8484	40.031
945	1475	12	0.9003	-2.015
1932	2396	12	0.8714	-232.167
915	1132	12	0.8523	46.040
945	1995	12	0.8954	-2.016
1763	1845	12	0.8603	162.052
1671	1931	12	0.8798	149.033
1639	1657	12	0.8884	180.063
1843	1891	12	0.876	2.016
659	1843	12	0.8569	-28.032
1837	1851	12	0.8527	57.969
1657	2150	12	0.86	14.016
1839	1844	12	0.8938	-198.074
659	1908	12	0.8971	14.016
1639	1641	12	0.9484	-45.058
2209	2210	12	0.8696	-18.011
1853	1932	12	0.8557	40.031
1738	1882	12	0.9189	28.032
1843	1908	12	0.8716	42.047
1741	1846	12	0.8619	197.090
1657	1775	12	0.8507	-266.064
1088	1169	12	0.849	132.041
1648	1657	12	0.9019	97.967
2399	2442	13	0.8538	-2.016
2736	2779	13	0.9022	23.997
2950	2951	13	0.8913	341.130
2813	2871	13	0.939	-2.015
2229	2301	13	0.8622	-28.032
2400	2875	13	0.8694	-24.000
2791	2882	13	0.9458	-26.024
2824	2872	13	0.9278	26.015
2769	2823	13	0.9331	-2.017
2725	2838	13	0.8827	-8.005
2795	2902	13	0.8933	-54.045
2873	2875	13	0.8975	260.214
2294	2355	13	0.8656	-162.053
2858	2943	13	0.9239	-28.031
2791	2848	13	0.9194	26.007
2817	2876	13	0.9159	-2.015
2253	2254	13	0.8464	17.026
2255	2343	13	0.9418	-28.031
2343	2344	13	0.9811	-179.080
2791	2866	13	0.9798	-0.008
2831	2906	13	0.8558	-28.032
2813	2872	13	0.984	-0.008
2317	2363	13	0.913	-2.016
2736	2823	13	0.9577	-28.033
2673	2836	13	0.8643	162.053
2649	2719	13	0.8797	162.051
2717	2791	13	0.9198	-30.039
2746	2823	13	0.9366	-40.034
2795	2944	13	0.9438	-30.044
2344	2355	13	0.911	17.026
2344	2450	13	0.8563	162.051
2672	2778	13	0.8591	127.014
2717	2746	13	0.9341	-14.016
2284	2344	13	0.912	162.053
2736	2793	13	0.9147	-2.016
2442	2443	13	0.8454	18.010
2716	2882	13	0.9252	-54.057
2904	2975	13	0.8933	-28.032
2736	2882	13	0.8886	-30.046
2876	2929	13	0.8839	24.000
2813	2876	13	0.919	179.072
2301	2875	13	0.8527	-58.041
2301	2339	13	0.8718	15.995
2331	2389	13	0.8555	141.019
2343	2450	13	0.8616	-17.028
2848	2950	13	0.9108	-2.014
2717	2882	13	0.9294	-56.063
2813	2943	13	0.9463	-2.023
2906	2975	13	0.9119	132.042
2492	2509	13	0.8583	114.029
2871	2892	13	0.8991	-24.008
2301	2873	13	0.8527	-318.256
2872	2892	13	0.9381	-26.015
2294	2344	13	0.9487	-179.079
2926	2943	13	0.9391	-26.015
2848	2946	13	0.9433	-28.035
2294	2449	13	0.9413	-0.001
2609	2669	13	0.8772	162.052
2743	2816	13	0.9335	-28.033
2795	2904	13	0.8813	-17.024
2746	2779	13	0.9356	11.997
2401	2443	13	0.86	-2.017
2284	2294	13	0.9019	341.132
2339	2469	13	0.8426	-44.026
2799	2892	13	0.9498	-54.044
2816	2872	13	0.9245	-2.014
2858	2926	13	0.9365	-2.016
2251	2317	13	0.9405	-28.030
2848	2882	13	0.9088	-52.031
2799	2943	13	0.9263	-30.045
2736	2746	13	0.892	12.000
2736	2817	13	0.9055	341.132
2791	2950	13	0.9204	23.993
2884	2906	13	0.876	58.041
2795	2860	13	0.9389	-2.014
2875	2906	13	0.86	-427.294
2799	2871	13	0.9281	-30.037
2817	2944	13	0.8691	-4.030
2746	2946	13	0.8903	-18.051
2858	2871	13	0.9094	-28.023
2816	2858	13	0.9134	24.002
2831	2904	13	0.8807	132.042
2826	2875	13	0.8534	264.210
2848	2866	13	0.9046	-26.015
2860	2929	13	0.8652	-2.015
2838	2892	13	0.9187	-2.015
2738	2902	13	0.8414	-56.061
2746	2882	13	0.9524	-42.047
2355	2449	13	0.8754	162.052
2791	2871	13	0.9245	162.052
2717	2866	13	0.9112	-30.047
2343	2449	13	0.9604	-0.001
2826	2873	13	0.8585	3.995
2819	2884	13	0.9093	-0.006
2674	2817	13	0.8796	-0.000
2717	2779	13	0.9184	-2.019
2817	2860	13	0.8777	24.000
2301	2469	13	0.8714	-28.031
2317	2875	13	0.8779	29.063
2295	2344	13	0.8962	145.026
2294	2343	13	0.9526	0.000
2795	2929	13	0.8671	-4.029
2847	2949	13	0.8635	-2.018
2892	2943	13	0.9057	24.000
2858	2892	13	0.9277	-52.031
2716	2717	13	0.9066	2.006
2793	2872	13	0.9454	162.053
2943	2944	13	0.9021	179.080
2823	2824	13	0.9044	162.055
2736	2769	13	0.9306	-26.016
2510	2875	13	0.8844	2.016
2872	2943	13	0.9545	-2.015
2343	2355	13	0.9071	-162.054
2255	2449	13	0.9211	-28.032
2799	2904	13	0.9596	162.055
2862	2949	13	0.8671	162.050
2817	2902	13	0.8536	-28.031
2743	2747	13	0.8554	12.001
2793	2866	13	0.9245	-2.014
2253	2255	13	0.9685	179.080
2716	2823	13	0.9285	-52.044
2860	2876	13	0.9269	-26.015
2871	2926	13	0.9261	26.007
2719	2743	13	0.8854	-26.014
2799	2816	13	0.9345	-26.016
2813	2892	13	0.9317	-26.023
2871	2943	13	0.983	-0.008
2793	2975	13	0.8981	324.106
2169	2301	13	0.8475	-28.031
2449	2450	13	0.8442	-17.027
2793	2823	13	0.9214	-26.017
2795	2817	13	0.9212	-26.014
2929	2944	13	0.8943	-26.015
2872	2975	13	0.9715	162.052
2331	2510	13	0.8465	141.019
2782	2949	13	0.8575	-4.033
2719	2904	13	0.8571	134.024
2882	2946	13	0.9146	23.996
2284	2449	13	0.8913	341.131
2389	2510	13	0.8596	-0.000
2254	2255	13	0.864	162.053
2824	2871	13	0.8924	24.008
2077	2253	13	0.8845	75.980
2847	2926	13	0.9265	-28.031
2876	2975	13	0.8877	-17.027
2816	2817	13	0.926	179.081
2782	2847	13	0.8963	-2.015
2779	2882	13	0.9296	-54.044
2746	2866	13	0.914	-16.031
2253	2344	13	0.9041	-28.030
2848	2926	13	0.8906	162.052
2251	2363	13	0.8527	-30.046
2716	2866	13	0.9138	-28.041
2779	2823	13	0.9318	-52.031
2791	2943	13	0.9383	162.044
2294	2295	13	0.8628	-324.106
2823	2882	13	0.9192	-2.013
2866	2943	13	0.9251	162.052
2779	2791	13	0.9226	-28.020
2344	2449	13	0.956	179.078
2738	2944	13	0.8478	-32.060
2823	2892	13	0.9073	162.055
2389	2875	13	0.8902	2.016
2824	2892	13	0.9875	0.001
2716	2858	13	0.9093	162.043
2743	2904	13	0.8524	160.038
2717	2799	13	0.9475	162.050
2673	2725	13	0.9124	0.001
2769	2838	13	0.8822	162.054
2284	2295	13	0.9321	17.026
2816	2838	13	0.9225	-26.013
2866	2871	13	0.9111	162.060
2344	2380	13	0.8565	30.010
2824	2838	13	0.9159	2.016
2295	2449	13	0.8697	324.105
2795	2876	13	0.938	-28.029
2284	2343	13	0.9046	341.132
2399	2400	13	0.939	172.014
2716	2946	13	0.9059	-30.061
2295	2343	13	0.8891	324.106
2799	2813	13	0.918	-28.022
2669	2778	13	0.8433	178.046
2872	2876	13	0.9338	179.080
2799	2824	13	0.9464	-54.045
2946	2950	13	0.9326	26.021
2399	2401	13	0.8911	18.011
2866	2882	13	0.9338	-26.016
2779	2858	13	0.9189	162.056
2255	2294	13	0.9175	-28.031
2860	2902	13	0.8696	-52.031
2793	2813	13	0.9246	162.061
2736	2816	13	0.9327	162.051
2779	2848	13	0.9039	-2.013
2716	2848	13	0.9013	-2.026
2813	2975	13	0.965	162.045
2799	2872	13	0.9218	-28.030
2719	2782	13	0.8525	-2.014
2717	2736	13	0.9232	-26.016
2674	2876	13	0.8657	-2.016
2876	2944	13	0.9431	-2.015
2793	2876	13	0.9122	341.133
2866	2950	13	0.9048	24.001
2674	2778	13	0.8586	-35.038
2746	2791	13	0.9213	-16.023
2871	2872	13	0.9439	2.007
2400	2771	13	0.8678	-10.059
2862	2950	13	0.8925	-28.029
2716	2746	13	0.9363	-12.010
2747	2782	13	0.8504	11.998
2816	2824	13	0.9504	-28.029
2672	2674	13	0.8725	162.053
2799	2858	13	0.9379	-2.014
2301	2509	13	0.8559	-2.015
2717	2795	13	0.9008	341.130
2442	2445	13	0.8559	172.014
2674	2860	13	0.8424	24.000
2816	2892	13	0.9531	-28.029
2717	2823	13	0.9466	-54.050
2824	2858	13	0.9205	52.031
2253	2719	13	0.8476	-232.185
2445	2875	13	0.8596	-21.984
2813	2824	13	0.9225	-26.023
2860	2944	13	0.9328	-28.030
2746	2848	13	0.8851	9.984
2813	2816	13	0.92	2.006
2672	2817	13	0.8605	162.052
2716	2779	13	0.962	-0.013
2791	2793	13	0.9323	2.006
2674	2738	13	0.8752	28.029
2169	2229	13	0.9136	0.000
1158	1339	14	0.8664	15.998
2481	2686	16	0.8262	-56.063
2480	2504	16	0.8371	-15.995
2504	2686	16	0.8789	15.994
800	1739	17	0.9408	-30.084
647	875	17	0.9252	-190.011
406	559	17	0.9717	162.052
680	800	17	0.9332	30.011
662	873	17	0.9589	13.979
800	1900	17	0.9759	-28.068
1051	1404	17	0.9239	146.060
680	1352	17	0.9307	86.000
678	1460	17	0.9286	-16.999
1006	1224	17	0.9603	132.043
456	574	17	0.9236	-124.017
870	1160	17	0.9255	15.993
862	870	17	0.9298	13.976
870	1236	17	0.9596	162.054
406	577	17	0.9748	15.995
577	873	17	0.9815	162.053
1160	1351	17	0.9797	15.998
1568	2252	17	0.9338	-154.100
800	1348	17	0.9345	10.005
574	1459	17	0.9364	162.053
893	1606	17	0.925	2.016
835	1271	17	0.956	15.995
675	873	17	0.9843	-0.000
658	662	17	0.9457	-43.989
1396	1666	17	0.9885	-0.001
379	667	17	0.9289	-189.100
557	1335	17	0.928	-176.010
1606	1739	17	0.9554	-32.063
379	456	17	0.9438	-51.995
786	1396	17	0.9273	86.129
571	714	17	0.9424	54.031
662	1091	17	0.9285	29.974
676	1091	17	0.9308	162.052
835	1351	17	0.9309	0.002
569	705	17	0.9735	162.052
536	1459	17	0.9347	0.003
1842	1900	17	0.956	2.016
472	528	17	0.9659	132.043
536	1460	17	0.9277	-1.000
213	1666	17	0.9237	12.019
646	680	17	0.9515	-2.016
577	675	17	0.9809	162.053
678	1666	17	0.9803	-0.000
536	1396	17	0.9343	15.999
379	1236	17	0.9455	-176.011
577	658	17	0.9288	192.064
1739	1842	17	0.9836	-0.000
72	1842	17	0.9286	-60.167
577	1091	17	0.9377	178.049
1229	1460	17	0.9403	-1.003
536	1229	17	0.9417	0.003
1606	1842	17	0.957	-32.063
667	714	17	0.9456	-108.022
800	1606	17	0.9682	1.979
893	1739	17	0.9572	-30.047
875	1114	17	0.9434	15.995
536	678	17	0.9343	15.998
574	1229	17	0.9392	162.053
1051	1091	17	0.9305	13.982
378	1160	17	0.9319	-176.014
811	953	17	0.976	15.994
309	456	17	0.9389	-51.995
893	1842	17	0.9556	-30.047
680	1900	17	0.9337	1.943
302	702	17	0.9805	0.000
856	1606	17	0.957	0.000
702	759	17	0.926	-204.063
658	873	17	0.9402	-30.010
584	963	17	0.9361	15.996
1396	1459	17	0.9645	-15.996
379	569	17	0.9336	-306.095
559	862	17	0.941	-13.975
577	676	17	0.9626	15.997
528	662	17	0.9789	15.994
379	705	17	0.9419	-144.043
873	1091	17	0.931	15.996
658	675	17	0.9462	-30.010
559	870	17	0.924	0.001
647	1396	17	0.9237	162.054
862	1224	17	0.9706	162.050
748	1606	17	0.9647	-0.072
213	1396	17	0.9266	12.020
569	571	17	0.9476	-45.058
696	702	17	0.9705	-0.005
557	572	17	0.9342	-45.057
1168	1900	17	0.9689	-28.031
786	1644	17	0.9808	-22.020
378	1091	17	0.9375	-160.016
811	1224	17	0.9316	308.109
584	658	17	0.9754	15.995
953	1051	17	0.9667	162.050
1224	1404	17	0.9754	15.995
844	1900	17	0.9262	-74.109
270	800	17	0.9292	65.938
675	1091	17	0.932	15.996
378	1351	17	0.9263	-160.016
379	702	17	0.9364	162.053
379	759	17	0.943	-42.011
662	875	17	0.9258	-13.980
309	569	17	0.9319	-306.095
1229	1666	17	0.9738	15.995
309	705	17	0.9409	-144.043
302	759	17	0.9323	-204.063
309	1236	17	0.9445	-176.011
936	1160	17	0.9429	146.056
472	559	17	0.9273	146.019
1459	1666	17	0.9722	15.995
1460	1666	17	0.9324	16.999
406	584	17	0.9239	192.064
1541	1606	17	0.9625	-15.995
1125	1351	17	0.9302	146.058
1168	1739	17	0.9491	-30.046
675	676	17	0.9357	-146.057
302	309	17	0.9367	-162.053
302	696	17	0.9719	0.005
667	699	17	0.9344	-387.069
571	667	17	0.9548	162.053
678	1229	17	0.9603	-15.995
557	759	17	0.9261	43.991
1568	1842	17	0.9598	-86.074
569	699	17	0.9266	-270.074
1229	1396	17	0.9661	15.996
1459	1460	17	0.941	-1.003
213	844	17	0.9283	-66.047
1462	1900	17	0.9279	-94.078
309	379	17	0.9819	0.000
1666	1725	17	0.927	-13.065
572	667	17	0.935	-58.042
574	647	17	0.9564	15.995
1541	1842	17	0.9456	-48.058
1396	1725	17	0.9298	-13.066
1229	1459	17	0.9939	-0.000
569	667	17	0.9786	116.995
862	1006	17	0.9783	30.007
1168	1606	17	0.9642	2.016
557	705	17	0.9519	-58.042
786	800	17	0.9759	-37.979
1303	1900	17	0.9447	15.995
536	1666	17	0.932	15.998
528	559	17	0.9569	13.977
1606	1900	17	0.9732	-30.047
786	1606	17	0.9691	-36.000
662	675	17	0.9575	13.979
559	873	17	0.9721	15.996
1396	1460	17	0.9403	-16.999
875	1051	17	0.9316	29.973
1644	1900	17	0.9712	-44.026
800	1749	17	0.9349	-2.052
569	714	17	0.9442	8.973
907	1051	17	0.9409	15.992
1739	1900	17	0.9544	2.016
571	699	17	0.9452	-225.016
662	1404	17	0.9235	162.053
800	1644	17	0.9753	15.958
835	1160	17	0.9255	-15.996
678	1459	17	0.9578	-15.995
379	557	17	0.961	-86.001
559	584	17	0.9529	30.012
577	662	17	0.9372	148.074
786	1666	17	0.9236	86.128
1224	1236	17	0.9354	13.980
309	759	17	0.941	-42.010
309	378	17	0.932	-146.058
907	1091	17	0.9301	29.974
676	835	17	0.9543	162.051
936	1125	17	0.955	15.996
559	675	17	0.9833	15.996
528	584	17	0.9444	43.988
680	1168	17	0.9325	29.973
676	1351	17	0.9267	162.053
875	907	17	0.9448	13.980
302	379	17	0.938	-162.052
676	873	17	0.943	146.057
699	714	17	0.9328	279.047
800	1842	17	0.944	-30.084
678	1396	17	0.981	0.001
662	1051	17	0.9826	15.993
309	702	17	0.9379	162.053
811	862	17	0.932	146.059
667	705	17	0.9585	45.057
309	557	17	0.9606	-86.001
1168	1842	17	0.9515	-30.047
2625	2707	18	0.7662	-74.019
2707	2868	18	0.7	-370.095
2868	2869	18	0.8185	-1.001
403	466	19	0.8046	-30.010
203	285	19	0.9516	-84.022
1334	1431	19	0.8441	-18.994
285	492	19	0.8402	-44.027
216	2319	19	0.9465	276.086
321	492	19	0.8674	-32.026
269	2320	19	0.8758	162.053
1258	1620	19	0.8402	-52.052
1575	1912	19	0.916	-42.010
1717	1838	19	0.851	224.032
616	1181	19	0.8434	-7.021
117	170	19	0.8889	264.084
1987	2157	19	0.8488	-26.016
146	2105	19	0.8774	-25.105
400	519	19	0.8455	162.054
216	227	19	0.9859	259.059
317	687	19	0.8483	-48.000
366	687	19	0.8394	-134.002
1151	1181	19	0.8881	24.021
313	442	19	0.8901	179.079
141	148	19	0.8581	162.053
1452	1637	19	0.8987	-12.000
370	821	19	0.8101	-14.016
301	321	19	0.8908	180.063
1575	1838	19	0.8958	19.968
146	1151	19	0.8807	16.942
366	492	19	0.8658	-100.018
317	366	19	0.9181	86.002
616	1151	19	0.8291	-31.042
217	2320	19	0.9056	276.085
221	482	19	0.8989	-17.073
1334	2007	19	0.8536	-73.042
203	366	19	0.9425	-28.030
1863	1912	19	0.8912	162.053
169	542	19	0.8027	-5.990
1912	2153	19	0.8365	33.948
1575	1620	19	0.8865	-38.037
147	239	19	0.9068	134.022
1637	2157	19	0.8818	-42.047
169	171	19	0.8446	30.010
216	2320	19	0.9522	259.059
301	416	19	0.8886	-114.033
403	624	19	0.9571	162.054
1334	1987	19	0.8599	16.933
1575	1987	19	0.8866	5.953
217	482	19	0.8456	276.038
435	442	19	0.9176	359.124
1620	1987	19	0.86	43.990
203	409	19	0.8504	-48.001
2153	2157	19	0.849	-12.000
317	492	19	0.9079	-14.016
171	439	19	0.8655	-78.011
271	299	19	0.884	-12.000
221	442	19	0.8821	-66.011
1838	2153	19	0.9076	-28.031
442	602	19	0.9171	15.995
459	470	19	0.8641	-17.027
170	458	19	0.8439	-0.016
221	269	19	0.8944	-179.080
269	482	19	0.8658	162.007
216	226	19	0.8159	-18.029
369	624	19	0.8622	-9.985
166	170	19	0.8328	-36.021
2122	2123	19	0.8741	-18.010
1452	1912	19	0.8526	-75.995
141	1181	19	0.8871	22.953
269	341	19	0.863	48.021
1717	1863	19	0.8973	0.000
821	1151	19	0.8772	19.969
166	222	19	0.8643	-12.000
301	366	19	0.8285	248.055
369	596	19	0.8654	-25.981
1334	1452	19	0.8631	44.965
313	403	19	0.9223	15.994
321	687	19	0.8735	-66.010
435	443	19	0.8454	314.067
147	635	19	0.8499	47.984
227	2319	19	0.9448	17.027
326	445	19	0.8874	276.085
286	366	19	0.821	-106.063
141	2105	19	0.8607	-43.116
299	341	19	0.845	-82.007
286	341	19	0.8132	-12.002
356	821	19	0.8136	-27.995
146	616	19	0.8753	47.984
635	1181	19	0.8646	10.005
1575	2153	19	0.8902	-8.063
1896	2122	19	0.8361	18.010
163	169	19	0.9751	-17.026
435	596	19	0.8626	342.097
409	439	19	0.9124	162.053
519	575	19	0.805	-15.995
285	301	19	0.8585	-192.064
141	147	19	0.9662	-35.037
1431	1878	19	0.8927	-28.032
616	2105	19	0.8505	-73.089
635	1342	19	0.8441	-26.016
439	596	19	0.9723	-0.001
239	616	19	0.8824	-69.011
416	687	19	0.8082	228.086
1452	1620	19	0.8775	-72.022
2319	2320	19	0.9266	-17.027
203	492	19	0.8509	-128.048
301	317	19	0.9162	162.053
602	1238	19	0.8742	-40.990
1878	1912	19	0.8812	15.995
147	616	19	0.8438	65.011
1334	2123	19	0.8374	150.080
147	1181	19	0.9051	57.990
317	321	19	0.9614	18.010
443	457	19	0.8656	30.994
239	635	19	0.875	-86.037
1334	1637	19	0.8489	32.964
216	217	19	0.9636	-17.026
146	635	19	0.8591	30.958
217	222	19	0.8387	329.132
596	762	19	0.9164	-14.015
146	1181	19	0.892	40.963
171	624	19	0.8527	-62.016
369	470	19	0.8368	15.994
216	482	19	0.8974	259.013
285	321	19	0.968	-12.000
217	221	19	0.879	293.111
141	146	19	0.9871	-18.011
146	147	19	0.9697	-17.027
1151	1342	19	0.8306	-12.000
1575	1637	19	0.9483	21.984
203	687	19	0.8538	-162.032
313	409	19	0.8944	-0.001
443	764	19	0.8051	-14.016
416	445	19	0.8841	18.011
1258	1575	19	0.8827	-14.015
821	1342	19	0.8648	7.969
227	542	19	0.9202	-24.000
203	445	19	0.9243	-372.107
1452	2157	19	0.8671	-54.047
616	635	19	0.9047	-17.026
1431	1912	19	0.8593	-12.037
1838	1912	19	0.8591	-61.979
1389	1878	19	0.8504	162.053
1620	2153	19	0.8543	29.974
171	596	19	0.8657	-78.012
141	1151	19	0.8738	-1.068
313	466	19	0.8288	-14.017
301	445	19	0.9386	-96.021
470	821	19	0.8296	-27.995
482	2319	19	0.8821	17.073
624	762	19	0.8958	-30.010
1452	1575	19	0.923	-33.985
227	482	19	0.9123	-0.046
445	687	19	0.8827	210.075
1717	1987	19	0.8324	210.017
1431	1620	19	0.839	-8.063
285	687	19	0.8802	-78.010
313	435	19	0.8972	-180.045
366	445	19	0.8874	-344.077
169	227	19	0.9497	18.010
356	470	19	0.9202	-0.000
321	445	19	0.9511	-276.085
1431	2153	19	0.8436	21.911
170	221	19	0.8692	-12.000
239	1151	19	0.8966	-100.053
1575	2157	19	0.8794	-20.063
203	317	19	0.9269	-114.032
635	1151	19	0.9406	-14.016
217	227	19	0.9293	276.085
1620	2157	19	0.8342	17.974
439	442	19	0.9539	17.027
313	508	19	0.8028	324.105
403	409	19	0.8989	-15.994
285	366	19	0.912	55.992
141	239	19	0.9194	98.984
216	269	19	0.9251	97.006
1620	1637	19	0.873	60.021
1637	1912	19	0.8974	-63.995
635	821	19	0.892	-33.985
1334	1838	19	0.8703	30.948
542	624	19	0.8363	-26.016
1878	1883	19	0.9261	-14.016
596	624	19	0.9483	15.996
222	2320	19	0.9038	-53.047
482	2320	19	0.8798	0.047
508	596	19	0.8485	-162.053
217	2319	19	0.9117	293.112
1838	2157	19	0.8516	-40.031
1258	1637	19	0.8513	7.970
409	596	19	0.8938	162.053
403	602	19	0.8882	179.080
239	2105	19	0.8943	-142.100
239	1181	19	0.9085	-76.032
624	1238	19	0.884	-23.964
166	171	19	0.8497	-53.048
141	1896	19	0.8265	76.052
1637	2153	19	0.8735	-30.047
356	459	19	0.8049	17.027
301	326	19	0.8111	-372.106
1637	1987	19	0.8687	-16.031
227	269	19	0.9256	-162.053
492	687	19	0.8559	-33.984
227	2320	19	0.9553	0.000
321	366	19	0.9478	67.992
203	321	19	0.9671	-96.022
217	226	19	0.8198	-1.003
403	1238	19	0.8561	138.091
400	408	19	0.8306	-15.995
321	416	19	0.8552	-294.096
356	369	19	0.8181	-15.994
216	221	19	0.9546	276.085
542	2320	19	0.8935	24.000
169	2320	19	0.931	18.010
163	2319	19	0.878	18.010
221	2320	19	0.9458	-17.026
442	596	19	0.8904	-17.027
1452	1987	19	0.9106	-28.031
1151	2105	19	0.9021	-42.047
1431	1433	19	0.8748	-28.031
140	170	19	0.9382	-4.054
635	2105	19	0.9052	-56.063
171	458	19	0.8405	17.011
409	435	19	0.8712	-180.044
221	222	19	0.9517	36.021
170	171	19	0.9656	-17.027
1838	1987	19	0.9064	-14.015
221	227	19	0.9795	-17.026
147	1151	19	0.8718	33.969
317	445	19	0.9396	-258.075
432	602	19	0.876	-15.000
356	519	19	0.8227	-27.995
435	439	19	0.9196	342.097
602	624	19	0.864	-17.026
369	905	19	0.811	-40.032
1717	1912	19	0.8943	162.053
147	2105	19	0.851	-8.078
466	762	19	0.8683	162.054
1334	1620	19	0.8428	-27.057
141	616	19	0.8824	29.974
370	519	19	0.8803	-14.016
285	317	19	0.9054	-30.010
146	148	19	0.8312	180.063
269	2319	19	0.8674	179.080
285	445	19	0.9214	-288.085
222	227	19	0.9232	-53.048
140	458	19	0.8156	-4.070
1637	1838	19	0.8843	-2.016
217	269	19	0.8973	114.032
222	482	19	0.8486	-53.094
269	321	19	0.8715	-114.033
1334	2153	19	0.8653	2.917
1181	2105	19	0.8517	-66.068
163	221	19	0.9434	18.010
285	286	19	0.8648	162.055
1452	1838	19	0.9233	-14.016
203	301	19	0.8828	-276.085
313	596	19	0.9232	162.052
1987	2153	19	0.9014	-14.016
408	575	19	0.8956	162.054
445	492	19	0.8402	244.059
313	439	19	0.9443	162.053
1452	1717	19	0.8419	-238.048
141	635	19	0.8567	12.947
1452	2153	19	0.9076	-42.047
439	624	19	0.9637	15.995
317	416	19	0.863	-276.086
269	299	19	0.8745	130.027
821	2105	19	0.8401	-22.078
1620	1838	19	0.8644	58.005
171	542	19	0.8397	-36.000
439	762	19	0.9496	-14.015
1896	2123	19	0.8392	-0.000
117	171	19	0.9502	247.058
1334	1575	19	0.8577	10.980
146	239	19	0.9289	116.995
432	442	19	0.9068	-30.994
439	542	19	0.853	42.011
2547	2550	20	0.9844	-0.004
2680	2947	20	0.9739	23.987
2550	2559	20	0.9841	-26.009
2550	2741	20	0.9805	23.992
2606	2629	20	0.9888	-150.070
2559	2629	20	0.9956	-2.016
2550	2947	20	0.9726	19.961
2629	2712	20	0.9946	78.033
2629	2947	20	0.9862	47.987
2741	2905	20	0.9913	-4.031
2475	2559	20	0.9954	-126.069
2905	2947	20	0.9952	0.001
2680	2811	20	0.9683	26.000
2559	2947	20	0.9817	45.970
2741	2947	20	0.9938	-4.030
2535	2680	20	0.9679	-102.068
2606	2947	20	0.976	-102.083
2559	2811	20	0.9797	47.983
2550	2629	20	0.9813	-28.025
2475	2606	20	0.9968	21.985
2550	2712	20	0.9833	50.007
2559	2905	20	0.9814	45.969
2629	2741	20	0.9925	52.017
2559	2606	20	0.9919	148.054
2475	2550	20	0.9805	-100.059
2475	2905	20	0.979	-80.099
2811	2905	20	0.9874	-2.014
2547	2741	20	0.9788	23.987
2475	2947	20	0.9781	-80.098
2475	2741	20	0.99	-76.068
2712	2905	20	0.9823	-30.047
2606	2670	20	0.9749	-116.064
2547	2559	20	0.9818	-26.013
2712	2947	20	0.9849	-30.046
2606	2905	20	0.9728	-102.084
2547	2712	20	0.9821	50.003
2550	2811	20	0.9683	21.974
2547	2905	20	0.9696	19.956
2535	2606	20	0.9752	24.002
2475	2712	20	0.9924	-50.052
2475	2670	20	0.978	-94.079
2475	2629	20	0.9937	-128.085
2712	2741	20	0.9931	-26.016
2811	2947	20	0.9905	-2.013
2606	2712	20	0.9871	-72.037
2741	2811	20	0.9894	-2.018
2629	2905	20	0.9854	47.986
2559	2712	20	0.9959	76.016
2550	2905	20	0.9707	19.960
2629	2680	20	0.9802	24.000
2550	2606	20	0.975	122.045
2606	2741	20	0.9847	-98.053
2559	2741	20	0.9928	50.001
2629	2811	20	0.9808	49.999
2475	2535	20	0.9785	-2.017
2712	2811	20	0.98	-28.033
2237	2735	22	0.7716	-310.287
2237	2283	22	0.8681	15.995
2735	2987	22	0.8584	72.058
2283	2957	22	0.7436	-270.220
2283	2735	22	0.7434	-326.282
1420	2237	22	0.8996	31.989
2180	2283	22	0.7669	34.006
2237	2837	22	0.7599	-254.223
2272	2987	22	0.7296	-236.214
2735	2837	22	0.8351	56.064
2237	2987	22	0.8313	-238.229
2837	2987	22	0.8615	15.993
2842	2963	22	0.8416	15.994
2837	2842	22	0.9009	-162.054
2237	2272	22	0.9344	-2.015
2237	2957	22	0.8	-254.224
2272	2283	22	0.8189	18.011
2963	2987	22	0.7179	162.053
2957	2987	22	0.8903	15.995
1420	2272	22	0.8704	29.974
2283	2977	22	0.7487	-382.344
2180	2237	22	0.8355	18.010
2735	2957	22	0.846	56.062
2180	2987	22	0.727	-220.219
2180	2272	22	0.8718	15.995
2283	2837	22	0.71	-270.218
2837	2957	22	0.9333	-0.002
1420	2283	22	0.8427	47.984
1420	2180	22	0.8453	13.979
2837	2977	22	0.8745	-112.126
2842	2957	22	0.9521	162.052
1420	2735	22	0.7064	-278.298
2977	2987	22	0.9034	128.120
2237	2977	22	0.8197	-366.349
2283	2987	22	0.7624	-254.225
1420	2987	22	0.7179	-206.240
2735	2977	22	0.8735	-56.062
2957	2977	22	0.9076	-112.124
1515	1554	23	0.7048	223.106
846	879	24	0.7844	2.016
623	1094	24	0.8522	162.053
846	1604	24	0.7132	-176.048
719	773	24	0.8398	-1.004
719	1094	24	0.9246	-14.017
773	1094	24	0.8136	-13.012
846	960	24	0.9078	-196.074
532	879	24	0.8008	162.053
719	846	24	0.7347	-44.027
2561	2630	25	0.7266	-2.015
2561	2679	25	0.7153	21.984
2630	2679	25	0.7561	23.999
2534	2630	25	0.7203	-126.067
1294	1371	26	0.7865	-26.011
966	967	26	0.8447	17.027
1212	1630	26	0.8537	162.053
967	1294	26	0.8464	-17.031
1294	1366	26	0.9173	162.058
966	1212	26	0.7966	-24.000
966	1366	26	0.9346	162.053
967	1366	26	0.8535	145.027
966	1371	26	0.8292	-26.015
1143	1366	26	0.8319	0.000
1212	1371	26	0.799	-2.015
1143	1294	26	0.8144	-162.057
966	1294	26	0.9233	-0.005
967	1143	26	0.7959	145.026
966	1143	26	0.816	162.053
2423	2452	27	0.898	-26.017
2311	2691	27	0.8038	-195.173
2454	2552	27	0.8752	-23.030
2689	2690	27	0.9326	18.009
2311	2313	27	0.9271	0.002
2689	2693	27	0.9015	34.004
2424	2693	27	0.8932	-184.162
2453	2552	27	0.8707	-22.022
2424	2552	27	0.9024	-48.037
2310	2333	27	0.8984	0.002
2332	2423	27	0.8278	-22.021
2423	2693	27	0.8764	-202.173
2552	2693	27	0.9196	-136.125
2478	2552	27	0.8813	-14.017
2690	2693	27	0.8846	15.995
2291	2392	27	0.8607	-40.031
2311	2333	27	0.8217	-18.008
2599	2640	27	0.8259	14.016
2413	2599	27	0.8247	-206.169
2455	2465	27	0.8742	15.993
2454	2689	27	0.8467	-193.159
2552	2692	27	0.8637	-225.136
2336	2640	27	0.8404	-2.017
2423	2424	27	0.8829	-18.010
2452	2552	27	0.8819	-40.031
2498	2690	27	0.8701	15.995
2452	2454	27	0.8945	-17.002
2554	2599	27	0.812	1.979
2454	2691	27	0.8585	-176.157
2496	2691	27	0.8389	15.992
2336	2554	27	0.8174	-18.011
2332	2552	27	0.8856	-88.069
2498	2691	27	0.8208	14.988
2500	2612	27	0.8146	-18.007
2313	2333	27	0.8251	-18.010
2455	2468	27	0.854	34.004
2498	2500	27	0.8833	18.011
2640	2641	27	0.8404	-1.004
2554	2636	27	0.8051	18.019
2478	2693	27	0.8783	-150.141
2454	2690	27	0.8346	-175.150
2468	2518	27	0.8221	-34.005
2353	2455	27	0.8382	-208.145
2636	2640	27	0.8194	-2.025
2423	2552	27	0.8963	-66.048
2207	2313	27	0.8124	-66.047
2498	2689	27	0.8542	-2.014
2452	2689	27	0.883	-210.161
2466	2518	27	0.8169	1.006
2453	2691	27	0.8753	-175.149
2692	2693	27	0.8433	89.011
2413	2498	27	0.8121	-174.143
2310	2311	27	0.8665	18.010
2424	2690	27	0.8496	-200.158
2434	2465	27	0.8191	18.009
2690	2691	27	0.8603	-1.007
2498	2640	27	0.8268	-18.010
2498	2612	27	0.8141	0.004
2424	2452	27	0.9089	-8.006
2207	2311	27	0.8252	-66.049
2465	2466	27	0.8769	-17.000
2455	2518	27	0.9089	-0.001
2332	2424	27	0.8314	-40.031
2332	2478	27	0.8357	-74.052
2353	2468	27	0.8367	-174.142
2336	2392	27	0.8378	216.151
2453	2454	27	0.9041	1.008
2413	2640	27	0.8717	-192.153
2392	2413	27	0.8798	-26.015
2413	2554	27	0.8226	-208.147
2452	2453	27	0.9458	-18.010
2324	2478	27	0.8558	18.010
2424	2453	27	0.9208	-26.016
2336	2636	27	0.8953	0.008
2452	2478	27	0.8486	-26.015
2336	2413	27	0.8515	190.136
2554	2640	27	0.8593	15.995
2424	2454	27	0.8611	-25.008
2332	2453	27	0.8524	-66.047
2356	2465	27	0.8163	19.018
2453	2689	27	0.8966	-192.151
2332	2452	27	0.8814	-48.037
2453	2693	27	0.9022	-158.147
2424	2478	27	0.8788	-34.021
2455	2554	27	0.8226	-2.017
2452	2690	27	0.8742	-192.152
2424	2689	27	0.8683	-218.167
2454	2478	27	0.8656	-9.013
2413	2636	27	0.8068	-190.128
2465	2468	27	0.8342	18.010
2453	2478	27	0.8529	-8.005
2454	2693	27	0.8529	-159.155
2496	2498	27	0.8108	1.004
2552	2689	27	0.8782	-170.129
2465	2554	27	0.8105	-18.011
2465	2518	27	0.8656	-15.994
2452	2693	27	0.9105	-176.156
2496	2689	27	0.8669	-1.010
2454	2496	27	0.8398	-192.149
2310	2313	27	0.8665	18.012
2353	2465	27	0.8333	-192.152
2453	2690	27	0.8906	-174.142
2689	2691	27	0.8458	17.002
2353	2354	27	0.899	-18.010
2455	2466	27	0.8589	-1.007
2478	2479	27	0.8479	-17.003
2476	2613	29	0.8822	21.985
2536	2613	29	0.8965	24.001
2476	2536	29	0.8876	-2.016
32	44	30	0.7714	-180.064
37	78	30	0.7496	0.010
32	37	30	0.7488	15.977
2305	2373	31	0.936	-28.031
2305	2372	31	0.9312	15.995
2186	2373	31	0.8835	-128.120
1269	2240	31	0.8056	-154.136
2240	2372	31	0.9093	-56.063
1787	2305	31	0.8586	-211.230
2240	2305	31	0.9028	-72.057
1787	2303	31	0.84	-167.204
1269	2328	31	0.7374	-55.067
1787	2373	31	0.8511	-239.261
2373	2428	31	0.9147	15.995
2303	2428	31	0.906	-56.062
1269	2372	31	0.7924	-210.198
2186	2240	31	0.8995	-28.031
1269	2186	31	0.7721	-126.105
2372	2428	31	0.9355	-28.031
1269	2428	31	0.7946	-238.230
2305	2428	31	0.9222	-12.037
2303	2372	31	0.9186	-28.031
1269	2305	31	0.7723	-226.193
2186	2428	31	0.8919	-112.125
2186	2303	31	0.9043	-56.063
2240	2428	31	0.8995	-84.094
1787	2240	31	0.8439	-139.173
1269	2373	31	0.7767	-254.225
1787	2372	31	0.8517	-195.235
2240	2373	31	0.8953	-100.089
2372	2373	31	0.9163	-44.026
1269	1757	31	0.8027	57.058
2240	2303	31	0.9172	-28.032
897	1787	31	0.8153	-28.031
1269	2303	31	0.8037	-182.167
1269	1787	31	0.7102	-14.963
2303	2305	31	0.9114	-44.026
2303	2373	31	0.9023	-72.057
1787	2428	31	0.8418	-223.267
2186	2372	31	0.8957	-84.094
2186	2305	31	0.8902	-100.088
1757	2328	31	0.8607	-112.125
2684	2753	32	0.819	18.011
2753	2854	32	0.8149	12.000
2431	2439	33	0.75	176.104
2433	2440	33	0.7946	132.079
2430	2439	33	0.7133	220.130
2430	2436	33	0.7322	176.104
2429	2432	33	0.7956	132.079
2430	2433	33	0.8121	132.077
2430	2432	33	0.8002	88.052
2440	2444	33	0.8252	44.026
2439	2440	33	0.8426	44.026
2431	2440	33	0.7642	220.130
2432	2433	33	0.8148	44.025
2432	2439	33	0.7421	132.078
2431	2432	33	0.833	44.026
2433	2436	33	0.7804	44.027
2431	2433	33	0.8411	88.051
2432	2440	33	0.7424	176.104
2432	2436	33	0.7612	88.052
2439	2444	33	0.7604	88.052
2436	2439	33	0.766	44.026
2421	2422	33	0.7249	22.012
2433	2439	33	0.7675	88.053
2431	2436	33	0.7854	132.078
2429	2433	33	0.7714	176.104
2430	2440	33	0.74	264.156
2430	2431	33	0.8523	44.026
2429	2430	33	0.8529	44.026
2421	2425	33	0.7185	44.025
2422	2431	33	0.7084	-242.170
2420	2421	33	0.7011	22.014
2429	2431	33	0.8283	88.052
2436	2440	33	0.7863	88.052
2422	2425	33	0.7168	22.013
441	758	35	0.9608	-14.015
824	1288	35	0.9693	-54.047
824	1793	35	0.946	-80.100
1379	1929	35	0.942	15.995
617	822	35	0.9316	-33.984
1280	1929	35	0.9443	18.011
1368	1405	35	0.941	13.979
437	441	35	0.975	342.095
824	1379	35	0.9647	-40.068
1288	1693	35	0.9274	-24.000
1627	1793	35	0.9302	-72.058
1379	1627	35	0.9443	32.027
1280	1405	35	0.9472	46.042
1368	1929	35	0.9518	-14.052
1288	1674	35	0.9304	-132.079
1379	1693	35	0.9313	-37.979
824	1280	35	0.9244	-42.084
824	1368	35	0.9592	-10.021
824	1627	35	0.9344	-8.042
2101	2168	35	0.9256	-28.031
1693	1929	35	0.9308	53.975
1379	1405	35	0.9338	44.026
824	1674	35	0.9295	-186.126
1405	1929	35	0.9596	-28.031
133	2101	35	0.9496	-58.093
1627	1734	35	0.9276	-27.994
615	758	35	0.9531	-30.010
1368	1674	35	0.9281	-176.105
1368	1793	35	0.9509	-70.078
304	758	35	0.9373	-68.026
822	1405	35	0.924	-20.063
133	1929	35	0.9732	-34.093
824	1734	35	0.9372	-36.036
1288	1929	35	0.9392	29.974
1288	1405	35	0.9325	58.005
1368	1627	35	0.9415	1.980
304	1929	35	0.9502	-88.125
304	441	35	0.9291	-54.011
1280	1627	35	0.9321	34.042
822	1929	35	0.9434	-48.094
758	822	35	0.9239	27.995
283	867	38	0.7688	-324.085
1970	2166	41	0.8782	15.995
1970	2092	41	0.8113	1.979
2092	2166	41	0.7313	14.016
1074	1319	42	0.9274	162.053
1322	1414	42	0.7916	-323.121
771	1617	42	0.7749	-5.990
771	1319	42	0.7926	-26.016
1074	1414	42	0.8518	18.011
1319	1414	42	0.8308	-144.042
1196	1617	42	0.9511	162.053
1074	1322	42	0.774	341.132
1322	1997	42	0.7621	-113.012
1196	1414	42	0.7878	-2.015
1319	1322	42	0.8003	179.080
670	1231	44	0.9067	162.055
1210	1231	44	0.7366	162.014
1205	1231	44	0.9427	-30.010
670	1210	44	0.7493	0.040
1231	1562	44	0.833	-86.001
1205	2009	44	0.7307	-146.037
956	1203	44	0.7022	12.987
670	1562	44	0.807	76.054
956	1231	44	0.9453	-14.014
956	1205	44	0.984	15.995
1013	1014	45	0.7714	-28.031
2648	2833	46	0.7133	-6.045
2646	2731	46	0.7477	-28.031
2850	2879	46	0.7076	-14.015
2581	2663	46	0.7619	-28.031
2770	2804	46	0.8222	-15.994
2833	2937	46	0.8196	-28.032
2648	2937	46	0.7577	-34.076
2804	2879	46	0.7353	24.000
2371	2850	46	0.7107	-84.130
2581	2648	46	0.795	32.026
2833	2983	46	0.7638	15.995
2770	2937	46	0.8053	-4.030
2397	2879	46	0.7226	-84.130
2648	2770	46	0.7699	-30.046
2371	2879	46	0.738	-98.145
2731	2937	46	0.8054	34.007
2646	2833	46	0.7401	34.007
2371	2397	46	0.7098	-14.016
373	537	47	0.9703	-0.001
367	374	47	0.7619	77.047
537	921	47	0.8671	15.996
367	537	47	0.7851	60.019
367	373	47	0.803	60.020
374	461	47	0.7896	30.010
373	547	47	0.7909	149.032
373	374	47	0.9513	17.027
374	537	47	0.9307	-17.028
374	921	47	0.7871	-1.032
373	921	47	0.8644	15.994
461	464	47	0.7689	-17.027
537	547	47	0.7821	149.033
374	925	47	0.7814	15.995
367	436	47	0.8739	-0.001
374	547	47	0.8535	132.005
1071	1265	49	0.8804	-0.001
693	1521	50	0.755	-162.031
471	541	50	0.7776	-30.009
392	693	50	0.8525	-14.016
541	693	50	0.8287	-14.016
342	541	50	0.7936	60.021
342	392	50	0.7879	60.021
1164	1521	50	0.8132	-14.015
855	1164	50	0.8261	-178.027
392	541	50	0.9416	0.000
541	855	50	0.8806	15.994
471	1164	50	0.7392	-192.042
541	1164	50	0.8898	-162.033
342	855	50	0.7527	76.015
392	855	50	0.8813	15.994
392	471	50	0.8045	30.009
471	855	50	0.739	-14.016
392	1164	50	0.8944	-162.033
342	1164	50	0.7498	-102.012
2256	2341	52	0.7427	-28.031
1696	1819	53	0.8282	29.974
1876	1965	53	0.8151	-14.014
992	1215	53	0.9298	10.979
1659	1675	53	0.8565	324.084
1370	1382	53	0.7468	324.086
1810	1876	53	0.8248	43.988
1395	1498	53	0.766	-162.032
1964	2013	53	0.7491	0.984
1395	1601	53	0.845	29.974
1390	1601	53	0.9304	15.996
1382	1522	53	0.9657	15.995
1390	1530	53	0.8468	-162.031
1215	2037	53	0.8239	-39.980
2006	2268	53	0.7532	-487.366
1390	1819	53	0.9233	308.111
1675	1819	53	0.9066	130.063
1530	1675	53	0.8026	340.079
1530	1659	53	0.9785	15.995
1390	1675	53	0.888	178.048
1382	1395	53	0.7552	-146.058
2006	2008	53	0.808	-14.016
556	929	53	0.9006	-14.014
1522	1696	53	0.7847	130.062
556	2037	53	0.7918	17.990
1659	1819	53	0.8253	454.147
1522	1675	53	0.7963	29.973
1601	1675	53	0.9304	162.052
1215	1994	53	0.8682	139.100
1498	1810	53	0.7835	470.142
1696	1810	53	0.9032	15.995
1994	2006	53	0.8166	30.010
1819	1964	53	0.8364	302.043
1994	2037	53	0.8261	-179.080
1963	1964	53	0.9487	-18.011
556	992	53	0.8263	46.992
1530	1601	53	0.8043	178.027
1964	1994	53	0.7487	-120.043
992	1281	53	0.792	32.963
1675	1964	53	0.8257	432.106
1522	1810	53	0.9584	146.058
1215	2006	53	0.7444	169.110
1810	1965	53	0.7762	29.974
1390	1659	53	0.8232	-146.037
1601	1659	53	0.8782	-162.032
992	1994	53	0.8483	150.079
556	1215	53	0.8568	57.971
1395	1522	53	0.9434	162.053
1530	1819	53	0.8558	470.142
1382	1810	53	0.8496	162.053
1270	1965	53	0.9121	162.054
1994	2008	53	0.7841	15.995
1498	1522	53	0.781	324.084
1382	1696	53	0.8919	146.057
1370	1530	53	0.8644	29.975
556	1994	53	0.7742	197.071
992	2037	53	0.8315	-29.001
1601	1819	53	0.889	292.115
1498	1659	53	0.8681	29.974
1370	1498	53	0.9591	15.996
1395	1810	53	0.9304	308.110
1215	1281	53	0.8028	21.984
1281	1994	53	0.795	117.116
910	911	54	0.8563	-17.027
96	176	55	0.8844	-14.052
49	92	55	0.8432	83.952
110	156	55	0.9256	-1.979
70	109	55	0.8699	16.007
70	113	55	1.0	0.001
97	107	55	0.9	-0.984
113	176	55	0.8549	1.990
115	156	55	0.8437	55.042
110	1788	55	0.8546	14.015
48	49	55	0.877	-15.977
106	109	55	0.9053	17.026
115	1788	55	0.8944	71.037
70	142	55	0.8941	-0.024
109	1973	55	0.9317	-0.000
96	107	55	0.8696	-18.010
110	113	55	0.8614	14.005
109	291	55	0.894	-36.000
70	110	55	0.8614	-14.003
109	2035	55	0.8803	-14.016
156	591	55	0.8439	-131.073
176	291	55	0.8745	-21.984
70	176	55	0.8549	1.992
92	1973	55	0.9166	15.995
92	156	55	0.8581	-15.995
113	156	55	0.8504	-15.984
1973	2035	55	0.9296	-14.016
113	1788	55	0.9334	0.011
176	262	55	0.8609	12.000
97	106	55	0.8949	-0.036
70	156	55	0.8504	-15.983
176	1973	55	0.9427	14.015
92	110	55	0.8805	-14.015
70	115	55	0.9084	-71.025
113	142	55	0.8941	-0.026
109	262	55	0.8605	-2.015
70	1788	55	0.9334	0.012
262	1973	55	0.8962	2.015
176	1788	55	0.8658	-1.979
109	1788	55	0.8748	-15.995
92	113	55	0.9576	-0.011
262	291	55	0.9405	-33.985
106	1973	55	0.9246	17.026
96	97	55	0.8785	-17.026
291	1973	55	0.9007	36.000
70	1973	55	0.8817	16.007
92	1788	55	0.9656	-0.000
262	2035	55	0.8417	-12.001
113	115	55	0.9084	-71.026
96	1973	55	0.8847	-0.036
96	291	55	0.874	-36.036
176	2035	55	0.9081	-0.001
1788	1973	55	0.9004	15.995
109	113	55	0.8699	-16.006
109	176	55	0.9364	-14.016
96	109	55	0.9049	-0.036
70	92	55	0.9576	0.012
2767	2768	56	0.9159	-17.027
2766	2767	56	0.8305	45.058
2766	2768	56	0.8653	28.031
278	393	58	0.9285	-14.018
393	633	58	0.9273	-14.014
278	633	58	0.9176	-28.032
272	297	58	0.7944	180.062
278	395	58	0.8509	-258.076
395	633	58	0.8219	230.044
393	395	58	0.816	-244.058
272	633	58	0.775	134.021
272	393	58	0.7746	148.034
272	278	58	0.812	162.053
272	395	58	0.854	-96.024
297	395	58	0.8146	-276.086
297	633	58	0.7718	-46.042
278	297	58	0.9168	18.010
297	393	58	0.7786	-32.028
2458	2582	59	0.7532	-72.058
449	2471	59	0.7489	-124.162
2457	2586	59	0.8277	15.996
579	2457	59	0.8606	-405.346
2457	2458	59	0.9856	44.027
2462	2596	59	0.7364	15.996
579	1214	59	0.7395	-237.157
2529	2598	59	0.8523	-14.015
2458	2594	59	0.7381	15.995
1214	2457	59	0.8132	-168.189
449	1628	59	0.7252	-145.087
449	452	59	0.911	-28.031
2582	2600	59	0.7243	352.210
2582	2594	59	0.8521	88.053
2462	2471	59	0.7312	220.131
2457	2594	59	0.7541	60.022
1112	1628	59	0.7077	75.045
449	1214	59	0.7946	-264.158
1112	1214	59	0.7806	-44.026
2457	2462	59	0.839	88.053
579	842	59	0.7567	-105.021
2586	2597	59	0.8263	131.075
579	2451	59	0.7928	-449.371
2594	2600	59	0.7879	264.157
2582	2597	59	0.7357	175.102
2451	2458	59	0.8863	88.053
2582	2593	59	0.7152	131.075
1112	2586	59	0.9229	-196.219
2451	2586	59	0.7586	60.022
2594	2597	59	0.82	87.048
579	1112	59	0.7737	-193.131
1112	2458	59	0.9185	-168.187
2525	2529	59	0.8852	44.026
842	2457	59	0.7217	-300.325
2586	2598	59	0.7626	175.101
579	2586	59	0.8418	-389.350
449	1112	59	0.8569	-220.131
2451	2582	59	0.7169	15.995
2593	2598	59	0.7946	88.053
1112	2457	59	0.754	-212.215
449	736	59	0.7288	-14.016
1214	2582	59	0.7441	-196.219
579	2458	59	0.8427	-361.319
449	579	59	0.8232	-27.000
2462	2594	59	0.8306	-28.031
2593	2594	59	0.7349	-43.022
2451	2462	59	0.7592	132.079
2593	2597	59	0.8224	44.026
579	2582	59	0.7908	-433.377
2594	2598	59	0.7408	131.075
2451	2457	59	0.8889	44.025
579	2594	59	0.7867	-345.324
842	2458	59	0.7107	-256.298
2458	2462	59	0.846	44.026
2582	2586	59	0.8986	44.027
2597	2598	59	0.8606	44.027
2586	2593	59	0.7689	87.048
2586	2594	59	0.9342	44.026
2525	2530	59	0.823	88.052
2458	2586	59	0.9895	-28.031
2525	2597	59	0.8791	-14.016
2457	2582	59	0.8918	-28.031
2597	2600	59	0.7136	177.109
2529	2530	59	0.8269	44.026
66	251	60	0.7639	-111.021
151	153	60	0.8008	-15.978
248	251	60	0.7067	-15.978
151	248	60	0.8448	-39.995
66	153	60	0.793	-71.026
153	251	60	0.8345	-39.995
58	151	60	0.8505	-88.015
58	248	60	0.7993	-128.010
66	99	60	0.9424	-342.115
781	1018	61	0.9081	-14.015
781	926	61	0.9172	-51.995
15	23	62	0.8136	18.011
16	25	63	0.8124	57.004
20	24	63	0.8441	-111.947
18	25	63	0.8899	41.027
4	24	63	0.8791	-129.958
4	20	63	0.8412	-18.011
4	28	63	0.8837	111.947
10	16	63	0.883	72.954
25	26	63	0.9205	-18.011
10	18	63	0.8209	88.931
4	10	63	0.8735	-113.980
4	25	63	0.9534	15.977
18	21	63	0.8943	-72.953
10	20	63	0.845	95.970
27	28	63	0.887	-18.011
10	26	63	0.8558	111.947
10	21	63	0.9429	15.978
25	28	63	0.9063	95.969
4	16	63	0.8814	-41.027
18	26	63	0.9062	23.016
4	18	63	0.8361	-25.049
4	26	63	0.9199	-2.034
4	21	63	0.8347	-98.003
21	26	63	0.8801	95.969
16	20	63	0.8773	23.016
26	28	63	0.8419	113.980
24	25	63	0.865	145.935
20	26	63	0.8681	15.977
21	25	63	0.8441	113.980
24	26	63	0.8566	127.924
20	25	63	0.8193	33.988
10	24	63	0.9364	-15.977
10	25	63	0.8662	129.958
16	18	63	0.8877	15.977
16	24	63	0.8803	-88.931
1166	1578	64	0.915	215.102
1578	1580	64	0.8858	-185.090
1166	1580	64	0.928	30.011
1146	1166	64	0.701	28.031
1146	1580	64	0.7196	58.043
229	235	65	0.9266	138.043
428	429	66	0.8565	-342.094
427	428	66	0.9115	-17.027
429	430	66	0.9702	66.010
324	360	70	0.8896	-14.016
360	477	70	0.9111	-33.984
324	415	70	0.9198	-33.984
1759	2306	71	0.7922	41.035
1766	2141	71	0.9719	-28.031
1767	2306	71	0.8327	-26.016
2145	2222	71	0.7975	-42.047
2307	2544	71	0.8157	-56.063
1759	1760	71	0.8449	-1.012
1766	1767	71	0.8796	44.026
1649	2079	71	0.8861	90.031
1766	2307	71	0.8588	18.011
775	2248	71	0.8137	-0.203
1758	1759	71	0.8771	-1.003
1758	1760	71	0.8971	-2.016
2306	2544	71	0.8614	-56.063
2141	2190	71	0.8538	15.995
2141	2145	71	0.7972	-15.995
2079	2260	71	0.826	88.832
1823	2145	71	0.9697	-28.031
2141	2260	71	0.9642	-56.062
2198	2222	71	0.7981	-14.016
2145	2198	71	0.9631	-28.031
2079	2248	71	0.8141	-0.109
2260	2306	71	0.859	102.104
1823	2198	71	0.9635	-56.062
2141	2544	71	0.8516	-10.021
2248	2304	71	0.8307	-0.000
1758	2976	71	0.8065	-395.233
1766	2260	71	0.9664	-84.094
2306	2307	71	0.968	-0.000
2260	2307	71	0.8246	102.104
2079	2304	71	0.8646	-0.110
1767	2307	71	0.8028	-26.016
2190	2198	71	0.7885	-60.021
1767	2190	71	0.9332	-56.063
2141	2307	71	0.8241	46.042
1766	2306	71	0.8772	18.011
1767	2141	71	0.8174	-72.058
1823	2222	71	0.7953	-70.078
2141	2306	71	0.8572	46.042
2306	2893	71	0.86	-140.157
201	209	73	0.9153	-138.042
215	232	73	0.9167	433.100
220	232	73	0.8687	-276.084
220	224	73	0.8708	7.988
201	220	73	0.888	33.016
218	224	73	0.9278	138.043
1079	1152	74	0.9342	-324.089
959	1075	74	0.9327	18.011
637	1079	74	0.8881	146.057
959	1079	74	0.8241	-478.074
949	959	74	0.8572	179.080
637	1152	74	0.856	-178.032
1250	1251	74	0.8611	-179.080
948	959	74	0.8425	162.053
949	1251	74	0.9217	15.994
948	949	74	0.96	-17.027
552	1079	74	0.9579	162.054
552	637	74	0.9285	15.997
959	1250	74	0.877	15.995
552	1152	74	0.9599	-162.034
2621	2662	75	0.752	130.025
2580	2654	75	0.7331	32.027
2580	2662	75	0.7763	-28.031
1506	1683	76	0.9174	45.057
631	1409	76	0.7932	34.006
363	1683	76	0.8687	19.990
1410	1683	76	0.8844	30.011
1107	1410	76	0.721	-14.015
1410	1503	76	0.8261	30.012
1409	1506	76	0.8377	30.011
580	1683	76	0.9177	34.005
627	1410	76	0.8015	34.006
580	1506	76	0.8608	-11.052
627	631	76	0.8601	-45.058
580	1503	76	0.8626	34.006
363	1506	76	0.8196	-25.066
363	580	76	0.9133	-14.015
1409	1410	76	0.9074	45.058
627	1409	76	0.7064	-11.052
1446	1503	76	0.7284	-30.010
580	627	76	0.812	-30.011
2865	2941	77	0.8216	162.051
2798	2820	77	0.8606	-26.015
2790	2941	77	0.8662	162.044
2820	2874	77	0.8274	-2.016
2781	2798	77	0.8353	162.065
2798	2941	77	0.8784	-28.041
2859	2932	77	0.7169	-28.040
2874	2941	77	0.9618	-0.011
2781	2790	77	0.8062	-28.020
2865	2874	77	0.8389	162.062
2820	2870	77	0.798	-0.010
2798	2874	77	0.9	-28.030
2781	2865	77	0.8163	-28.028
2820	2941	77	0.8023	-2.027
2933	2941	77	0.7839	-26.016
2798	2933	77	0.8273	-2.025
2790	2865	77	0.8744	-0.007
2859	2933	77	0.7251	-0.010
2932	2933	77	0.7626	28.030
2870	2874	77	0.8041	-2.006
2790	2874	77	0.886	162.055
614	1268	78	0.8612	234.076
784	1286	78	0.889	149.070
586	1286	78	0.8984	162.055
784	1134	78	0.8426	-10.967
668	923	78	0.8717	-27.993
499	1153	78	0.8815	-162.032
923	1092	78	0.9396	160.036
768	938	78	0.9848	15.994
586	1412	78	0.8705	192.065
668	768	78	0.8779	-14.015
499	1092	78	0.9259	162.052
768	923	78	0.9126	-13.979
499	668	78	0.9382	30.008
1069	1134	78	0.908	-43.990
743	768	78	0.9071	162.053
904	1153	78	0.9375	-310.108
1153	1247	78	0.9127	354.095
1092	1139	78	0.8972	-45.057
498	717	78	0.899	15.994
843	1286	78	0.8893	132.044
593	1092	78	0.922	162.052
843	1177	78	0.888	-14.014
843	1234	78	0.9061	-192.042
843	1069	78	0.9572	15.997
593	923	78	0.8623	2.016
1234	1412	78	0.9095	354.096
1092	1268	78	0.9418	-13.979
668	843	78	0.9897	15.995
614	904	78	0.9236	234.080
784	843	78	0.9496	17.026
1153	1473	78	0.904	162.056
668	1092	78	0.9089	132.043
1286	1412	78	0.8934	30.011
499	768	78	0.974	15.994
498	593	78	0.881	17.026
938	1286	78	0.8967	146.060
499	593	78	0.9839	-0.001
498	668	78	0.8651	47.035
668	1247	78	0.9327	162.055
1092	1247	78	0.8893	30.011
498	614	78	0.8951	-68.977
843	1412	78	0.9252	162.054
784	1069	78	0.8703	33.023
923	1139	78	0.8532	114.979
784	1234	78	0.8758	-175.016
1069	1234	78	0.87	-208.039
1268	1345	78	0.865	324.011
1069	1177	78	0.8625	-30.011
1134	1312	78	0.9003	29.973
717	940	78	0.9187	15.994
768	1268	78	0.8646	132.079
614	1247	78	0.8609	278.067
499	586	78	0.968	15.992
1153	1234	78	0.9858	15.993
1134	1286	78	0.9278	160.037
499	923	78	0.8684	2.015
499	614	78	0.8487	-86.004
593	668	78	0.9333	30.009
923	1268	78	0.9344	146.058
1247	1412	78	0.969	15.995
586	1234	78	0.9138	-162.031
668	1153	78	0.9136	-192.040
717	1286	78	0.874	179.080
614	1153	78	0.9391	-76.028
938	1134	78	0.9119	-13.977
1247	1268	78	0.9332	-43.990
752	768	78	0.8575	-15.995
586	717	78	0.9283	-17.025
586	593	78	0.9348	-15.993
1177	1412	78	0.8791	176.069
1177	1234	78	0.8866	-178.028
938	940	78	0.8847	-17.026
1092	1387	78	0.8823	-14.015
498	499	78	0.921	17.026
717	843	78	0.8889	47.036
843	1312	78	0.8881	1.980
768	1092	78	0.9177	146.058
1092	1286	78	0.9684	15.995
586	752	78	0.9433	15.996
923	1247	78	0.8751	190.048
1134	1177	78	0.869	13.979
593	768	78	0.9902	15.994
586	843	78	0.9205	30.011
1134	1412	78	0.8785	190.048
498	1153	78	0.8657	-145.006
586	784	78	0.9291	12.985
904	1247	78	0.9018	43.987
1177	1312	78	0.9322	15.994
784	1177	78	0.8574	3.012
923	1134	78	0.9751	15.995
904	1473	78	0.9352	-148.052
1312	1412	78	0.9098	160.074
938	1069	78	0.9068	30.013
1069	1286	78	0.8837	116.047
717	784	78	0.9306	30.010
614	1473	78	0.9125	86.027
499	1268	78	0.869	148.073
1153	1268	78	0.9072	310.105
586	938	78	0.925	15.995
1234	1312	78	0.9049	194.022
668	1268	78	0.895	118.064
1069	1312	78	0.9207	-14.017
1069	1412	78	0.9271	146.058
784	1412	78	0.895	179.081
2632	2633	79	0.7824	-18.010
581	1050	80	0.8567	-14.016
1123	1301	82	0.8797	15.995
1299	1302	84	0.8983	-17.026
837	1299	84	0.7234	-144.042
2470	2562	86	0.8014	-14.017
2592	2682	86	0.8794	-14.014
2592	2631	86	0.7631	-38.013
2470	2631	86	0.8065	-16.031
2470	2592	86	0.8815	21.983
2470	2521	86	0.8785	-2.017
2521	2631	86	0.872	-14.014
2562	2682	86	0.8531	21.986
2521	2682	86	0.7815	9.986
2631	2682	86	0.9255	24.000
2521	2802	86	0.7439	91.966
2470	2682	86	0.7973	7.969
2562	2631	86	0.8744	-2.014
2521	2592	86	0.8605	24.000
2631	2802	86	0.7088	105.980
2521	2562	86	0.7135	-12.000
122	1600	88	0.735	-68.139
1567	1571	90	0.7858	-45.058
796	1571	90	0.8256	18.011
796	1566	90	0.8726	46.042
796	1567	90	0.8063	63.069
813	1566	90	0.761	-12.036
1566	1567	90	0.851	17.027
1566	1571	90	0.8374	-28.031
813	918	90	0.7632	-28.032
1443	1571	90	0.7837	132.043
2488	2653	91	0.7308	-136.087
2627	2685	91	0.8516	-28.033
2488	2491	91	0.7714	-12.001
2627	2667	91	0.7782	-2.024
2653	2685	91	0.7466	15.991
2676	2724	92	0.9427	0.000
2676	2927	92	0.9004	39.993
2801	2927	92	0.9323	-4.031
2748	2849	92	0.8452	9.983
2849	2948	92	0.7858	-2.018
2751	2898	92	0.9297	-54.055
2751	2818	92	0.9389	-26.026
2750	2942	92	0.8997	-32.061
2818	2942	92	0.9304	-4.029
2841	2927	92	0.8983	47.998
2605	2720	92	0.7745	44.022
2751	2841	92	0.9101	-52.040
2750	2801	92	0.9163	-2.016
2676	2818	92	0.9279	18.008
2724	2818	92	0.9071	18.008
2676	2898	92	0.9177	-10.021
2898	2942	92	0.9476	24.000
2720	2948	92	0.7288	-6.047
2676	2942	92	0.9111	13.979
2751	2886	92	0.9265	-28.040
2750	2818	92	0.9118	-28.032
2750	2898	92	0.9031	-56.061
2801	2849	92	0.9206	24.001
2676	2829	92	0.9229	30.009
2801	2857	92	0.9265	-2.014
2402	2487	92	0.7413	-28.032
2676	2886	92	0.8927	15.994
2801	2942	92	0.9564	-30.045
2841	2898	92	0.9286	-2.015
2818	2927	92	0.9168	21.985
2676	2687	92	0.8955	2.015
2724	2829	92	0.9165	30.009
2898	2927	92	0.905	50.014
2801	2841	92	0.9352	-52.029
2487	2914	92	0.7454	-120.131
2402	2948	92	0.7135	-84.134
2720	2849	92	0.8262	-4.029
2886	2898	92	0.9344	-26.015
2857	2927	92	0.9451	-2.017
2605	2849	92	0.7654	39.993
2750	2857	92	0.8938	-4.030
2751	2849	92	0.8896	23.990
2818	2857	92	0.929	24.002
2818	2841	92	0.9371	-26.014
2818	2898	92	0.955	-28.029
2801	2886	92	0.946	-28.030
2841	2942	92	0.9022	21.985
2841	2857	92	0.8911	50.016
2886	2942	92	0.9182	-2.015
2724	2841	92	0.8859	-8.006
2750	2959	92	0.8735	-58.077
2783	2849	92	0.8057	-2.015
2720	2783	92	0.7355	-2.014
2750	2841	92	0.8929	-54.046
2801	2898	92	0.9485	-54.045
2857	2898	92	0.9236	-52.031
2751	2857	92	0.9165	-2.024
2687	2829	92	0.8794	27.994
2829	2927	92	0.8928	9.984
2857	2886	92	0.9185	-26.016
2857	2942	92	0.9538	-28.031
2751	2801	92	0.9753	-0.010
2687	2750	92	0.8742	44.025
2849	2927	92	0.8962	-28.032
2751	2942	92	0.9429	-30.055
2927	2942	92	0.9278	-26.014
2676	2841	92	0.898	-8.006
2801	2818	92	0.9589	-26.016
2751	2927	92	0.8991	-4.041
2687	2724	92	0.8955	-2.015
1632	1799	93	0.9026	-85.999
1053	1702	93	0.8718	93.079
1053	1478	93	0.9057	179.081
1053	1357	93	0.8697	47.037
1077	1478	93	0.846	18.012
1706	1799	93	0.8433	2.016
1477	1478	93	0.8894	-162.052
1474	1477	93	0.9401	-18.010
1357	1702	93	0.8604	46.042
1477	1702	93	0.8667	-248.054
1702	1706	93	0.9193	-17.027
1053	1706	93	0.8782	76.052
1357	1478	93	0.8651	132.045
1478	1702	93	0.9064	-86.002
1478	1706	93	0.8873	-103.029
2461	2553	94	0.7197	15.994
2352	2553	94	0.8996	-192.152
2517	2553	94	0.7157	15.994
2461	2517	94	0.7684	-0.000
2116	2140	95	0.9351	12.675
2114	2139	95	0.9126	12.342
2115	2139	95	0.9095	12.675
2139	2140	95	0.9265	-7.326
2115	2171	95	0.781	22.395
2139	2171	95	0.788	9.720
2116	2139	95	0.8879	20.001
2114	2116	95	0.9174	-7.659
2114	2171	95	0.7999	22.062
2114	2115	95	0.9487	-0.333
2115	2116	95	0.9339	-7.327
2116	2171	95	0.7107	29.721
2171	2172	95	0.9292	-5.675
2115	2140	95	0.9141	5.348
2140	2171	95	0.7311	17.046
2114	2140	95	0.903	5.016
1678	1718	97	0.7194	395.179
1718	1859	97	0.7437	32.026
1718	1858	97	0.7111	50.037
850	1055	98	0.8764	0.000
977	1055	98	0.8288	36.021
988	1035	99	0.7934	45.058
2696	2732	100	0.7912	-13.014
2584	2734	100	0.8543	-0.038
2696	2698	100	0.8747	3.008
2615	2696	100	0.8785	-15.019
2615	2698	100	0.8355	-12.010
2584	2696	100	0.8158	10.970
2584	2615	100	0.8152	25.988
2584	2697	100	0.8588	11.973
2474	2584	100	0.8534	-14.015
2618	2861	100	0.7858	313.971
2619	2698	100	0.9199	-14.016
2584	2619	100	0.8035	27.994
2699	2734	100	0.7981	-13.013
2698	2700	100	0.7868	1.008
2699	2732	100	0.801	-15.020
2697	2732	100	0.7997	-14.017
2616	2619	100	0.7972	-1.008
2696	2699	100	0.8584	2.005
2615	2699	100	0.8531	-13.013
2697	2699	100	0.9098	1.003
2698	2734	100	0.8708	-14.016
2619	2696	100	0.8418	-17.024
2619	2734	100	0.8429	-28.032
2615	2732	100	0.8165	-28.033
2474	2698	100	0.7885	-0.037
2616	2700	100	0.8611	-14.016
2619	2699	100	0.8721	-15.019
2615	2697	100	0.9001	-14.016
2619	2697	100	0.8724	-16.021
2615	2619	100	0.8755	2.006
2619	2861	100	0.8036	-278.297
2696	2697	100	0.9114	1.003
2697	2698	100	0.92	2.005
2584	2698	100	0.8919	13.978
2584	2699	100	0.8492	12.975
2697	2734	100	0.7868	-12.010
2698	2699	100	0.9256	-1.003
935	1155	101	0.892	-0.003
2200	2201	103	0.8883	-56.063
410	620	104	0.8926	0.000
955	1202	105	0.972	15.995
40	41	107	0.7724	-7.990
75	80	107	0.7349	10.985
54	67	107	0.8788	90.032
42	158	107	0.7213	0.012
42	53	107	0.7921	9.005
88	90	107	0.7599	152.084
42	67	107	0.8684	-81.026
40	56	107	0.8406	-263.071
41	67	107	0.8384	9.005
54	90	107	0.8959	-352.084
82	87	107	0.9464	342.116
75	81	107	0.8705	182.043
34	40	107	0.831	-90.030
41	42	107	0.8559	90.032
56	159	107	0.7793	263.071
87	88	107	0.8674	190.032
41	159	107	0.7928	7.990
53	67	107	0.7636	-90.032
41	158	107	0.7858	90.044
67	90	107	0.8388	-442.116
34	159	107	0.7734	-90.030
87	90	107	0.8858	342.116
34	56	107	0.8289	-353.101
40	159	107	0.9315	0.000
41	54	107	0.8547	-81.027
80	81	107	0.881	171.058
56	75	107	0.8434	-162.053
67	158	107	0.7711	81.039
42	54	107	0.7195	-171.059
1996	2070	112	0.7727	-86.000
1040	2130	113	0.7452	-56.062
1040	1043	113	0.7671	-18.011
1468	1510	114	0.8472	-21.891
1350	1510	114	0.8723	15.996
1607	1783	115	0.811	-30.010
1508	1607	115	0.8486	-2.016
1508	1783	115	0.7104	-32.026
2773	2775	117	0.7586	12.000
2915	2978	119	0.9009	0.001
344	385	120	0.8317	-0.984
385	495	120	0.8277	-33.984
1355	1356	121	0.936	-450.116
737	740	123	0.8079	-45.058
738	740	123	0.8088	-28.031
737	738	123	0.8939	-17.026
1573	1587	124	0.7047	-6.141
505	625	129	0.8108	0.059
1652	1786	130	0.8226	0.000
1245	1762	132	0.7795	-160.016
1290	1762	132	0.7788	-129.969
1245	1290	132	0.839	-30.047
2367	2877	134	0.7983	-98.145
2367	2880	134	0.8011	-124.161
2398	2877	134	0.7785	-84.129
2398	2880	134	0.7839	-110.145
2877	2880	134	0.8952	-26.016
2853	2877	134	0.7677	-14.015
2367	2853	134	0.7764	-84.130
2367	2398	134	0.7395	-14.016
252	257	136	0.8719	-23.016
244	252	136	0.8233	156.006
244	257	136	0.9054	132.990
1481	1509	137	0.8136	30.012
1509	1684	137	0.7947	-0.001
1481	1684	137	0.8282	30.011
628	1481	137	0.7816	34.005
789	1198	141	0.843	-32.026
1516	1518	144	0.784	-77.084
1754	1770	145	0.7318	-30.010
986	1267	146	0.7404	146.058
986	987	146	0.7888	-1.004
986	1141	146	0.827	15.995
848	880	147	0.8156	-53.048
876	880	147	0.8418	28.031
848	876	147	0.7707	-81.079
2508	2548	151	0.8719	-0.000
2655	2657	151	0.9245	-1.004
2655	2749	151	0.8781	-19.969
2749	2830	151	0.8613	-2.018
2548	2659	151	0.8963	-2.015
2749	2981	151	0.8187	-4.032
2508	2549	151	0.8284	-2.014
2655	2922	151	0.8995	-23.999
2334	2922	151	0.8443	-260.213
2657	2659	151	0.867	-25.013
2548	2830	151	0.8305	2.015
2508	2749	151	0.8194	4.033
2657	2830	151	0.8519	-20.983
2549	2830	151	0.8478	4.028
2549	2749	151	0.795	6.047
2830	2922	151	0.9075	-2.012
2508	2830	151	0.8798	2.014
2659	2922	151	0.9478	2.017
2508	2655	151	0.8885	24.001
2334	2657	151	0.8022	-237.218
2548	2922	151	0.8552	0.002
2830	2981	151	0.8702	-2.013
2508	2922	151	0.8947	0.002
2548	2981	151	0.8594	0.001
2549	2981	151	0.8287	2.015
2549	2922	151	0.8363	2.016
2922	2981	151	0.9049	-0.001
2655	2659	151	0.9456	-26.016
2548	2810	151	0.8513	21.990
2810	2922	151	0.853	-21.988
2548	2549	151	0.8333	-2.014
2657	2810	151	0.8928	-1.008
2657	2981	151	0.8058	-22.997
2508	2657	151	0.8249	22.998
2655	2981	151	0.8726	-24.000
2810	2981	151	0.834	-21.989
2659	2981	151	0.9168	2.016
2749	2810	151	0.852	17.957
2810	2830	151	0.8731	-19.976
2548	2749	151	0.8181	4.033
2548	2655	151	0.8728	24.002
2508	2810	151	0.8513	21.990
2655	2810	151	0.954	-2.011
2549	2659	151	0.8886	-0.001
2659	2749	151	0.8662	6.048
2659	2830	151	0.9557	4.029
2657	2749	151	0.7953	-18.965
2549	2810	151	0.8089	24.004
2508	2981	151	0.8823	0.001
2334	2655	151	0.8411	-236.214
2655	2830	151	0.9319	-21.987
2659	2810	151	0.8935	24.005
2657	2922	151	0.8246	-22.996
2548	2657	151	0.8142	22.998
2508	2659	151	0.9129	-2.015
489	1120	153	0.8308	-162.054
2497	2918	157	0.7409	-232.183
1981	2212	158	0.7914	-146.060
2005	2025	158	0.7741	150.053
2021	2213	158	0.7663	-40.032
2212	2217	158	0.7572	146.058
2000	2143	158	0.827	-2.015
2014	2053	158	0.7648	-473.174
2022	2216	158	0.8494	-0.175
1981	2005	158	0.8343	15.991
2203	2212	158	0.7782	-15.995
2004	2213	158	0.8316	-27.995
2213	2228	158	0.7966	-18.010
2025	2228	158	0.8162	146.059
2014	2217	158	0.7831	-148.036
2004	2228	158	0.8393	-46.005
2005	2053	158	0.8192	-341.131
2005	2014	158	0.8349	132.042
2000	2025	158	0.8063	-164.069
2216	2228	158	0.9093	0.000
2022	2025	158	0.8242	-146.234
2025	2216	158	0.7889	146.059
2001	2231	158	0.8001	-296.110
2053	2231	158	0.8195	341.133
2143	2227	158	0.8142	2.016
2021	2089	158	0.8125	-42.047
2001	2014	158	0.8854	-164.069
2014	2025	158	0.8489	18.010
2021	2143	158	0.8147	-42.047
2027	2203	158	0.7186	-132.041
2014	2027	158	0.7786	-146.058
2021	2226	158	0.8113	0.000
2000	2004	158	0.8726	27.995
2089	2213	158	0.7708	2.015
2005	2027	158	0.8424	-14.016
2004	2089	158	0.7663	-30.010
2000	2227	158	0.9398	0.001
2227	2228	158	0.826	-18.011
2027	2231	158	0.8334	14.017
2053	2212	158	0.8419	179.080
2143	2228	158	0.8132	-15.994
2000	2022	158	0.7835	-17.835
2004	2227	158	0.8648	-27.994
2001	2227	158	0.8235	18.011
2022	2231	158	0.786	-296.286
2022	2217	158	0.7707	-312.281
2022	2227	158	0.7818	17.836
2014	2022	158	0.8745	164.245
1981	2216	158	0.7659	312.103
2213	2227	158	0.8912	0.000
2025	2217	158	0.7682	-166.047
2001	2216	158	0.8651	0.000
2000	2001	158	0.8284	-18.010
2001	2004	158	0.8402	46.005
2005	2217	158	0.8418	-15.994
2000	2228	158	0.8305	-18.010
2001	2143	158	0.7954	15.995
1981	2231	158	0.8164	15.993
2001	2025	158	0.8266	-146.058
2005	2203	158	0.7943	-146.057
2143	2213	158	0.7723	2.016
2027	2212	158	0.7379	-148.036
2004	2022	158	0.8127	-45.830
2001	2022	158	0.9643	0.176
2025	2227	158	0.8253	164.070
2014	2216	158	0.8137	164.069
2089	2143	158	0.9105	-0.000
2212	2231	158	0.878	162.053
1981	2217	158	0.865	-0.003
2000	2089	158	0.7754	-2.015
2005	2231	158	0.933	0.001
2216	2227	158	0.7786	18.011
2217	2231	158	0.8331	15.995
2001	2228	158	0.9362	0.001
2014	2228	158	0.8464	164.070
2005	2212	158	0.8831	-162.052
2014	2231	158	0.8378	-132.041
2203	2231	158	0.7831	146.058
2000	2213	158	0.88	0.000
2025	2213	158	0.8239	164.069
2022	2228	158	0.9223	-0.175
2213	2216	158	0.7858	-18.010
2004	2216	158	0.7852	-46.005
2004	2143	158	0.8213	-30.010
2067	2257	159	0.8909	-70.079
2067	2146	159	0.9458	-14.016
2146	2393	159	0.8926	-112.125
2146	2330	159	0.9088	-84.093
2257	2330	159	0.91	-28.031
2067	2330	159	0.908	-98.109
2330	2393	159	0.965	-28.032
2067	2393	159	0.896	-126.141
2146	2257	159	0.8978	-56.063
2257	2393	159	0.9104	-56.062
1102	1482	160	0.8782	-30.008
1102	1124	160	0.7249	42.012
607	1464	163	0.7614	-136.015
928	1488	164	0.9836	162.051
613	788	164	0.8534	162.053
788	990	164	0.899	0.001
613	990	164	0.862	162.054
1002	1378	164	0.7257	225.121
1002	1377	164	0.71	162.052
974	1378	164	0.7705	197.089
788	974	164	0.737	-2.014
974	1316	164	0.7101	227.101
974	990	164	0.711	2.015
928	1000	164	0.8501	-30.010
1275	1316	164	0.7883	371.145
788	794	164	0.7473	35.037
664	1032	164	0.7506	197.091
990	1272	164	0.7132	18.010
1080	1565	164	0.9165	162.054
1020	1275	164	0.957	-0.000
664	1020	164	0.7055	18.010
920	1020	164	0.765	-371.144
1000	1080	164	0.8302	-30.014
664	1378	164	0.7207	359.143
1080	1466	164	0.711	192.064
664	1002	164	0.8938	134.022
605	928	164	0.7841	-144.039
605	1272	164	0.7688	18.010
605	932	164	0.7735	215.102
605	1273	164	0.7076	53.047
974	993	164	0.7346	51.020
664	974	164	0.9345	162.054
974	1032	164	0.7671	35.037
1272	1273	164	0.8724	35.037
920	1275	164	0.7416	-371.144
1002	1275	164	0.7164	-116.013
920	1316	164	0.887	0.001
974	1275	164	0.7347	-144.044
932	1491	164	0.9287	-0.001
788	1272	164	0.7377	18.011
1466	1488	164	0.8411	30.010
974	1020	164	0.7686	-144.044
1002	1020	164	0.7285	-116.012
1020	1316	164	0.8152	371.144
1020	1378	164	0.7557	341.133
868	993	164	0.7617	-2.015
1275	1378	164	0.7578	341.133
1466	1565	164	0.8054	-30.010
1316	1378	164	0.7834	-30.011
1002	1372	164	0.719	190.084
928	1466	164	0.7051	132.040
605	1491	164	0.7736	215.101
974	1002	164	0.8861	-28.031
794	990	164	0.7118	-35.036
605	1488	164	0.8052	18.011
1000	1466	164	0.9346	162.050
613	794	164	0.8279	197.090
920	1378	164	0.7722	-30.011
2100	2179	166	0.8373	-0.000
632	1480	167	0.811	-186.079
681	682	169	0.7216	-179.080
639	682	169	0.7326	-2.016
144	189	170	0.98	-0.008
189	2262	170	0.9435	0.008
144	2262	170	0.9574	0.000
483	795	171	0.7621	13.980
544	795	171	0.9456	15.996
817	1841	172	0.7119	-68.063
1841	1978	172	0.7375	-85.998
491	576	173	0.9785	15.992
491	787	173	0.9525	15.995
1815	1818	176	0.7061	28.031
228	231	178	0.9229	12.000
100	132	178	0.9137	78.033
95	135	178	0.9107	-12.037
200	228	178	0.8591	-49.020
256	292	178	0.9734	-33.984
101	200	178	0.9583	66.032
95	127	178	0.9344	78.033
95	266	178	0.8476	-26.051
135	266	178	0.8762	-14.014
127	132	178	0.8948	-27.995
200	292	178	0.8658	-33.026
135	136	178	0.8483	78.033
101	135	178	0.8589	14.974
256	266	178	0.9008	-66.031
228	292	178	0.8715	15.994
264	266	178	0.8438	-78.031
95	100	178	0.8779	-27.995
100	101	178	0.8657	0.984
95	101	178	0.8721	-27.011
61	79	181	0.8963	34.981
2708	2973	182	0.8055	1.978
2628	2903	182	0.8377	-2.053
2628	2708	182	0.8076	-6.046
2708	2903	182	0.8011	3.993
182	267	183	0.7393	-84.020
1313	1381	185	0.8751	-14.015
1266	1381	185	0.8247	-12.036
1266	1313	185	0.7645	1.979
1340	2214	186	0.8846	-0.000
446	656	186	0.9243	-0.058
3	7	186	0.9349	23.016
446	2214	186	0.966	0.000
1707	2214	186	0.9212	-0.000
191	516	186	0.8852	-9.984
191	447	186	0.901	2.016
446	447	186	0.9079	27.995
446	1340	186	0.8981	0.000
1340	1707	186	0.9129	0.000
656	1707	186	0.9159	0.058
191	1058	186	0.9385	-9.984
447	2214	186	0.8847	-27.995
516	1058	186	0.9318	0.000
3	11	186	0.9124	-23.016
6	7	186	0.9211	-18.011
446	1707	186	0.9228	0.000
656	2214	186	0.9056	0.058
656	1340	186	0.91	0.058
7	446	186	0.8892	55.945
447	1140	186	0.8914	0.000
3	19	186	0.9271	-1.001
1901	1935	188	0.8075	292.088
1204	1289	190	0.8919	-30.010
805	1289	190	0.8822	-11.999
805	1204	190	0.8962	18.012
969	1204	190	0.8832	15.995
2908	2909	191	0.8574	-1.003
1801	2046	192	0.748	-75.069
2178	2515	193	0.8277	347.106
116	175	196	0.7733	-93.026
1966	1967	197	0.8952	-474.115
1873	1966	197	0.8155	-14.016
1083	1199	199	0.8029	-30.010
804	1083	199	0.9011	15.995
804	1199	199	0.8187	-14.014
2349	2375	200	0.7308	23.999
1712	1713	201	0.8725	-45.058
1713	1715	201	0.8986	63.068
2715	2792	204	0.928	-28.032
2721	2843	204	0.856	23.992
2765	2780	204	0.8879	50.013
2715	2825	204	0.925	-54.049
2765	2825	204	0.919	-2.017
2796	2825	204	0.8747	-24.009
2792	2961	204	0.9168	21.986
2792	2796	204	0.8443	-2.008
2721	2825	204	0.8754	-52.042
2765	2852	204	0.8744	48.002
2825	2852	204	0.8743	50.019
2737	2825	204	0.9089	-28.033
2765	2864	204	0.8861	21.986
2721	2780	204	0.8883	-0.012
2737	2765	204	0.9086	-26.016
2715	2765	204	0.9227	-52.032
2715	2852	204	0.8947	-4.030
2737	2864	204	0.8913	-4.030
2744	2864	204	0.8676	-16.030
2792	2852	204	0.8521	24.003
2715	2961	204	0.953	-6.046
2780	2864	204	0.874	-28.027
2715	2721	204	0.8767	-2.007
2825	2961	204	0.9305	48.003
2721	2961	204	0.8797	-4.039
2796	2961	204	0.8917	23.994
2715	2796	204	0.893	-30.040
2780	2961	204	0.9082	-4.027
2765	2796	204	0.861	21.992
2852	2961	204	0.8916	-2.016
2744	2885	204	0.8337	-42.046
2715	2780	204	0.9045	-2.019
2765	2792	204	0.9039	24.000
2780	2852	204	0.8885	-2.011
2721	2796	204	0.8632	-28.034
2715	2737	204	0.9279	-26.016
2737	2792	204	0.8917	-2.016
2852	2885	204	0.8526	-52.033
2715	2864	204	0.9017	-30.046
2721	2864	204	0.8875	-28.040
2737	2961	204	0.9143	19.970
2864	2961	204	0.905	24.000
2737	2796	204	0.8827	-4.024
2721	2737	204	0.8794	-24.009
2737	2780	204	0.8901	23.997
2780	2825	204	0.8949	-52.030
2796	2864	204	0.9035	-0.006
2825	2864	204	0.9001	24.003
2780	2792	204	0.8742	-26.013
2765	2961	204	0.9216	45.986
2737	2852	204	0.8718	21.986
2780	2796	204	0.8528	-28.021
2721	2852	204	0.8727	-2.023
2792	2825	204	0.9055	-26.017
2721	2765	204	0.8655	-50.025
2852	2864	204	0.8942	-26.017
1333	1519	207	0.9322	15.995
2528	2540	208	0.7055	-144.116
1090	1677	209	0.9284	5.952
1946	2132	209	0.8579	-126.141
2050	2132	209	0.8561	-2.016
1504	1646	209	0.7947	-181.112
1090	2050	209	0.9042	-20.063
689	1646	209	0.773	-0.036
941	2132	209	0.903	-56.062
1855	2050	209	0.879	-2.016
1855	1946	209	0.8242	122.110
734	2029	209	0.9293	-8.099
1090	1946	209	0.8559	104.063
1864	1946	209	0.8476	112.126
1677	2050	209	0.9186	-26.015
1864	1945	209	0.8426	147.163
2029	2132	209	0.9036	-14.015
1156	2029	209	0.9241	-30.045
2029	2050	209	0.9251	-12.000
941	1677	209	0.9614	-28.031
1469	1504	209	0.8453	119.131
734	941	209	0.9219	33.948
734	2132	209	0.8515	-22.114
1864	2132	209	0.8888	-14.015
941	1469	209	0.9028	-14.014
734	754	209	0.8551	13.979
734	1677	209	0.9262	5.917
1156	1855	209	0.8605	-40.029
734	1090	209	0.907	-0.036
1945	2029	209	0.8726	-147.163
941	2029	209	0.9667	-42.047
1677	2132	209	0.8958	-28.031
754	1156	209	0.8885	7.967
734	1156	209	0.9018	21.947
1677	1864	209	0.8916	-14.016
1677	1946	209	0.8851	98.110
1156	1677	209	0.9262	-16.030
941	2050	209	0.9174	-54.047
1156	1864	209	0.844	-30.046
1864	2029	209	0.9034	0.000
396	1646	209	0.8205	-10.058
1864	2050	209	0.8533	-11.999
1156	1946	209	0.8465	82.080
1677	1855	209	0.8763	-24.000
941	1946	209	0.887	70.079
734	2050	209	0.8895	-20.098
734	1864	209	0.8462	-8.099
1090	2029	209	0.9262	-8.063
754	1090	209	0.9192	-14.015
941	1156	209	0.9272	-12.002
1945	2132	209	0.8579	-161.178
941	1864	209	0.9011	-42.047
1469	1646	209	0.8647	-61.981
1090	1864	209	0.8444	-8.063
1156	2050	209	0.9319	-42.045
1946	2050	209	0.8481	-124.126
1090	1156	209	0.9517	21.982
1090	1855	209	0.8519	-18.047
396	689	209	0.8305	-10.022
1946	2029	209	0.8919	-112.126
941	1090	209	0.934	-33.984
1677	2029	209	0.9741	-14.016
734	1946	209	0.8509	104.027
1109	1200	212	0.8546	-14.016
957	1029	212	0.8362	132.040
957	1109	212	0.8253	15.991
2327	2383	213	0.7418	197.089
2364	2383	213	0.8864	35.038
2327	2364	213	0.8068	162.052
1626	1800	218	0.7606	62.037
418	1039	225	0.8714	-42.010
1039	1569	225	0.8527	-42.011
418	1569	225	0.8052	-84.020
2111	2127	226	0.8252	-18.011
1697	1699	231	0.9133	-45.058
1561	1697	231	0.7924	-28.032
481	1206	233	0.8499	115.027
1887	1922	235	0.8664	30.011
2292	2447	236	0.7298	-2.016
295	823	237	0.8497	-28.031
2784	2786	241	0.9063	-0.001
2223	2233	246	0.7993	27.011
2221	2223	246	0.7795	-14.016
2221	2275	246	0.8206	14.975
2218	2223	246	0.8974	-24.000
2233	2275	246	0.8705	1.980
2187	2223	246	0.9338	-26.015
2223	2275	246	0.7216	28.990
2221	2233	246	0.8547	12.995
2187	2218	246	0.9082	-2.016
1099	2019	248	0.8854	-68.061
1432	1879	248	0.9035	-42.048
1099	1915	248	0.9017	24.058
558	739	248	0.888	-23.016
558	560	248	0.8825	-15.974
1432	1915	248	0.9386	-12.036
560	694	248	0.9141	-58.041
1879	1880	248	0.896	-442.148
1814	1915	248	0.9051	46.079
558	1879	248	0.9163	-68.062
1879	1915	248	0.8933	30.011
1432	1814	248	0.8837	-58.115
739	1432	248	0.8873	-2.999
558	1915	248	0.9146	-38.051
739	1915	248	0.9006	-15.035
1576	1915	248	0.915	-42.010
558	1432	248	0.9379	-26.015
560	1915	248	0.9089	-22.077
564	573	249	0.972	354.096
573	883	249	0.9289	-14.016
573	1062	249	0.9145	15.995
1059	1062	249	0.9178	338.100
983	1733	251	0.7168	-28.032
976	1737	251	0.8155	-28.032
976	983	251	0.817	-17.026
1733	1737	251	0.7879	17.027
968	1369	252	0.888	-26.015
1369	1610	252	0.8388	-2.016
968	1610	252	0.8959	-28.031
1669	1782	253	0.8238	-132.079
1668	1669	253	0.8841	-17.027
1502	1782	253	0.8965	162.052
1502	1669	253	0.8728	294.131
1668	1782	253	0.7765	-149.105
1502	1668	253	0.8365	311.158
1038	1295	255	0.8795	18.010
506	2080	260	0.7931	57.990
2923	2989	262	0.7767	36.000
2930	2962	262	0.9166	-1.980
2971	2989	262	0.8595	14.016
2923	2930	262	0.8946	21.984
2930	2989	262	0.8374	14.015
2923	2962	262	0.8975	20.004
2923	2971	262	0.9026	21.984
2962	2989	262	0.8172	15.995
2930	2971	262	0.9907	-0.000
2962	2971	262	0.9225	1.980
2406	2888	264	0.8044	-112.126
398	927	266	0.8163	115.025
701	704	267	0.9179	-432.126
114	234	268	0.748	0.058
108	2387	271	0.7979	-238.230
2288	2387	271	0.9513	21.985
2288	2337	271	0.9932	-2.015
2337	2387	271	0.9428	24.000
807	1564	274	0.7758	0.000
807	1848	274	0.7208	10.021
807	839	274	0.7671	-2.016
2376	2379	278	0.8618	-45.058
1902	1953	279	0.7496	73.039
1902	2076	279	0.7275	162.051
549	798	280	0.8971	15.996
1777	2159	281	0.965	0.000
2928	2939	282	1.0	0.009
954	1025	283	0.8069	-30.011
829	834	284	0.9215	86.000
601	878	284	0.833	197.091
834	878	284	0.8198	197.090
601	829	284	0.9127	-85.999
601	834	284	0.9454	0.002
608	878	284	0.8846	0.000
816	1847	286	0.7867	-0.000
86	259	287	0.9367	-24.011
259	421	287	0.9505	-29.994
712	1455	293	0.7656	-47.094
1455	1581	293	0.748	-14.016
2542	2730	294	0.8629	24.000
2298	2499	298	0.9333	0.000
1195	1201	298	0.8688	-1.003
1195	2298	298	0.8818	0.000
1195	2499	298	0.8815	0.000
1201	2499	298	0.8241	1.003
1201	2298	298	0.8196	1.003
1126	1447	303	0.7464	-26.014
1538	1742	304	0.8748	-40.942
1531	1557	304	0.8985	180.064
1531	1742	304	0.924	-86.000
1484	1538	304	0.8472	116.994
1557	1742	304	0.8584	-266.064
1531	1538	304	0.9285	-45.058
1470	1471	306	0.7321	-243.147
206	1470	306	0.7039	-89.015
2740	2803	314	0.9395	-2.016
513	778	322	0.8115	-12.001
553	778	322	0.8189	-17.026
1223	1418	327	0.893	15.995
1418	1670	327	0.8773	29.974
2061	2091	330	0.7383	-198.074
1856	2119	330	0.742	15.994
2091	2119	330	0.7498	-18.011
673	1985	334	0.8301	-72.058
672	673	334	0.8047	-32.027
672	1985	334	0.7524	-104.085
672	1106	334	0.7169	122.011
1307	1402	335	0.7135	-12.000
801	1365	337	0.7052	26.015
340	801	337	0.7167	1.944
657	801	337	0.7337	-45.080
240	246	338	0.7806	18.010
294	692	342	0.8489	-48.001
397	469	342	0.8658	57.021
294	503	342	0.8118	-99.068
294	469	342	0.9453	-14.016
469	692	342	0.8501	-33.985
13	17	343	0.8748	-77.959
2	9	343	0.8795	-41.026
9	17	343	0.8752	-54.943
2	13	343	0.9061	-18.011
9	13	343	0.9009	23.016
8	13	343	0.9226	5.005
8	17	343	0.8891	-72.953
8	9	343	0.9042	-18.010
2	17	343	0.8671	-95.969
2	8	343	0.9445	-23.016
2312	2351	347	0.7591	0.007
665	913	348	0.8845	49.979
521	665	348	0.8984	-63.995
521	913	348	0.9428	-14.016
1211	1213	349	0.868	-45.058
865	1178	350	0.7273	-114.033
865	1183	350	0.7478	-86.002
1178	1183	350	0.8002	28.031
901	1012	354	0.9426	-12.000
2832	2935	356	0.8333	-28.032
2935	2938	356	0.9016	35.037
1743	1745	363	0.7696	45.058
722	782	368	0.8414	-207.999
612	991	372	0.8845	15.995
525	825	374	0.8424	-2.015
1044	2133	376	0.733	-56.062
588	792	381	0.7747	-144.042
792	934	381	0.7087	102.031
588	934	381	0.7571	-42.011
588	749	381	0.72	-84.021
749	934	381	0.7472	42.010
1890	1893	382	0.8306	-18.011
155	180	398	0.804	-14.016
2570	2571	399	0.7889	-28.031
2567	2571	399	0.8362	-14.016
2568	2571	399	0.7564	-45.058
2567	2568	399	0.7796	31.042
2568	2570	399	0.8894	-17.027
2567	2570	399	0.8196	14.015
2624	2968	401	0.8452	15.995
425	453	406	0.7499	-171.046
697	698	407	0.8604	-1.002
698	703	407	0.9362	-1.003
697	703	407	0.8436	-2.005
642	711	412	0.8054	15.994
2591	2595	415	0.9732	-0.000
962	1179	417	0.8873	132.042
2800	2828	421	0.7111	-267.220
763	767	428	0.9336	18.011
476	763	428	0.8841	-14.016
475	476	428	0.9154	-18.010
475	720	428	0.9052	15.995
2366	2394	432	0.9437	60.021
1553	1761	447	0.8494	0.000
1611	1776	449	0.7952	0.000
131	197	450	0.9853	18.011
103	197	450	0.9938	66.032
119	197	450	0.9551	-12.000
119	131	450	0.9503	-30.011
103	131	450	0.9856	48.021
103	119	450	0.9584	78.033
2183	2281	452	0.8462	-0.000
1563	1748	460	0.8361	-0.000
2155	2309	462	0.8583	-92.063
1990	2163	466	0.7863	-26.016
1495	1543	467	0.8519	-14.015
2314	2316	469	0.8613	17.027
1121	1545	475	0.8314	-26.974
908	1121	475	0.8669	-0.000
864	1049	476	0.7226	32.027
1549	1582	482	0.8405	164.009
895	896	483	0.8913	-180.064
892	896	483	0.919	45.058
793	1746	489	0.8446	-2.001
1950	2102	492	0.936	-0.000
318	494	500	0.9416	-14.016
265	494	500	0.9274	-28.031
242	494	500	0.812	134.022
265	318	500	0.9404	-14.016
242	265	500	0.7952	162.053
265	2459	500	0.8962	-278.298
242	318	500	0.7765	148.038
1225	1226	510	0.9614	-17.026
1226	1227	510	0.8975	193.059
877	1226	510	0.8697	146.057
872	1226	510	0.8784	162.048
1225	1227	510	0.9108	176.034
872	1225	510	0.8649	179.074
2242	2245	525	0.9791	-14.016
2244	2245	525	0.9651	-28.031
2244	2246	525	0.8856	17.027
2245	2246	525	0.8913	45.058
2242	2244	525	0.977	14.015
2242	2246	525	0.8926	31.042
2573	2704	526	0.7873	26.019
2137	2138	538	0.7121	-0.250
2483	2532	543	0.8652	0.001
2483	2546	543	0.822	23.999
1954	1980	554	1.0	0.002
1232	1828	562	0.8877	162.054
1119	1128	563	0.7496	1.005
1784	1852	565	0.8773	-33.984
1174	1542	590	0.758	-120.057
2855	2924	595	0.7924	-28.033
85	124	597	0.9879	0.011
46	85	597	0.7758	-0.223
46	124	597	0.7773	-0.212
1456	1550	605	0.9319	-30.011
760	1173	607	0.7623	18.010
598	1308	621	0.7285	-10.021
2195	2196	623	0.9009	-1.003
2588	2776	626	0.8522	-0.001
891	1182	632	0.9039	-0.000
1624	1773	643	0.7292	162.052
1596	2733	655	0.7812	-40.085
255	290	667	0.8907	0.984
594	881	672	0.923	-0.000
