row ID,row m/z,row retention time,row ion mobility,row ion mobility unit,row CCS,correlation group ID,annotation network number,best ion,auto MS2 verify,identified by n=,partners,neutral M mass,230605_ED_dbgi_001152_01_03_nr8cent.mzML Peak area,230605_ED_dbgi_001162_01_03_nr8cent.mzML Peak area,230605_ED_Blank_ALC_nr8cent.mzML Peak area,230605_ED_dbgi_001175_01_03_nr8cent.mzML Peak area,230605_ED_dbgi_001161_01_03_nr8cent.mzML Peak area,230605_ED_dbgi_001144_01_03_nr8cent.mzML Peak area,230605_ED_dbgi_001142_01_03_nr8cent.mzML Peak area,230605_ED_dbgi_001153_01_03_nr8cent.mzML Peak area,230605_ED_dbgi_001185_01_03_nr8cent.mzML Peak area,230605_ED_dbgi_001182_01_03_nr8cent.mzML Peak area,230605_EDdbgi_001146_01_03_nr8cent.mzML Peak area,
1,332.21797427717786,1.9073032,,,,,,,,,,,6.4141164,0,0,0,0,20.218182,0,6.1525397,8.437817,5306.2783,0,
2,289.09258452010965,1.9190222,,,,,,,,,,,12.542484,0,0,0,0,12648.67,115.12912,0,0,0,0,
3,298.0931159800558,1.9162375,,,,,,,,,,,0,0,0,0,26.352282,10764.526,1230.1978,0,5.0473514,0,0,
4,316.1183741119801,1.9178625,,,,,,,,,,,0,0,0,597.2368,122.37136,2966.5664,0,0,0,241.96811,0,
5,435.1507209446761,1.9191041,,,,,,,,,,,0,0,0,41.66194,0,5201.127,61.871353,0,0,0,31.901493,
6,457.1324713128483,1.91885,,,,,,,,,,,0,0,0,0,0,3905.4824,0,0,0,0,0,
7,220.11859868230144,1.9287611,,,,8,,,,,,,3878.7039,5655.816,0,7359.7476,7177.651,6407.262,26133.424,16899.225,0,287.49533,15944.984,
8,202.107720336162,1.929252,,,,8,,,,,,,434.28275,751.74915,1.5622101,882.2471,0,707.4216,4332.707,2741.0935,0,7.961565,2596.9585,
9,570.2029022524306,1.9293333,,,,,,,,,,,6751.985,0,0,529.5803,0,0,0,183.15717,0,4.136831,0,
10,368.0974464264783,1.9444427,,,,,,,,,,,0,737.03394,0,0,135.4003,0,73.41199,3667.26,76.67028,1365.332,5153.9453,
11,105.07028593507316,1.9456639,,,,,,,,,,,0,30.389366,7.5322447,0,49.829414,528.2122,0,2838.3594,32.443237,0,0,
12,337.15071483771146,1.9533199,,,,,,,,,,,0,0,0,0,0,1351.8274,3307.7146,27.080702,196.67897,0,137.667,
13,680.1964172407181,1.9861001,,,,,,,,,,,7942.1914,1439.0504,0,2569.296,0,0,0,743.0926,576.7239,0,82.94577,
14,229.15543701462346,1.988146,,,,,,,,,,,0,275.17365,0.63278157,280.83618,452.0849,490.12708,0,329.2284,0,46971.293,271.16803,
15,370.0343036546526,1.988361,,,,,,,,,,,0,0,0,0,55.342457,0,0,0,0,10388.042,52.95594,
16,517.1556979892708,1.9929777,,,,,,,,,,,6429.8047,0,0,0,0,0,0,0,11.222002,0,1041.4454,
17,292.99844483970935,2.00615,,,,,,,,,,,139.78845,0,0,240.42859,0,836.52057,439.3219,88.4268,146.08658,0,5838.09,
18,253.1182584289358,2.009796,,,,,,,,,,,0,0,1.855773,0,173.35663,0,33.997494,0,0,6320.0425,0,
19,429.98391360795296,2.021425,,,,,,,,,,,0,0,0,0,7558.7036,0,0,0,3840.798,0,0,
20,618.0154015545804,2.021425,,,,,,,,,,,0,0,0,0,10996.21,0,0,0,2475.535,0,0,
21,239.99627925027704,2.0245583,,,,,,,,,,,0,0,0,0,4209.607,3567.014,0,0,0,0,0,
22,137.06069499880945,2.0346165,,,,,,,,,,,0,298.45874,6.89412,0,0,0,0,0,66.43164,9638.904,0,
23,263.0972948460696,2.03245,,,,,,,,,,,0,17.936865,0,0,0,0,0,0,0,2460.3835,0,
24,339.10544374879987,2.032125,,,,,,,,,,,0,0,0,0,0,0,0,83.44678,0,2513.7446,0,
25,345.14559132645536,2.0314233,,,,,,,,,,,0,0,1.6949276,75.815506,43.960228,0,0,0,20.148054,5571.403,0,
26,436.13890791367777,2.04624,,,,,,,,,,,3230.8188,9893.618,0,0,0,0,0,0,7732.0776,877.06384,3287.6145,
27,300.2178998778092,2.0508666,,,,,,,,,,,0,0,0,0,0,0,52005.062,0,0,0,0,
28,301.22106541283927,2.0508666,,,,,,,,,,,0,0,0,0,0,0,10163.777,0,0,0,0,
29,617.2779109690898,2.067425,,,,,,,,,,,0,0,0,0,4.646368,0,0,0,0,6699.7036,0,
30,307.16916501994376,2.0721643,,,,,,,,,,,3013.398,0,0.43419456,0,1620.043,1114.9626,2494.3374,0,1062.54,1283.4475,0,
31,178.05010120473273,2.0752687,,,,,,,,,,,0,46.731514,0.61278695,1263.4535,202.58423,5.6794634,7209.057,52.71491,0,0,70.08673,
32,188.0355741563247,2.0734043,,,,,,,,,,,0,0,0,1583.4558,0,0,8797.562,112.26262,6.8076963,0,0,
33,206.04567095880444,2.0742435,,,,,,,,,,,0,313.12585,0.51036805,10237.033,0,0,56595.676,344.13684,0,0,0,
34,123.0448870283159,2.0899084,,,,,,,,,,,544.2877,152.45906,0,0,87.01358,69.91797,0,0,186.31104,13444.906,0,
35,325.0581076881894,2.0919251,,,,,,,,,,,245.26974,0,0,0,0,0,0,0,0,3442.651,0,
36,343.0671829556535,2.0919251,,,,,,,,,,,1110.5612,0,0,0,0,0,0,0,0,19282.29,0,
37,239.14949039701662,2.0972426,,,,,,,,,,,3444.4497,3458.4497,5378.2334,3638.898,2010.4802,3758.6458,3920.643,4060.2559,1891.9009,3820.8723,2822.2014,
38,261.13140153629286,2.0967934,,,,,,,,,,,2394.0906,2759.547,4329.323,3282.555,1913.0514,3327.267,2931.8071,3532.5554,3058.816,0,1374.4099,
39,789.2082760547971,2.1006665,,,,,,,,,,,31102.938,0,0,0,0,0,0,0,0,0,18845.125,
40,237.12484775453353,2.1024098,,,,,,,,,,,13.639288,0,1.8907893,0,50.940186,57.615177,0,0,0,3985.88,0,
41,267.1343860720929,2.1023612,,,,,,,,,,,35.315773,25.793552,3.529817,0,0,62.170273,0,0,24.191784,5343.2705,0,
42,266.14016705059015,2.1296723,,,,,,,,,,,0,0,1.0683455,0,0,0,0,0,5.0630426,6271.415,0,
43,166.08690886109304,2.1345599,,,,,,,,,,,0,0,2.1618605,0,0,36.77256,0,0,6.8287435,11870.913,2716.995,
44,298.09759876957565,2.1392334,,,,26,,,,,,,15948.528,32712.693,19.875679,17186.148,34934.324,22473.305,19477.82,39020.145,33302.96,14905.056,30026.895,
45,136.06252124316882,2.140052,,,,26,,,,,,,3757.8792,7840.747,4.804836,0,8357.721,5186.0146,0,9423.054,7917.2583,0,7008.1777,
46,448.1937798519512,2.1489103,,,,,,,,,,,0,491.52936,0,180.01541,587.4679,205.46147,14426.954,8982.473,118.60849,0,7262.454,
47,277.1184601961393,2.166275,,,,,,,,,,,22.399193,0,0,0,0,0,0,0,0,5071.2896,0,
48,371.0613921426639,2.1702042,,,,20,,,,,,,258.7584,7415.9517,0.272846,0,0,0,0,0,0,32980.754,0,
49,773.213124940957,2.17105,,,,,,,,,,,0,4263.6187,0,0,0,3.8610194,0,0,0,0,0,
50,159.09249650692112,2.180644,,,,6,1,[M+NH4]+,,2,50;53,141.05868,511.1478,1170.6301,1.0439914,752.69836,412.60062,1283.3752,4988.0293,1210.9011,3335.7212,2923.5967,2319.2412,
51,146.060995522741,2.18003,,,,6,0,[M+NH4]+,,2,51;52,128.02696,3420.2305,6671.2085,3.0504937,6335.4937,3604.3494,10858.799,28880.24,10349.81,18547.082,16387.27,19934.303,
52,170.0605653445711,2.1804128,,,,6,0,[M+ACN+H]+,,2,51;52,128.02696,318.73376,911.7925,0,622.4896,252.75705,949.90295,3540.8892,0,2659.5242,1596.0171,2565.2942,
53,188.07144214523998,2.1808953,,,,6,1,[M+HFA+H]+,,2,50;53,141.05868,24270.74,69061.51,31.370438,44383.086,24630.73,72411.44,168112.1,66967.85,77350.06,108787.17,128017.65,
54,205.09787370311403,2.1809387,,,,6,2,[M+NH4]+,,2,54;53,187.06411,3572.1526,6476.9697,0,6081.1157,3153.5457,11671.136,15542.333,10858.101,15484.891,0,21773.754,
55,144.08142853385175,2.1816747,,,,,,,,,,,689.0648,1753.4648,1.6476827,1249.622,527.11475,2806.8857,5408.5234,1772.4939,3514.8748,0,3713.7188,
56,557.1759983318801,2.1818612,,,,,,,,,,,0,50.469883,0,0,0,0,0,939.65515,0,0,3739.0557,
57,516.1975265994977,2.18165,,,,,,,,,,,0,181.11375,0,0,0,4528.741,0,589.41656,684.67633,0,0,
58,132.04517139289936,2.1917915,,,,,,,,,,,81.98613,229.14798,0,51.34565,512.0159,24285.336,0,960.80585,868.33936,0,196.07379,
59,353.05061632068276,2.1945055,,,,20,,,,,,,3511.427,10674.159,0,0,0,0,0,0,0,22043.104,0,
60,223.1337288644201,2.2113833,,,,,,,,,,,28.526478,0,0,0,0,0,3652.3538,0,0,0,0,
61,275.9723143244999,2.2131631,,,,,,,,,,,0,0,0,0,7202.936,1843.163,1791.0337,620.4061,1390.8445,0,0,
62,314.23363554964897,2.2201166,,,,,,,,,,,0,0,1.7860824,0,0,0,63989.113,0,0,0,0,
63,315.2366397407808,2.22255,,,,,,,,,,,0,0,0,0,0,0,13288.064,0,0,0,0,
64,384.09260711766825,2.2209167,,,,,,,,,,,1.7932973,0,0.37370467,0,0,0,0,0,0,0,3252.578,
65,311.0403965525968,2.2429478,,,,,,,,,,,0,0,1.2456297,22935.729,57499.984,41454.637,27960.781,14278.921,23158.045,33808.97,0,
66,391.20082764995647,2.2449334,,,,,,,,,,,0,0,0,0,0,0,0,0,0,6233.8096,0,
67,294.0613455129006,2.249264,,,,,,,,,,,0,361.81897,0,2653.8652,0,23616.031,22717.64,867.8839,3409.26,0,0,
68,312.04542679064525,2.25747,,,,,,,,,,,0,0,0,0,14529.809,3811.656,2114.485,0,1910.1953,0,301.4619,
69,473.0718425976282,2.2578814,,,,,,,,,,,0,0,0,553.7237,5465.671,1381.6841,505.8546,416.20312,807.68774,3820.5928,48.3102,
70,295.06165188036914,2.25762,,,,,,,,,,,318.16998,0,0,1130.74,9459.34,5657.1616,5001.9897,814.1576,1356.8516,4952.41,547.1202,
71,117.03423061132052,2.2580042,,,,,,,,,,,0,0,0,6592.798,0,0,4244.4067,0,0,7984.8887,11474.1045,
72,218.0826711864761,2.2592793,,,,,,,,,,,0,0,0,207.6283,0,8925.585,0,8.443873,0,0,14.902982,
73,264.0880010701797,2.2598934,,,,,,,,,,,0,0,0.6491446,287.38477,0,8106.4385,0,0,0,11.578241,6.997823,
74,325.09216187734216,2.2582417,,,,,,,,,,,0,14774.713,0,0,0,0,0,1745.7129,2507.7808,4186.668,0,
75,413.14138654233903,2.2679777,,,,,,,,,,,0,0,0,0,360.43616,1284.1636,3009.5376,0,0,0,0,
76,135.04468721190358,2.2764707,,,,18,,,,,,,0,16094.619,16.93145,18703.895,0,0,13017.165,0,0,0,0,
77,163.03991927272483,2.27325,,,,18,,,,,,,0,173998.0,16.262918,246801.16,0,0,189454.77,0,0,0,0,
78,365.084548159356,2.2790463,,,,,,,,,,,19049.11,22650.13,0,11837.901,10691.8,1312.4431,0,19145.61,8986.26,10148.126,10797.74,
79,179.035085034916,2.2773733,,,,,,,,,,,418.09247,0,0.049996138,0,38805.984,25057.941,0,0,12727.257,0,0,
80,206.04541056707453,2.2803714,,,,,,,,,,,0,1839.1931,0,0,10248.022,10024.041,0,22665.55,5574.534,5112.3604,23764.447,
81,293.1499642815219,2.2847302,,,,,,,,,,,0,0,0,534.35724,2912.123,3381.6208,278.6594,0,0,0,517.16296,
82,595.1871691499707,2.2853417,,,,,,,,,,,0,0,0,0,0,0,21751.287,0,0,0,4917.066,
83,212.16561039522992,2.2881668,,,,,,,,,,,7.488862,0,1.8384756,0,2.2802715,0,3570.3987,0,0,0,0,
84,421.2194306255414,2.2922447,,,,,,,,,,,0,2.6790924,0,58.82933,0,0,0,0,0,3534.3906,0,
85,283.175438143164,2.2912607,,,,,,,,,,,777.8418,1393.3933,2774.1997,1124.4288,1005.7377,2244.1575,1394.1134,1543.5498,931.1331,1412.3506,1006.6417,
86,555.221744026174,2.3027332,,,,,,,,,,,5046.3228,1328.8264,0,2520.523,0,0,0,1094.9509,942.89136,0,3388.6982,
87,476.2266214993163,2.3033416,,,,,,,,,,,0,9.463642,0,0,0,0,0,4304.0947,0,0,0,
88,446.17840095608614,2.3133667,,,,,,,,,,,5189.0347,3453.178,0,1692.169,378.19366,405.16687,0,0,0,3645.2231,0,
89,341.08682916596507,2.3254743,,,,,,,,,,,4635.758,2952.4365,1.4624906,9418.685,10913.774,3381.8179,8820.258,4569.2344,3193.9897,1610.2239,9244.202,
90,307.08215642599873,2.3269918,,,,,,,,,,,55251.957,0,0,33.257484,8024.95,0,0,0,0,0,77.524445,
91,396.01412849453004,2.3324168,,,,,,,,,,,0,0,2.8054352,18343.037,0,0,15598.408,0,15612.113,0,17298.324,
92,416.06108228044536,2.342539,,,,,,,,,,,0,0,0,0,0,7534.834,364.04904,0,5450.207,0,0,
93,397.07449835504167,2.346333,,,,,,,,,,,0,0,0,0,10.460377,532.9216,5235.3486,0,5476.3174,0,744.86115,
94,375.09246241850565,2.346473,,,,,,,,,,,87.98453,0,0,572.4536,630.72437,9651.237,64798.84,591.3095,89531.266,0,14761.844,
95,308.11325582857586,2.3470416,,,,,,,,,,,799.5437,33.482338,0,2471.4224,14898.368,1376.1499,0,0,0,0,558.124,
96,494.1653559800714,2.3528168,,,,,,,,,,,2868.6365,2419.4724,0,0,0,4383.4,0,0,0,0,0,
97,295.1663353450344,2.360929,,,,,,,,,,,0,0,0.23939821,0,0,165.01938,0,0,0,10211.001,20.077528,
98,641.1349396569822,2.378529,,,,25,,,,,,,0,34854.266,0,0,0,0,0,7124.8306,0,37829.03,8477.842,
99,627.1553418384343,2.3816082,,,,,,,,,,,50314.883,66796.11,0,3241.2493,0,0,11034.064,0,0,65135.32,105089.555,
100,460.25389767151887,2.3868585,,,,,,,,,,,0,0,1.7314467,0,0,0,46413.426,0,0,0,0,
101,951.2400946717562,2.3935833,,,,,,,,,,,13624.665,9420.84,0,0,0,0,0,0,0,0,0,
102,399.1763512203381,2.3962,,,,,,,,,,,0,0,0,0,0,0,11997.885,0,0,0,0,
103,301.0345384423937,2.3996093,,,,25,,,,,,,0,10133.958,0,149.5984,0,100.28616,1926.3116,937.63745,0,9001.671,718.4743,
104,182.00930429526838,2.401671,,,,,,,,,,,0,17.12748,1.2105739,0,0,2626.5288,0,0,0,0,3.5387487,
105,773.2130961627831,2.40418,,,,,,,,,,,0,0,0,4979.34,0,0,3846.3577,8840.348,0,21494.213,23305.191,
106,935.2452402774568,2.41685,,,,,,,,,,,15998.003,0,0,0,0,0,0,0,0,0,0,
107,458.2385929222858,2.4189222,,,,,,,,,,,3.8369598,0,0,0,0,0,42059.4,1.1070426,0,0,0,
108,265.15545211513626,2.4242213,,,,,,,,,,,0,23.211273,0.92262185,219.46231,0,135.1599,0,37.88299,0,3359.2263,12.056758,
109,597.1458981409108,2.4401224,,,,,,,,,,,0,51311.785,0.24779859,0,0,0,0,0,0,0,497.19086,
110,450.1548133655032,2.4450166,,,,,,,,,,,0,6825.661,0,893.5003,0,11.219166,0,0,0,7109.3525,4.3123245,
111,120.04530470579111,2.4630783,,,,,,,,,,,302.99228,694.2379,0.8612217,0,2946.214,0,790.0849,1066.553,2969.4412,0,0,
112,399.1658986393289,2.4632416,,,,,,,,,,,0,0,0,0,3054.7688,0,244.89554,311.2201,113.45372,0,0,
113,190.05060469696764,2.463072,,,,,,,,,,,5486.329,0,4.123475,0,3420.2104,0,10026.562,1512.3901,1252.9454,0,0,
114,360.12914052400856,2.466538,,,,,,,,,,,0,1627.2766,0,553.50244,0,2679.1978,3072.0962,2190.1013,0,823.8069,959.39844,
115,300.16048678727225,2.47375,,,,,,,,,,,0,0,3.3687139,0,0,0,8.660572,65564.695,0,0,0,
116,151.0393804950172,2.4800556,,,,,,,,,,,0,0,1.3418633,0,0,0,0,0,0,26.718998,6177.5293,
117,179.03516411699735,2.476104,,,,,,,,,,,0,586.49146,0.020151487,1064.0583,0,0,0,0,0,0,63488.047,
118,197.0441123311731,2.4776,,,,,,,,,,,0,0,0,0,0,0,0,5.1181793,0,0,2505.9236,
119,265.0352646931945,2.477361,,,,,,,,,,,0,8.043403,0,0,0,0,0,12.498244,0,0,3944.8992,
120,305.02680518078154,2.4802666,,,,,,,,,,,0,0,0,102.5041,0,0,0,0,5.742873,0,8213.997,
121,620.0070926171522,2.4787416,,,,,,,,,,,0,0,0,19.47372,0,0,0,0,0,0,5251.005,
122,127.0400552339464,2.480862,,,,16,,,,,,,0,0,1.4220984,67.30919,2963.176,70571.96,226103.66,0,43757.742,0,74829.96,
123,444.26017243031333,2.4841888,,,,,,,,,,,1.2008232,0,0,0,0.74531883,0,154427.12,0,0,0,0,
124,478.170957037597,2.4907835,,,,,,,,,,,0,0,0,0,0,18713.297,0,0,4.734497,0,6.0959206,
125,310.0926395530135,2.49604,,,,,,,,,,,142.499,148.36205,0,0,2919.7632,0,0,414.40594,359.49384,0,0,
126,355.1027527337282,2.5066917,,,,28,4,[M+H]+,,1,129,354.09553,48383.484,77181.75,1.680675,0,0,0,0,90738.805,1358.2477,0,47905.43,
127,145.0499966433274,2.5073166,,,,,,,,,,,0,0,0,0,0,0,5919.7476,0,0,0,0,
128,337.0917825915041,2.5107584,,,,,,,,,,,0,2569.8403,0,0,0,5.0248814,0,5666.751,0,0,1383.5688,
129,377.08479252156076,2.5087945,,,,28,4,[M+Na]+,,2,126;129,354.09553,0,12152.437,0,0,11.428696,0,0,10375.686,0,0,0,
130,356.1055417980974,2.5110402,,,,,,,,,,,0,7794.495,0,38.02284,0,37.7343,0,8786.416,0,0,8736.307,
131,433.1353513654849,2.5135972,,,,16,,,,,,,0,0,0.622198,0,9139.069,211738.72,513074.94,0,38003.72,0,222385.33,
132,455.116605409783,2.5134,,,,,,,,,,,0,0,0,0,0,1068.857,0,0,4823.3457,0,0,
133,353.0870036088118,2.5116167,,,,,,,,,,,18421.664,0,5.182446,123.04403,0,0,0,0,0,0,8144.617,
134,323.0554714388337,2.5177333,,,,,,,,,,,0,0,0,0,8080.224,0,0,0,0,0,0,
135,615.9777467355342,2.5289667,,,,,,,,,,,0,0,0,0,7785.7427,0,0,0,0,0,0,
136,291.174289850715,2.5316668,,,,,,,,,,,0,789.61914,0,741.958,330.88828,0,725.52454,2761.1133,0,0,1503.103,
137,281.02973736032453,2.5343332,,,,,,,,,,,0,0,0,0,12957.128,15336.177,13779.643,0,0,0,0,
138,921.22900286024,2.5430667,,,,,,,,,,,0,7631.772,0,0,0,0,0,0,0,0,0,
139,234.14933698642943,2.5404415,,,,,,,,,,,0,0,1.2797837,0,0,2737.1213,0,0,0,0,0,
140,472.2551379497208,2.5499835,,,,,,,,,,,0,0,0,0,0,0,11971.062,0,7.2779474,0,0,
141,493.1458573475474,2.5510638,,,,,,,,,,,640.8745,0,0,0,0,0,242.47153,928.3133,670.0287,2686.9077,2860.37,
142,757.218202724874,2.553953,,,,,,,,,,,0,366.75708,0,831.4313,3.8593988,0,303.4599,15328.361,0,0,1184.6697,
143,147.04485944192947,2.5550084,,,,,,,,,,,0,0,0.4188506,0,25711.324,14553.132,0,0,0,0,18481.275,
144,581.150328599799,2.5650334,,,,,,,,,,,0,82891.6,0,0,0,0,0,0,0,0,0,
145,625.1396408395121,2.5650084,,,,,,,,,,,0,25816.707,0.91057324,0,0,0,652.8277,5333.0107,0,0,0,
146,534.1606042708563,2.5675166,,,,,,,,,,,0,0,0,0,0,3051.846,0,0,0,0,0,
147,434.11174626450304,2.5692415,,,,,,,,,,,5584.252,0,0,8.582283,0,0,0,0,0,0,0,
148,611.161266951875,2.5733,,,,,,,,,,,24621.674,152543.7,0,0,0,0,0,0,0,0,0,
149,420.1869688315998,2.5839584,,,,,,,,,,,1019.93976,4107.145,0,0,944.1497,0,0,574.47723,4964.8647,0.32649255,0,
150,291.0857803712028,2.5900888,,,,,,,,,,,0,0,0,12597.41,0,0,0,13.470669,0,7.16418,0,
151,489.06633047162575,2.59357,,,,,,,,,,,0,0,0,15.601767,1411.6243,0,695.03394,0,6398.463,14.746458,0,
152,146.08146014200713,2.5960333,,,,,,,,,,,7.3293667,0,2.2734535,0,0,0,151879.25,0,22.039974,0,0,
153,298.2023634484603,2.5962834,,,,,,,,,,,0,0,0,0,0,0,219586.31,0,0,0,0,
154,344.1862324872728,2.604675,,,,,,,,,,,2511.495,0,4.485482,19.239662,0,0,0,0,0,22853.172,0,
155,406.1646722969441,2.6055918,,,,,,,,,,,0,0,0,0,23413.176,0,0,0,0,1481.7092,0,
156,539.1982860459483,2.612333,,,,,,,,,,,0,0,0,2880.12,0,0,0,0,0,0,0,
157,293.1163108519296,2.6280334,,,,,,,,,,,0,0,0,0,6748.547,0,0,0,0,128.27641,0,
158,167.07017542281642,2.6374917,,,,,,,,,,,0,0,6.4852676,0,0,0,11300.019,0,0,0,0,
159,458.27546460825675,2.6367834,,,,,,,,,,,0,0,0,0,0,0,108001.914,0,0,0,0,
160,233.09603537395367,2.63815,,,,,,,,,,,0,0,0,0,0,0,0,0,0,3812.5781,0,
161,569.5757476032175,2.63815,,,,,,,,,,,0,6591.3643,0,0,0,0,0,0,0,0,0,
162,317.1375538036972,2.6414163,,,,,,,,,,,0,0,0,0,0,0,0,0,0,0,2756.2031,
163,173.13352611311083,2.643258,,,,,,,,,,,114.27001,0,0,0,0,8258.723,0,0,0,0,0,
164,191.14343149056614,2.6434164,,,,,,,,,,,167.40027,0,1.8034415,0,0,6514.336,0,0,0,0,0,
165,161.0602386711382,2.6538968,,,,,,,,,,,0,243.7283,2.300643,6193.435,0,556.8519,0,0,0,0,7384.006,
166,521.2018099961944,2.6537251,,,,,,,,,,,710.1915,0,0,7876.4307,0,797.03,0,0,0,0,6995.315,
167,431.77328664891127,2.65675,,,,,,,,,,,0,0,0,0,0,0,0,0,0,7201.046,0,
168,540.2589220162948,2.656225,,,,,,,,,,,137.95332,0,0,0,0,0,0,0,0,7072.473,0,
169,442.09244738897894,2.6589499,,,,,,,,,,,92.50726,77.36316,0,0,2566.2874,0,746.3336,2547.0247,0,0,0,
170,411.16229054783895,2.6601138,,,,,,,,,,,0,114.112854,1.0417153,0,1779.437,4570.0215,455.51282,8688.021,0,0,0,
171,209.11775936259426,2.6622438,,,,4,,,,,,,0,141.7256,5.221284,28.992685,9376.005,20663.553,1187.7397,13037.007,0,0,83.375336,
172,409.112331356228,2.6615334,,,,,,,,,,,0,0,0,5537.476,4033.691,0,0,0,0,0,0,
173,191.10689739542946,2.6625473,,,,4,,,,,,,0,71.979034,1.8960029,6.879294,0,10265.555,570.9714,5823.973,0,0,0,
174,935.2439665198417,2.6733167,,,,,,,,,,,0,20380.49,0,0,0,0,0,0,0,26468.822,4.2921753,
175,905.2348585718468,2.68275,,,,,,,,,,,0,27792.977,0,0,0,0,0,0,0,0,0,
176,175.14881279980875,2.6913457,,,,,,,,,,,0,0,0,10300.446,0,18935.21,0,56.373627,0,0,21629.1,
177,251.13953659940793,2.6940334,,,,,,,,,,,0,0,1.8261029,0,174.84232,0,502.3844,2857.099,0,139.38072,285.1084,
178,195.0651639141721,2.6991334,,,,,,,,,,,164.84866,0,0,1041.7761,0,0,0,0,626.263,0,5991.3696,
179,312.18129733021965,2.7015333,,,,,,,,,,,0,0,2.1038456,0,0,0,18564.05,0,0,0,0,
180,207.06586833188467,2.7052083,,,,,,,,,,,0,1162.3425,0.97462726,0,1382.3444,947.6345,2064.0112,8263.057,0,1468.462,272.51453,
181,209.15404576723392,2.7082732,,,,,,,,,,,10900.236,0,1.1345726,6941.5205,9291.362,11535.165,0,12552.74,8678.482,0,43502.453,
182,313.1439234441706,2.72075,,,,,,,,,,,0,0,0,8265.838,0,0,0,0,0,0,0,
183,330.1709193664601,2.720411,,,,,,,,,,,16800.87,0,1.0030847,0,0,0,37.077557,0,0,0,0,
184,377.1456982982969,2.724665,,,,,,,,,,,192.6206,882.95264,2.7985506,0,4885.2363,0,301.77197,772.50757,611.76013,3232.0056,0,
185,177.0553296416004,2.727761,,,,,,,,,,,0,18998.225,3.674601,23725.96,21650.584,16104.894,10521.473,0,86620.26,6792.343,36359.72,
186,189.1276817468853,2.736039,,,,,,,,,,,8697.205,2522.4624,4.706901,0,944.8984,3886.5083,5081.596,7149.4814,0,2404.7876,10175.151,
187,353.0880760114623,2.7376084,,,,,,,,,,,0,41941.76,0,0,4.3631177,0,0,0,0,0,0,
188,207.1386147231034,2.7410853,,,,,,,,,,,14750.78,3258.19,2.183677,3347.655,0,9649.732,0,14581.932,601.047,0,9274.742,
189,443.2974266604341,2.7459667,,,,,,,,,,,858.7396,660.40283,0,0,2535.3525,3765.5386,171.29602,0,568.8455,14736.882,895.3496,
190,187.07632662481828,2.7478054,,,,,,,,,,,30.625092,0,0.5611376,0,296.44644,0,3354.272,0,410.4845,346.62372,0,
191,341.1386265363657,2.7489548,,,,21,,,,,,,0,271.83783,0,31623.316,5902.396,0,33714.63,325.79324,8682.882,3381.92,0,
192,179.03450575547618,2.7503085,,,,,,,,,,,0,22962.783,0,0,0,538.93915,758.6073,28324.926,0,0,0,
193,149.09686516184624,2.7526226,,,,,,,,,,,0,0,2.359335,0,0,0,0,6390.264,0,560.0029,0,
194,323.1276069482874,2.751967,,,,21,,,,,,,0,0,0,12469.439,0,4543.3916,11831.052,116.41455,0,0,847.27673,
195,175.07568372821117,2.7538388,,,,,,,,,,,0,0,0,6057.3535,0,1571.5715,0,0,0,0,519.6958,
196,195.0300471415432,2.7538583,,,,,,,,,,,0,0,0,3056.6018,0,19.06933,0,0,0,0,0,
197,451.12414139273517,2.7544,,,,,,,,,,,0,0,0,52215.12,0,0,0,0,0,0,0,
198,595.1666398941487,2.7621,,,,,,,,,,,0,84319.82,0,0,0,18.972122,0,23364.746,0,0,0,
199,331.15428635390225,2.7668998,,,,,,,,,,,0,0,0,14605.886,0,0,2768.342,0,0,0,975.26636,
200,460.2902206278784,2.77055,,,,,,,,,,,0,0,0,0,0,0,3818.7239,0,0,0,0,
201,578.2227928039559,2.7756166,,,,,,,,,,,0,0,0,0,0,2909.9734,0,0,0,0,0,
202,311.1280326357643,2.7994778,,,,,,,,,,,1666.2246,0,0,8642.695,0,0,0,0,0,0,1273.6747,
203,84.08156718848055,2.8039334,,,,,,,,,,,0,0,0,0,0,0,50132.203,0,0,0,0,
204,130.08755328642152,2.8039334,,,,,,,,,,,0,0,0,0,0,0,482772.97,0,0,0,0,
205,282.2081448650687,2.8039334,,,,,,,,,,,0,0,0,0,0,0,471844.12,0,0,0,0,
206,757.2181464324549,2.804246,,,,,,,,,,,0,79.20462,0,80960.43,0,0,2327.66,0,0,0,2313.5505,
207,505.2185708402591,2.8092084,,,,,,,,,,,0,0,0,0,0,103.9268,0,0,0,0,6315.585,
208,379.0999495794862,2.8113334,,,,,,,,,,,0,0,0,0,0,0,0,0,7079.8267,0,0,
209,625.1401217730036,2.81315,,,,,,,,,,,0,0,0,0,0,0,0,17417.621,0,0,57092.31,
210,563.4060115742841,2.8148832,,,,,,,,,,,0,0,0,0,0,0,50204.82,0,0,0,0,
211,274.98857152056235,2.8272414,,,,,,,,,,,0,0,0,0,0,0,0,1391.1819,0,15725.182,0,
212,611.1609029806785,2.8270664,,,,,,,,,,,0,4124.6113,0,0,0,0,0,1294.7428,0,53549.63,0,
213,279.1703731235462,2.8376667,,,,,,,,,,,0,28.808197,0,0,135.43251,0,0,0,0,6819.7983,0,
214,374.2284958998124,2.8376,,,,,,,,,,,0,0,0,0,37.974945,0,0,0,0,4403.8896,0,
215,314.1769291902296,2.8471584,,,,,,,,,,,0,0,0.8684126,0,0,0,0,282862.88,0,0,0,
216,119.04944128513743,2.8554568,,,,,,,,,,,622.86,0,2.5639787,0,0,143.25871,0,0,560.1469,0,3655.6218,
217,123.04456952006188,2.8562999,,,,,,,,,,,0,0,2.6499505,97.0204,0,92.60845,0,0,0,0,5093.442,
218,165.05459366835754,2.8523,,,,,,,,,,,0,0,7.8300056,0,0,0,0,0,129.3621,0,5216.8384,
219,361.0891766989987,2.8584945,,,,,,,,,,,403.5619,4807.9287,0,0,0,0,377.65115,0,0,0,0,
220,147.0448200010082,2.8594298,,,,15,,,,,,,0,61328.395,1.8346624,0,499.3203,0,6532.581,117298.86,0,0,0,
221,339.1074970923767,2.8598416,,,,15,,,,,,,0,8433.883,0,0,30.523083,0,779.74414,14996.569,0,0,0,
222,425.1082417851044,2.86205,,,,,,,,,,,0,0,0,0,0,8504.745,8115.254,0,0,0,0,
223,263.05555738721586,2.867328,,,,,,,,,,,0,0,1.7419791,0,0,6849.0493,0,0,380.45422,0,0,
224,639.1185437906782,2.8654168,,,,,,,,,,,0,0,0,0,0,0,0,0,0,0,21049.87,
225,641.1353867985297,2.8705332,,,,,,,,,,,0,0,0,0,0,0,99720.98,0,0,0,0,
226,563.2101638572242,2.87855,,,,,,,,,,,0,3141.8445,0,0,0,0,0,0,0,0,0,
227,273.0393210889988,2.8872917,,,,,,,,,,,0,0,2.5527148,0,0,0,8724.422,0,0,0,0,
228,503.24868966643237,2.8888333,,,,,,,,,,,0,0,0,0,0,0,3527.5408,0,0,0,0,
229,427.12375051874733,2.894725,,,,,,,,,,,16021.712,0,0.39831984,0,0,0,0,0,0,0,0,
230,280.19219741619133,2.9009585,,,,,,,,,,,0,0,0,0,0,0,155919.02,0.9878413,0,0,0,
231,144.10276336837114,2.9123416,,,,,,,,,,,0,0,0,0,0,0,13753.811,0,0,13.355492,0,
232,296.1865541389898,2.9151583,,,,,,,,,,,0,0,0.25562364,0,0,0,109343.33,0,0,0,0,
233,307.0813870726446,2.9123416,,,,,,,,,,,0,0,0,0,0,0,21492.475,0,0,188.19751,0,
234,325.0924020945691,2.9111166,,,,,,,,,,,0,0,0,0,0,0,68688.79,0,0,0,0,
235,803.1662799896226,2.9111166,,,,,,,,,,,0,0,0,0,0,0,20291.443,0,0,0,0,
236,327.12053713297666,2.9156375,,,,,,,,,,,0,0,0.85591257,0,0,5009.4653,0,0,301.0448,0,70.34133,
237,359.1459143387083,2.9180996,,,,,,,,,,,2.9258637,0,0,0,0,12531.071,0,0,783.41785,0,0,
238,123.08092923267245,2.92345,,,,,,,,,,,0,0,10.840559,0,0,0,5349.654,0,0,0,0,
239,151.07613924898004,2.9206667,,,,,,,,,,,0,0,5.790171,0,0,0,6113.142,0,0,0,0,
240,329.06589929976514,2.9291832,,,,,,,,,,,4.102811,0,0,16567.936,0,18.709555,0,0,0,0,0,
241,431.0984350355987,2.9289832,,,,,,,,,,,0,0,0,26430.746,0,0,0,0,0,0,0.5644829,
242,449.10960257070235,2.928354,,,,,,,,,,,614.2241,0,4.913365,526846.8,0,0,0,0,133.27164,0,0,
243,295.0817169816231,2.9374301,,,,,,,,,,,21392.266,15101.27,0,0,0,0,0,51241.246,0,10080.496,4935.661,
244,434.2026134093673,2.9418166,,,,,,,,,,,0,0,0,2669.733,0,8735.939,0,4273.4365,0,0,0,
245,412.2182735895523,2.94799,,,,,,,,,,,0,3495.5188,0.3363198,0,0,0,369.16962,986.3984,0,13.626029,0,
246,609.1448564011023,2.9506166,,,,,,,,,,,0,2458.3674,1.4875621,8.814726,0,0,0,35881.97,0,0,3117.2754,
247,385.1861236165863,2.95555,,,,,,,,,,,0,0,0,0,0,0,9179.541,0,0,0,0,
248,519.1977141901897,2.966145,,,,,,,,,,,208.08942,1001.9928,3.0661144,0,0,0,4810.6987,370.0545,114.69887,595.6287,0,
249,537.2072198835358,2.9673603,,,,,,,,,,,109.47183,820.40186,0.43469188,0,136.98457,0,3434.298,392.00818,103.70172,467.22534,0,
250,333.1674555130311,2.9675,,,,,,,,,,,0,12447.429,0,0,0,0,0,0,0,0,0,
251,368.85945611215504,2.9756584,,,,,,,,,,,0,0,0.34071255,0,0,34759.26,0,0,2374.5132,0,6.0770426,
252,98.09705774890463,2.9778166,,,,,,,,,,,0,0,0,0,0,0,25146.79,0,0,0,0,
253,144.1030623166484,2.9778166,,,,,,,,,,,0,0,0,0,0,0,353144.4,0,0,0,0,
254,296.2245021730041,2.9752,,,,,,,,,,,0,0,1.4970931,0,0,0,414872.06,0,0,0,0,
255,297.2258756436171,2.9778166,,,,,,,,,,,0,0,0,0,0,0,118455.12,0,0,0,0,
256,591.4366500737231,2.9778166,,,,,,,,,,,0,0,0,0,0,0,15250.805,0,0,0,0,
257,496.24275733493675,2.9848084,,,,,,,,,,,0,0,0,0,0,5618.667,0,0,394.71136,0,0,
258,527.249912016487,2.9848084,,,,,,,,,,,0,0,0,0,0,7.023784,0,0,7252.6704,0,0,
259,741.225217167015,3.0068083,,,,,,,,,,,0,0,0,8387.855,0,0,0,0,0,0,2.4280057,
260,145.134353544464,3.0119169,,,,,,,,,,,8448.698,8610.048,9346.272,8652.959,9698.684,9039.599,3311.2358,8776.333,8378.8955,8585.479,9043.636,
261,287.0536032789073,3.0141082,,,,,,,,,,,0,0,0,0,0,0,0,2875.2358,0,1311.3,0,
262,142.12332897023384,3.0181794,,,,,,,,,,,5824.1753,0,3018.1272,5911.55,6890.5117,6014.408,0,6215.9385,4985.8213,6227.703,5913.117,
263,125.09688261337406,3.0183976,,,,,,,,,,,2098.5818,0,1774.8965,2105.9402,0,3609.1619,0,0,1995.5906,2054.2742,2259.1426,
264,153.0917036277945,3.0176804,,,,,,,,,,,1728.8059,0,0,1741.5681,0,3210.7126,0,0,1793.9827,1880.3772,1867.4585,
265,124.1127701411086,3.0187874,,,,10,,,,,,,1851.1654,0,1632.8788,1793.8862,2069.9287,2990.149,0,0,1598.3138,1724.0935,3085.514,
266,210.11054970922572,3.0187874,,,,10,,,,,,,1759.6409,0,1978.5366,2080.355,2199.9988,2949.7358,0,0,2072.0269,2598.0498,3582.9055,
267,428.1610570734537,3.0191479,,,,,,,,,,,1820.4963,0,643.71216,1210.8472,741.6173,933.2782,562.7457,0,1874.5295,1245.348,2770.0237,
268,295.1328442912488,3.0302334,,,,,,,,,,,281.75464,0,2.992127,0,0,0,14.008201,0,4126.019,105.58698,66.12897,
269,328.1622525905083,3.0302799,,,,,,,,,,,277.90253,0,0,0,7.51191,18.762775,0,0,4943.511,0,38.705647,
270,380.18786220537714,3.0404003,,,,,,,,,,,1.6824083,0,0,5.709234,0,7311.145,0,0,0,0,0,
271,430.1364182403114,3.0499916,,,,,,,,,,,0,0,0,44.01171,0,0,0,0,0,2718.7866,0,
272,525.2697899475447,3.0522585,,,,,,,,,,,0,0,0,0,0,0,0,0,6073.949,0,1.377594,
273,201.09138727776403,3.0523355,,,,,,,,,,,52.32366,0,0,94.44599,15.939655,48.431206,491.6353,0,0,150.16347,5532.7114,
274,448.21821359752835,3.051725,,,,,,,,,,,0,0,0,0,0,18.268908,0,0,0,0,2976.4802,
275,540.243465808727,3.05115,,,,,,,,,,,110.905136,0,0,96.507034,0,29.220743,0,0,0,192.14096,9189.482,
276,721.3210575528973,3.0539832,,,,,,,,,,,0,0,0,0,0,0,31.281593,0,0,0,3011.0212,
277,310.2018260334192,3.0556,,,,,,,,,,,0,0,0,0,0,0,109445.91,0,0,0,0,
278,625.1396095123889,3.0552378,,,,,,,,,,,0,0,0,0,6.889135,0,4708.3135,74.769485,0,0,154.76666,
279,565.1548364168043,3.057025,,,,,,,,,,,0,2712.8347,0,0,0,0,0,45.599094,0,0,0,
280,361.08961502406123,3.067711,,,,,,,,,,,0,2356.8057,0,0,0,0,425.88812,5952.2144,0,0,0,
281,294.2063190575668,3.0762415,,,,,,,,,,,0,0,0,0,0,0,116245.11,0,0,0,3.7241008,
282,348.2744469554708,3.084442,,,,,,,,,,,61.205765,0,0,13718.175,0,48.700882,0,0,0,27.78664,0,
283,263.9722073100387,3.0875916,,,,,,,,,,,0,246.62643,0,0,0,0,0,0,23730.072,0,0,
284,595.1652645195118,3.0871081,,,,,,,,,,,0,0,0,0,65.556046,0,0,0,478.88098,11985.944,40667.754,
285,933.2285804489818,3.0912666,,,,,,,,,,,0,0,0,0,0,0,0,8186.3667,0,0,0,
286,623.1237188601399,3.1081667,,,,,,,,,,,0,0,0,0,0,0,0,0,0,0,5699.0825,
287,163.11260782973767,3.1086266,,,,,,,,,,,0,0,5.0263186,6735.6753,7159.9736,0,0,0,0,6260.9453,10148.567,
288,919.2515899687621,3.1135666,,,,,,,,,,,0,0,0,0,0,0,0,7267.2373,0,0,0,
289,789.1869153464388,3.1287665,,,,,,,,,,,0,10452.858,0,0,0,0,0,0,0,14516.622,0,
290,181.1229635751029,3.1363,,,,,,,,,,,0,0,43.71877,0,16058.383,0,17377.379,7635.896,0,11938.489,9778.765,
291,298.2382002830927,3.1409166,,,,,,,,,,,0,0,0,0,0,0,18158.398,0,0,0,0,
292,312.21704039631334,3.1409166,,,,,,,,,,,0,0,0,0,0,0,25907.004,0,0,0,0,
293,313.2200848141556,3.1409166,,,,,,,,,,,0,0,0,0,0,0,5395.16,0,0,0,0,
294,539.2867571117677,3.1487668,,,,,,,,,,,0,0,0,0,0,0,0,0,2668.8242,0,0,
295,611.160954125804,3.1644666,,,,,,,,,,,0,0,0,171417.77,0,207594.62,56447.98,75201.07,78632.79,0,49029.805,
296,304.0535311350171,3.1702209,,,,,,,,,,,25.421722,0,0,20172.215,263.65723,13444.729,0,0,0,0,0,
297,429.173451116335,3.1729293,,,,,,,,,,,0,0,0,0,0,0,9804.189,495.20425,524.68713,0,879.494,
298,263.05519300941523,3.1844625,,,,,,,,,,,0,0,0.8650186,0,6.837294,0,7254.6997,0,369.8144,0,0,
299,577.2797705382256,3.2008584,,,,,,,,,,,0,0,0.46806395,0,0,0,0,0,0,5842.1494,0,
300,360.15650378731186,3.2033856,,,,,,,,,,,2547.043,3493.837,0,1097.054,719.08704,328.82446,0,0,3374.0427,3771.9187,4967.042,
301,503.1910064719544,3.2033856,,,,,,,,,,,2066.619,3002.7515,0,6846.272,2016.6085,1400.7031,0,0,1577.3329,627.48303,14012.959,
302,313.1436229711897,3.204011,,,,14,,,,,,,4754.126,6216.1846,0,4081.8022,219.24576,498.51114,0,6518.408,3029.1719,4055.5132,10871.739,
303,287.1284929019953,3.204011,,,,14,,,,,,,2606.6384,3312.575,0,1950.2068,125.15016,266.12314,0,3793.888,1154.0198,2424.8105,4114.992,
304,151.0760979643095,3.2024186,,,,,,,,,,,736.7667,1022.7265,4.4308033,847.3794,74.275505,141.00314,0,0,545.879,768.1356,2541.8623,
305,311.1281147132955,3.2042944,,,,,,,,,,,0,1328.7559,1.6898096,3192.273,0,961.5492,0,0,0,386.71597,9438.314,
306,342.1456789383491,3.2033856,,,,,,,,,,,1981.0374,2394.5547,0,1050.8716,433.216,293.69128,0,0,1586.2751,1641.8257,6852.179,
307,433.1133489102424,3.222275,,,,,,,,,,,0,0,0,293677.62,0,10787.12,0,0,3291.849,1877.4338,0,
308,331.1538356613888,3.2235627,,,,,,,,,,,24324.236,0,0,0,0,0,0,12204.447,5697.8936,0,19916.094,
309,313.0707820942819,3.225628,,,,,,,,,,,0,0,0,13728.734,59.73974,187.07048,0,0,0,0,0,
310,397.1649882824044,3.2474804,,,,,,,,,,,5271.0337,1667.5447,0.7572407,781.8338,0,0,0,0,548.17,0,14852.787,
311,273.07645196681216,3.25619,,,,,,,,,,,0,0,0,63.579277,0,39.3452,203.67084,3913.6807,0,20.933113,0,
312,465.1032825345952,3.2655814,,,,22,,,,,,,0,0,0,35400.234,25405.77,92482.73,68984.8,20994.377,59944.74,5574.0654,138216.33,
313,293.0319163793184,3.2811332,,,,,,,,,,,0,0,0,3.24081,0,0,0,0,13459.884,0,0,
314,466.1063926478978,3.2814667,,,,,,,,,,,0,1078.8306,0,0,0,0,0,0,0,0,32516.059,
315,903.2555954906144,3.287075,,,,,,,,,,,0,0,0,0,0,0,0,13226.589,0,1.1610935,0,
316,482.2601938114528,3.2891722,,,,,,,,,,,0,0,0.36513913,70.62535,0,4487.3115,0,0,0,0,0,
317,303.0510368136101,3.2925758,,,,22,,,,,,,0,0,0,102763.77,157725.28,325503.78,334922.2,0,331058.75,53902.97,292462.47,
318,163.0398016963288,3.2915223,,,,,,,,,,,0,0,9.191161,0,296736.94,0,0,0,212428.05,0,0,
319,135.04441385994505,3.2957625,,,,,,,,,,,89.76405,0,8.655972,0,20367.855,0,0,0,3029.434,0,0,
320,455.06105901533283,3.2962334,,,,12,,,,,,,0,0,0,0,67297.44,0,40917.688,10427.795,46031.98,0,0,
321,295.04815938415413,3.2955945,,,,12,,,,,,,0,0,0,0,32356.676,0,12640.883,0,6644.706,0,0,
322,516.1136031884444,3.2994833,,,,,,,,,,,0,0,0,0,0,0,6126.192,0,0,0,0,
323,343.081730206258,3.3017166,,,,,,,,,,,0,0,0,18202.367,0,0,0,0,0,0,0,
324,367.08145952766466,3.3017166,,,,,,,,,,,0,0,0,9203.543,0,0,0,0,0,0,0,
325,445.1136779232783,3.3049831,,,,,,,,,,,0,0,0.94984174,29459.52,0,0,0,0,0,0,0,
326,463.12667888851865,3.2998915,,,,,,,,,,,0,0,0.2590046,630038.8,0,0,0,0,0,0,0,
327,466.13171414001914,3.3017166,,,,,,,,,,,0,0,0,6507.925,0,0,0,0,0,0,0,
328,488.08268480023014,3.3066566,,,,,,,,,,,7.5203714,0,0,0,0,6091.7656,39012.0,14245.221,33717.566,0,0,
329,579.1707334381266,3.3115501,,,,,,,,,,,0,5955.4697,0,0,0,0,0,11730.146,0,0,10536.145,
330,449.107747920892,3.3142543,,,,,,,,,,,0,638.1427,34.51301,0,281.5009,0,0,0,0,0,29002.115,
331,175.1482902932334,3.3258624,,,,,,,,,,,0,0,0,175.5473,953.4796,0,0,0,18474.084,0,1493.4038,
332,479.0826485106284,3.3316371,,,,,,,,,,,26.1536,0,1.8106511,59016.727,195917.7,135722.56,357894.03,222083.36,380933.78,9210.922,0,
333,273.03991092538234,3.3345501,,,,,,,,,,,0,508.21808,0,2173.3196,772.3981,3710.5952,0,8968.731,7000.368,481.61877,0,
334,301.03519190031216,3.3324795,,,,,,,,,,,40.802277,0,1.3883746,27744.463,4170.9355,23619.05,0,24434.969,11875.892,3228.052,0,
335,463.08711356579016,3.3391778,,,,,,,,,,,0,72.94284,0.7940511,0,0,0,0,0,0,0,136896.23,
336,307.081072726487,3.3409,,,,,,,,,,,0,0,0.85531676,0,0,0,0,0,12145.852,0,0,
337,309.09729993288846,3.3419,,,,,,,,,,,12339.725,0,0,0,0,0,0,0,0,0,0,
338,325.0930976799388,3.3483918,,,,,,,,,,,0,0,1.6990882,0,0,0,0,0,81543.125,0,0,
339,451.12383928431905,3.3473275,,,,,,,,,,,0,0,0,0,10.270859,779.68726,0,0,183316.56,0,0,
340,177.16438953696897,3.3597279,,,,,,,,,,,0,0,0,0,3994.0664,0,0,0,1439.64,0,7145.716,
341,595.1660549405797,3.3618617,,,,,,,,,,,0,0,0.9792166,83743.94,4.546361,53589.824,5000.67,151708.7,21487.225,0,0,
342,212.09244636284157,3.3665833,,,,,,,,,,,0,0,0,0,0,0,2848.2349,0,0,0,0,
343,365.17125332684134,3.3733497,,,,,,,,,,,0,0,0,0,0,0,6256.716,3177.1255,397.7998,1643.0212,5014.423,
344,471.05637189248324,3.3828447,,,,9,,,,,,,0,0,1.7691765,0,90529.53,11556.605,86666.76,35969.26,90459.86,0,0,
345,464.1352086912375,3.4116943,,,,,,,,,,,0,0,0,0,1.7553244,0,0,0,12.924744,0,3364.4314,
346,323.0551819851722,3.4258041,,,,9,,,,,,,0,0,0,0,22813.424,0,9317.983,886.1754,14992.585,0,0,
347,549.2065023362586,3.4294875,,,,,,,,,,,0,30.33881,0,20.293823,0,0,7558.801,0,0,0,96.066246,
348,317.06617587374194,3.42884,,,,,,,,,,,0,0,0.9530029,4853.083,0,61.695564,0,442.3863,0,0,143.65866,
349,393.18822992291103,3.4473057,,,,,,,,,,,2684.477,687.5618,0,0,0,0,0,2578.4507,79.52107,432.10785,633.5977,
350,191.1435700557242,3.4474165,,,,19,,,,,,,6860.7495,1110.7278,0,0,0,3189.373,0,14204.227,409.27686,0,1443.6248,
351,133.101799648986,3.4501169,,,,19,,,,,,,7643.0103,1744.9336,5.1538763,819.064,0,8388.8545,0,15274.482,0,1230.9418,0,
352,137.09669966209057,3.4510834,,,,19,,,,,,,2465.3967,0,3.5481033,395.7577,0,4015.9065,98.970856,6833.748,0,512.34845,0,
353,522.2095026213243,3.4516945,,,,,,,,,,,0,0,0,0,0,170.63264,894.7783,0,0,6458.065,0,
354,357.13351857580057,3.4521935,,,,,,,,,,,0,0,0,0,0,310.9314,5468.249,170.60591,0,150.28944,138.76033,
355,565.1546131712272,3.4480667,,,,,,,,,,,0,0,1.0715301,4358.684,0,0,0,0,0,0,0,
356,175.07591405305732,3.456022,,,,,,,,,,,752.5885,3113.3435,0,935.932,2770.1526,5647.325,8886.638,0,670.201,5024.7993,1616.4548,
357,323.1277911969602,3.4583857,,,,,,,,,,,1478.5554,5771.9243,0,0,5009.155,8014.2383,0,1488.3135,1175.2238,0,3059.2915,
358,341.1385289776545,3.4596703,,,,,,,,,,,5923.1216,16114.589,1.0966852,8594.179,14982.211,16827.611,0,6283.057,3130.399,24470.434,0,
359,287.0552548524652,3.467548,,,,,,,,,,,0,3807.304,0.27999973,0,0,37785.652,40929.94,6918.829,490.3589,0,6397.259,
360,399.11901719807554,3.4880085,,,,,,,,,,,0,0,0,0,0,0,4539.07,0,0,0,137.09839,
361,556.1917090270609,3.4880085,,,,,,,,,,,0,0,0,0,0,0,6312.9883,0,0,0,229.41426,
362,783.2332286625503,3.4947333,,,,,,,,,,,0,0,0,0,0,0,0,8035.55,0,0,0,
363,271.06027840881626,3.49545,,,,,,,,,,,0,0,1.7895607,23505.064,0,33.682,0,0,0,0,21.80257,
364,579.1720431264913,3.5002224,,,,,,,,,,,0,0,1.360724,122264.16,0,0,0,0,0,72.37551,0,
365,869.3462365172754,3.496525,,,,,,,,,,,0,0,0,0,0,0,5522.7817,0,0,4.050007,0,
366,409.18311792704304,3.523347,,,,,,,,,,,216.17049,528.40173,0,0,610.7975,0,140.7641,0,400.56158,0,2935.4272,
367,503.11853691910534,3.5221126,,,,,,,,,,,0,9.876641,2.0099003,0,4104.12,0,0,0,1144.3508,0,0,
368,218.21163594328334,3.5248249,,,,,,,,,,,95.40619,71.19521,74.763756,0,3787.356,0,0,2949.1213,4952.834,91.98249,346.44177,
369,520.1938662001448,3.5294418,,,,,,,,,,,0,0,0,568.70337,0,6215.1895,0,0,0,0,0,
370,373.2224153494628,3.5502563,,,,5,,,,,,,5585.742,0,2.2015557,0,3408.4775,13.102446,4834.4814,0,0,0,0,
371,449.10830401801235,3.5500472,,,,,,,,,,,360.40588,0,0,0,0,4904.3555,8536.563,8405.947,36166.13,4714.35,0,
372,609.1832021305049,3.5629582,,,,,,,,,,,0,0,0,229434.2,0,0,0,0,0,7.169528,0,
373,499.1229003112435,3.5696137,,,,5,,,,,,,41893.836,0,13.8255825,0,201.37946,0,0,614.0415,326.1309,0,15829.663,
374,175.14832650235104,3.5705967,,,,,,,,,,,9256.696,0,0,0,411.2566,0,0,1765.4407,387.06354,1313.0939,0,
375,463.0876177756727,3.5704086,,,,,,,,,,,0,9816.098,0,0,3508.7725,12731.987,32963.02,301282.9,43457.83,0,0,
376,135.1176597123046,3.574627,,,,,,,,,,,5733.8623,0,4.9436355,0,0,0,4529.044,3110.242,0,1200.4558,0,
377,193.1593245504445,3.5753095,,,,5,,,,,,,12809.905,610.9728,0,0,0,0,9593.007,2459.725,166.93819,1490.5306,3677.447,
378,211.16988374925592,3.5749834,,,,5,,,,,,,13807.929,701.527,0,0,0,649.9319,11014.367,2626.646,82.91118,1600.8708,3593.0469,
379,240.2326222853198,3.57672,,,,,,,,,,,0,0,5.758966,0,0,0,3400.9585,14.109802,10.11553,0,70.87797,
380,395.2043499826534,3.5768502,,,,,,,,,,,0,444.46375,0.4736176,0,0,261.89056,2703.4514,0,0,1093.5369,1106.0242,
381,303.05099810317034,3.5948207,,,,,,,,,,,0,0,2.3411694,0,0,335.98236,0,200439.03,0,143.14397,0,
382,651.1551488600853,3.5944667,,,,,,,,,,,0,0,0,0,0,0,0,7550.3057,0,0,0,
383,428.24911168749867,3.60555,,,,,,,,,,,0,0,0,0,0,0,0,5366.5757,0,0,0,
384,388.1600086196313,3.614439,,,,,,,,,,,0,0,0,0,295.5428,8714.859,0,0,0,0,2979.9268,
385,433.2046862692356,3.6166832,,,,,,,,,,,0,0,0,0,0,0,0,2965.464,0,0,0,
386,242.24817700160446,3.6206167,,,,,,,,,,,0,0,0,0,0,0,7943.4043,0,0,0,0,
387,493.0980744738495,3.635183,,,,,,,,,,,0,0,0,0,0,0,0,5892.754,0,0,0,
388,650.3548784101254,3.6458917,,,,,,,,,,,0,0,1.6754404,0,0,14758.157,0,0,0,0,0,
389,185.11549242425602,3.6532223,,,,,,,,,,,1864.4233,2597.977,1442.6373,2686.8848,2330.9194,0,1210.553,0,2229.5425,3216.1938,3316.7634,
390,549.1237895400926,3.6560667,,,,,,,,,,,0,0,0,8451.286,0,0,0,0,0,0,0,
391,234.20659854543516,3.667352,,,,,,,,,,,106.517456,116.50521,108.00388,12715.901,6680.135,119.01654,0,411.20407,0,155.48453,347.1801,
392,463.1228700738217,3.6788416,,,,,,,,,,,0,0,0,51344.0,0,0,0,7373.2817,0,0,0,
393,419.09787106964313,3.6855125,,,,,,,,,,,2.1658125,3027.54,0,0,0,0,6.5594473,0,0,0,30.365978,
394,301.0714211488432,3.6888666,,,,,,,,,,,0,0,0,38680.71,0,0,0,0,0,0,0,
395,593.1494504521645,3.6887999,,,,,,,,,,,0,6.108255,0,0,0,0,0,2624.2578,0,0,0,
396,197.11791729370736,3.7108815,,,,,,,,,,,0,7965.864,17.063335,5479.675,5754.424,11201.2295,0,7942.0264,10300.961,13135.191,20855.148,
397,457.076129835298,3.7322943,,,,,,,,,,,0,0,0,0,14009.431,0,0,10834.358,0,0,3.5596676,
398,535.2147084515391,3.7485943,,,,,,,,,,,0,0,0,0,0,3604.6355,0,0,0,2.0063782,1.5471958,
399,621.1813089601745,3.75655,,,,,,,,,,,0,0,0,0,0,0,0,8581.101,0,0,0,
400,492.19929344519846,3.7647915,,,,,,,,,,,0,0,0,6.7810874,4.3880477,0,0,0,9302.32,4.1039696,0,
401,341.2436161400256,3.7760417,,,,,,,,,,,0,1366.9442,1018.5393,0,4039.16,0,1468.8604,2604.024,4606.4136,1314.6449,813.1012,
402,177.05536906906204,3.8068466,,,,,,,,,,,22.23099,0,6.693115,0,21166.83,0,0,0,91698.58,88.49491,0,
403,469.077255442278,3.8113585,,,,,,,,,,,0,0,0,0,0,0,4418.943,0,47606.465,0,0,
404,983.9183193194392,3.83165,,,,,,,,,,,0,0,0,0,4280.3403,0,0,0,0,0,0,
405,487.08739959609306,3.8432083,,,,,,,,,,,0,0,0,0,0,10.934086,0,0,16632.398,0,0,
406,146.08262993945058,3.8534083,,,,,,,,,,,1.1176775,0,1.5517099,10.942812,0,0,270152.88,0,0,0,0,
407,282.20746253693255,3.858,,,,,,,,,,,0,0,0,0,0,0,214466.86,0,0,0,0,
408,563.4057016466189,3.858,,,,,,,,,,,0,0,0,0,0,0,15645.712,0,0,0,0,
409,287.0559707054452,3.8683834,,,,,,,,,,,0,0,0,0,0,0,0,466079.44,0,25.048265,0,
410,459.22273955880877,3.87325,,,,,,,,,,,3229.9812,0,0,0,0,0,0,0,0,0,0,
411,433.1134123412939,3.8861,,,,,,,,,,,0,0,0,0,0,0,0,45199.484,0,0,0,
412,135.11748348600693,3.9224498,,,,,,,,,,,136.1757,87.030846,0,0,0,0,0,0,400.9192,0,5640.1284,
413,221.19013535523973,3.92491,,,,,,,,,,,239.8924,90.661606,4.344301,0,0,0,0,0,1079.9526,0,15433.379,
414,239.20109699886999,3.924675,,,,,,,,,,,48.795788,6.592922,0,0,0,0,0,0,264.8687,0,3099.8696,
415,203.1799879359374,3.9286191,,,,13,,,,,,,253.19344,158.81004,0,1032.1631,0,7306.3594,0,0,1367.8666,7996.8154,18213.857,
416,383.2428885461764,3.9283917,,,,13,5,[M-2H2O+H]+,,2,418;416,418.25676,23.080841,23.961514,0,250.5438,67.19739,5791.0938,0,182.2828,322.3377,0,4283.075,
417,472.1751061497833,3.927725,,,,13,,,,,,,182.14357,28.78458,0,959.90967,127.2782,11509.318,0,364.47955,584.2274,0,11229.145,
418,441.2460044619719,3.927621,,,,13,5,[M+Na]+,,2,418;416,418.25676,314.89645,33.594128,0,1524.3765,0,23415.738,0,2547.2935,2303.419,8853.587,21496.617,
419,335.1237640605089,3.9524035,,,,,,,,,,,269.2182,51.1234,0,199.92004,1015.97516,3329.6487,653.2921,182.10376,422.98346,269.88382,0,
420,487.1453716820033,4.0287337,,,,,,,,,,,0,0,0,0,23.967623,0,0.85571384,14737.341,0,0,0,
421,409.3475086769639,4.0415263,,,,,,,,,,,2.7320635,2.601217,0,4.0949483,215.87793,0,0,34404.645,0,0,0,
422,437.3422821031003,4.0382566,,,,,,,,,,,9.244444,0,1.1587869,0,1079.5363,0,0,189017.27,271.23688,0,0,
423,438.3445353806011,4.0428786,,,,,,,,,,,3.1947007,0,0,2.7763715,338.68732,7856.3247,0,63104.465,122.424225,0.8322975,0,
424,455.35270893404237,4.038886,,,,,,,,,,,0,15.422306,0,15.24584,894.8535,19038.418,0,157152.12,220.09302,0,0,
425,201.16398772860882,4.0500607,,,,,,,,,,,12.357386,0,0,41.85372,109.95674,5134.598,0,0,132.55104,342.05075,0,
426,219.17477798485612,4.049098,,,,,,,,,,,13.936369,0,1.0905039,82.48649,83.170135,5047.426,16.850325,152.64246,137.67471,378.06335,0,
427,321.112389146327,4.1064167,,,,,,,,,,,0,0,0,0.8588492,4569.033,0,0,0,0,0,0,
428,518.1771464754592,4.1022167,,,,,,,,,,,0,0,0.75375193,0,2601.8064,0,0,0,0,0,0,
429,317.1969863453596,4.1174583,,,,,,,,,,,23.092218,0,0,0,0,0,0,0,5057.163,0,0,
430,366.0247818209014,4.117556,,,,,,,,,,,247.73157,222.1492,0,241.71664,356.66376,3643.3416,0,0,5349.913,30.213255,20.693226,
431,471.2200972037549,4.1186132,,,,,,,,,,,89.41032,39.457497,0,64.60094,0,15827.29,0,0,0,0,6.5889497,
432,295.1020777394379,4.1208115,,,,3,,,,,,,18.664394,0,0,0,0,7243.208,0,0,8951.157,0,0,
433,466.26475010259725,4.1187725,,,,3,,,,,,,85.13962,59.50645,0,22.039583,0,28643.668,0,0,48933.367,6.1422834,0,
434,494.29554928448647,4.1213293,,,,3,,,,,,,8.512642,0,0,4.149997,0,7910.196,0,0,11317.103,0,0,
435,325.09254098542056,4.1224,,,,17,,,,,,,30.817919,13.164741,0,0,78302.82,0,0,105614.414,0,0,7.231489,
436,195.10185575253726,4.125729,,,,,,,,,,,58.30194,135.5065,0,99.89458,0,0,0,13331.451,0,0,0,
437,465.13650820412045,4.1271915,,,,,,,,,,,0,0,0,0,0,0,0,23453.027,0,9.103094,0,
438,488.212213122478,4.1268334,,,,,,,,,,,0,0,0,0,0,0,0,6464.6113,0,0,0,
439,487.19372616224587,4.1258607,,,,,,,,,,,0,10.110583,0,7.5153284,0,0,0,0,5614.33,0,0,
440,307.08200253518413,4.135783,,,,17,,,,,,,1.3324554,0,0,0,11535.544,0,0,15413.568,0,0,0,
441,471.15111527006394,4.1509113,,,,17,,,,,,,0,0,0,0,12840.128,9678.062,0,19364.484,0,0,0,
442,767.4572688450796,4.157737,,,,,,,,,,,0,0,0,0,0,10321.885,135.24078,42.79354,5684.7246,0,27.15926,
443,119.08734771459491,4.167996,,,,,,,,,,,234.34348,2803.0544,21.17976,0,290.33044,324.61493,327.3322,610.7089,0,0,322.89105,
444,271.0845012390748,4.1693854,,,,,,,,,,,390.7492,3622.7383,10.107728,635.61993,26.834064,46.715805,111.29843,260.54248,0,0,238.58626,
445,161.1330630978573,4.168728,,,,7,,,,,,,0,17511.055,0,2086.3271,0,708.62634,976.8456,5575.857,0,0,765.0587,
446,430.1287207519754,4.169361,,,,7,,,,,,,2915.2205,18277.312,1.1938636,2898.0444,0,94.5285,539.0864,1286.4253,0,10217.462,1273.3562,
447,399.1990966587557,4.170326,,,,7,,,,,,,0,15290.671,0.39324814,2126.7976,0,863.4298,1408.8989,5838.651,773.13684,8362.355,797.2742,
448,179.14374278477283,4.1699915,,,,7,,,,,,,2945.214,31411.836,3.319394,3656.3345,0,935.0936,1515.4307,8669.584,589.6811,15121.397,1388.7974,
449,278.211988524499,4.190029,,,,,,,,,,,9.213414,0,0,699.63245,0,3265.2397,25.683746,0,0,0,0,
450,430.1708737229376,4.192525,,,,,,,,,,,0,0,0,0,0,84.99733,0,40891.99,0,0,0,
451,435.12670984957566,4.1938167,,,,,,,,,,,6.248723,0,0,0,34.19657,0,0,31989.08,0,0,0,
452,505.09878333152125,4.1940665,,,,,,,,,,,0,0,0,0,0,0,0,25726.707,0,0,0,
453,84.08165573724257,4.200617,,,,,,,,,,,0,0,0,0,0,0,78171.98,0,0,0,0,
454,95.0860241241351,4.1995335,,,,,,,,,,,19.90651,0,14.247952,0,0,530.38684,7098.216,0,0,0,55.36289,
455,130.08830533508544,4.199646,,,,,,,,,,,5.102237,0,0,0,10.15475,0,447788.34,0,0,0,3.809966,
456,266.2128920463553,4.200617,,,,,,,,,,,0,0,0,0,0,0,356741.12,0,0,0,0,
457,189.0908403481144,4.2061887,,,,,,,,,,,2.1901288,1147.8258,1.9039822,6.5491366,0,0,0,2293.5034,0,0,16.531427,
458,397.31040718464396,4.2283,,,,2,,,,,,,0,0,0,0,13433.504,14232.12,13191.901,0,10981.04,0,0,
459,425.3417144232262,4.2282033,,,,2,,,,,,,0,0,0,0,14016.079,15985.223,13975.592,300.31934,11684.314,0,0,
460,409.3467757060681,4.2321634,,,,2,,,,,,,0,0,0,0,36802.785,41583.42,35870.598,0,30912.914,0,12769.944,
461,601.4102815693975,4.2325916,,,,2,,,,,,,2.517002,0,0,0,12630.3955,0,13477.941,0,10118.484,0,0,
462,203.18000319338978,4.233704,,,,2,,,,,,,0,81.416885,0,0,12383.855,0,11342.937,0,10953.204,0,0,
463,587.3937476299418,4.232825,,,,2,,,,,,,0,0,0,1.3975439,8349.401,0,7361.4316,0,7987.448,0,0,
464,619.4202570833512,4.2332997,,,,2,,,,,,,0,0,0,0,14469.021,0,16474.914,0,12190.422,0,0,
465,437.3418193001898,4.2341,,,,2,,,,,,,3.955927,0,0.17812014,0,190937.11,213144.42,180739.98,0,158788.45,0,66569.35,
466,455.3524721856016,4.2345095,,,,2,,,,,,,4.12932,0,0,10.435379,158413.92,177972.17,155439.03,0,132528.77,0,56447.734,
467,487.1437263904305,4.2324915,,,,,,,,,,,1.1590111,0,0,0.6587433,0,11667.798,0,0,0,0,2.2747412,
468,864.1249554589758,4.2365,,,,,,,,,,,0,0,0,7884.483,0,0,0,0,0,0,0,
469,751.4630343216683,4.237729,,,,2,,,,,,,0,0,0,0,28575.84,0,30151.8,0,21191.299,3.4469264,0,
470,149.1334992370334,4.238994,,,,2,,,,,,,14.532825,37.401863,1.9434886,0,8895.461,0,9080.982,0,7546.66,0,0,
471,188.09267667853987,4.238954,,,,2,,,,,,,0,0.5793266,0,0,12450.566,0,12616.488,0,10661.633,0,0,
472,391.33667943283723,4.2354865,,,,2,,,,,,,0,1.0833416,0,0.78359914,10538.7705,0,10896.296,0,8648.546,0,0,
473,456.35596876530843,4.237779,,,,2,,,,,,,0,0,0.45915413,0,53218.918,0,51964.207,0,44881.21,0,0,
474,309.11809119558353,4.244179,,,,2,,,,,,,0,0,0,4.140882,6044.957,1114.3257,7191.4033,0,0,0,0,
475,527.245721363151,4.24719,,,,,,,,,,,0,10.395924,0,55.636543,0,3146.9114,0,71.61573,948.5288,0,0,
476,411.3604590027946,4.2533164,,,,,,,,,,,0,0,0,5.6922197,9974.876,0,3559.3687,89.55081,0,0,0,
477,438.3447026157928,4.256311,,,,2,,,,,,,0,3.1728063,0,0,62521.633,0,60278.11,0,0,0,0,
478,207.17490298859025,4.2566557,,,,,,,,,,,3.1460967,1.9903839,0.5821333,6.6364956,3619.419,780.33813,10447.146,0,0,0,2000.9531,
479,625.1195157321507,4.272267,,,,,,,,,,,0,0,0,0,0,0,0,21752.826,0,0,0,
480,595.1442118819585,4.30455,,,,,,,,,,,181.02243,82.6082,12.386763,6250.7246,0,5715.6167,0,243.59354,0,1047.5173,719.4729,
481,854.6162032679104,4.3409333,,,,,,,,,,,0,0,0,12706.804,0,0,0,0,0,0,0,
482,854.8669145372663,4.3404503,,,,,,,,,,,2.5879667,0,0,23431.674,0,0,0,0,0,0,0,
483,855.1175526348811,4.339025,,,,,,,,,,,3.3693376,0,0,25182.04,0,0,0,0,0,0,0,
484,98.09707928939224,4.367017,,,,,,,,,,,0,0,0,0,0,0,61357.695,0,0,0,0,
485,144.10424149736636,4.368578,,,,,,,,,,,0,0,5.549444,0,0,0,540016.1,0,0,0,3.4194703,
486,280.2287263694692,4.367017,,,,,,,,,,,0,0,0,0,0,0,471585.8,0,0,0,0,
487,559.4472478311326,4.367017,,,,,,,,,,,0,0,0,0,0,0,29836.574,0,0,0,0,
488,246.24309109350645,4.411978,,,,,,,,,,,260.77856,260.16638,146.79082,7359.069,3234.2747,224.328,0,1089.5125,0,272.69543,344.78238,
489,189.07689090298652,4.41445,,,,,,,,,,,0,0,0,0,0,0,0,20450.21,0,0,0,
490,287.05520363632326,4.448131,,,,,,,,,,,77.07756,87.22786,46.88112,15460.465,94.82213,0,0,0,0,476.83762,2060.735,
491,453.336454243887,4.455273,,,,,,,,,,,0,0,0,0,5696.092,0,10636.073,4.4063306,5283.0825,0,21.506058,
492,940.9072918823242,4.463542,,,,,,,,,,,0,0,0,0,0,283.20712,2962.1687,0,0,0,0,
493,941.1578475193132,4.463542,,,,,,,,,,,0,0,0,0,0,497.10577,3697.5283,0,0,0,0,
494,407.3311324379744,4.47659,,,,,,,,,,,0,1.4352531,0,0,1042.4408,286.79675,2875.206,0,28.918858,0,0,
495,439.3573343007206,4.476004,,,,,,,,,,,0,1.4526238,0,5.7927427,0,44908.523,0,18030.777,0,0,0,
496,303.050476114253,4.478965,,,,,,,,,,,64.65285,861.6443,0,561.63586,688.396,1972.8397,0,0,9887.074,5985.523,378.9676,
497,85.02958744510161,4.4868255,,,,,,,,,,,0,3.0601838,0,2.4834142,254.2128,0,0,4611.2954,68.85034,0,25.50122,
498,171.06579532179123,4.487,,,,,,,,,,,0,0,1.8368957,0,0,0,0,11785.949,78.84923,0,0,
499,475.12512399063525,4.4895,,,,,,,,,,,0,0.984846,0,0,2.5380905,0,0,7892.531,0,0,0,
500,497.10523749883924,4.4883227,,,,,,,,,,,0,0,0.47380733,0,0,0,0,5704.85,0.32426548,0,0,
501,144.10273987815827,4.4923086,,,,,,,,,,,0,0,0,0,0,0,13950.625,0,0,0,1.2000868,
502,262.23825104225904,4.518335,,,,,,,,,,,667.7683,581.81885,446.13837,4259.2124,1926.3582,523.5677,408.65964,538.9144,4504.2437,650.85614,625.9267,
503,440.3617631383201,4.5212274,,,,,,,,,,,0,0,0,1.6192861,0,14846.699,0,0,0,0,3.4543948,
504,191.1438395899594,4.5425863,,,,,,,,,,,3098.8384,2914.7446,8.86612,2915.5034,1678.736,0,2015.184,3580.1348,4056.021,8275.242,8261.906,
505,579.1495079040182,4.561696,,,,,,,,,,,6.4889803,7.636347,0,5180.539,13682.852,63384.688,257.05637,0,26696.65,784.667,0,
506,191.1797213863127,4.5938907,,,,,,,,,,,0,2.881426,0,0,24.050312,5952.3105,2.7419937,8.441939,6132.356,2.9680176,0,
507,163.03961088855877,4.6516027,,,,,,,,,,,163.81241,518.1985,0,392.7672,364.2625,0,0,139.22717,0,6211.2783,78.00333,
508,439.3570239545044,4.739214,,,,1,,,,,,,0,0,0,23.036316,55305.87,0,59104.793,18.778402,41970.125,0,13174.12,
509,440.3609600169444,4.7643,,,,1,,,,,,,3.9443078,0,0,3.5102034,18358.678,0,19435.81,16.284548,770.3569,1.155801,0,
510,345.2640254003069,4.778072,,,,,,,,,,,711.6488,287.84958,0,0,4050.2886,0,0,415.87253,4174.9785,199.70746,119.868515,
511,137.13289419655138,4.790496,,,,,,,,,,,0,7.4325547,2.1623535,0,359.29095,7573.441,58.607094,102.446106,491.7531,25.579016,0,
512,420.22279067353173,4.78967,,,,,,,,,,,0,2.3220825,0,0,0,3795.8398,0,18.473608,148.02242,2.274242,0,
513,425.17849635759313,4.7881303,,,,,,,,,,,0,0,0,0,452.86688,12374.88,0,73.98077,543.5984,9.213953,0,
514,334.2951556287319,4.900483,,,,,,,,,,,1765.8252,383.99042,0,523.3528,797.04193,0,0,885.51373,1431.6613,3846.6624,688.8651,
515,271.06066461231666,4.9330235,,,,,,,,,,,174.46579,0,1.1264246,4113.2046,195.01044,699.2944,409.44507,0,307.72806,826.33624,178.34549,
516,226.1808344902318,4.992059,,,,,,,,,,,6257.583,8389.1,12709.216,10477.401,7979.7236,6612.236,7834.4595,8812.28,6739.997,8172.9736,6376.6836,
517,208.17018238543326,4.9965053,,,,,,,,,,,0,0,2943.7546,0,0,0,0,0,932.7846,0,1111.6687,
518,255.0771689731259,5.015061,,,,,,,,,,,0,0,0,0,7543.629,0,0,1.5617218,0,2.6202986,0,
519,287.05552591249415,5.0265374,,,,,,,,,,,51.61073,847.83374,0,209.06813,22.936932,0,103.16868,6394.871,210.4008,382.21927,115.820854,
520,274.27430226374486,5.1495347,,,,,,,,,,,1296.3478,1351.2588,1161.755,5316.85,6085.676,1519.1663,1221.7362,3524.0293,7184.919,1590.5876,1587.5919,
521,230.24814934871605,5.1779857,,,,,,,,,,,1276.5327,1545.8445,1233.3568,5085.998,1734.5529,0,0,1607.3413,4749.4805,0,959.2944,
522,271.0846211244343,5.2044516,,,,11,,,,,,,2009.1508,1766.4545,10.450339,164.12292,6134.3887,7190.6216,4490.8022,5809.4614,0,4356.12,5665.41,
523,179.1437032213169,5.20548,,,,11,,,,,,,6527.5615,6052.5186,3.4344666,565.7707,34726.902,25380.527,14972.012,19477.666,0,22272.648,18889.541,
524,482.2325281851978,5.2059436,,,,11,,,,,,,757.9381,737.95325,0,0,9649.022,4045.1973,2461.7112,0,1339.7349,4286.4253,3572.52,
525,161.13329705278193,5.205426,,,,11,,,,,,,3688.837,3392.8154,12.637834,281.96436,12140.647,14410.814,8530.59,8407.285,4811.7656,8033.562,10544.789,
526,290.2693083129676,5.2397304,,,,,,,,,,,6578.754,6792.333,4414.787,8724.539,8918.997,6294.425,5775.1,6995.8604,10818.872,6743.9805,6330.4536,
527,304.28472660164925,5.4731503,,,,,,,,,,,0,289.05997,115.34048,0,0,8839.266,0,14425.754,0,11.409526,31.753231,
528,316.28500413183167,5.6156044,,,,,,,,,,,90273.6,17742.855,0,104851.445,22439.701,31868.07,23292.707,31161.615,20655.4,168367.0,67064.04,
529,181.12291736787904,5.6603446,,,,,,,,,,,7137.505,3850.8203,6.508626,8517.104,9267.687,0,13059.843,7054.5117,10078.736,7378.942,11828.592,
530,228.1964524336102,5.6602635,,,,,,,,,,,0,20536.4,1909.5892,21096.088,1512.1248,0,0,0,0,0,1635.4373,
531,324.21699837214845,5.6853895,,,,,,,,,,,5.9942474,754.8815,0,0,33.085167,90.18706,157.77887,29.233845,13.052482,6217.106,0,
532,158.1547103910255,5.7031484,,,,,,,,,,,4930.59,0,8743.624,9527.993,4505.9395,8872.515,9771.586,8810.205,4196.5938,8300.986,4101.7183,
533,318.3007603418804,5.838329,,,,,,,,,,,30979.139,13770.4,63.734135,33791.41,7311.02,7927.515,5698.5845,17324.275,14552.081,29781.92,11864.548,
534,616.1768655234391,5.852928,,,,,,,,,,,0,0,1.3853073,0,11924.187,16.563828,0,0,0,0,0,
535,163.0397033817906,5.891028,,,,,,,,,,,82.76842,0,4.5758705,0,0,9303.2295,0,83.90225,159.11232,0,61.730583,
536,336.29020653116953,5.899133,,,,,,,,,,,0,0,0,216.31395,85.52943,0,0,0,0,13387.059,0,
537,437.34151954760335,5.9269276,,,,,,,,,,,0,0,0,17.160885,0,11993.038,0,0,73.75819,0,0,
538,455.35277979251515,5.9266505,,,,,,,,,,,0,5.1106,0,0,0,9873.929,0,0,0,6.73847,0,
539,272.25895317923437,5.9364104,,,,,,,,,,,12252.84,12117.422,14238.977,12241.448,13011.76,12524.234,12513.898,11527.304,11650.271,11164.707,12931.218,
540,300.29052335850366,5.9592776,,,,,,,,,,,0,171.97324,1.5938616,277.4696,0,0,0,132.95071,172.10983,15735.189,0,
541,255.11300086039336,6.131775,,,,,,,,,,,0,0,0,0,7.6587586,0,0,0,0,3262.3096,0,
542,610.3130123268637,6.183136,,,,,,,,,,,1283.5125,13520.759,0,629.8996,0,0,0,1993.9569,1871.8867,13642.022,0,
543,437.3420538457315,6.197958,,,,27,,,,,,,0,17.532866,0,63.153107,25174.273,0,43967.77,0,0,0,0,
544,455.35242123344506,6.1984367,,,,27,,,,,,,0,8.078501,0,52.04638,20170.832,0,36079.875,0,0,3.8315265,0,
545,257.19053157924645,6.3223667,,,,,,,,,,,1584.5837,1580.3606,4.519641,0,0,1658.605,2061.623,2289.857,2228.9795,1923.1492,5271.0444,
546,327.3371295400052,6.33305,,,,,,,,,,,3391.7266,4221.462,0,0,867.6726,1392.233,0,797.30994,1539.498,690.5612,1655.5789,
547,469.27980061606587,6.444478,,,,,,,,,,,656.2385,0,3.2242575,566.3224,0,760.78455,0,0,690.5774,3123.1165,383.1288,
548,325.2376065795506,6.4457526,,,,,,,,,,,2308.1187,0,0,1787.7202,0,4562.0063,0,0,2447.481,8343.631,1345.887,
549,364.32124741905113,6.4786167,,,,,,,,,,,0,0,0,0,0,0,0,0,0,60650.844,0,
550,376.32120327438844,6.4794044,,,,,,,,,,,107.83128,0,0,110.80802,0,12397.277,0,0,0,0,49.25694,
551,335.25788452738266,6.5111833,,,,,,,,,,,376.20697,392.93958,2.2412777,0,0,0,0,0,0,14348.448,0,
552,249.18570112872587,6.553167,,,,,,,,,,,0,0,0,0,0,0,0,0,0,0,10498.677,
553,518.3243200262336,6.6595707,,,,,,,,,,,1296.5835,1225.0425,0,2201.747,11718.471,0,2051.878,1950.0044,1511.8236,14171.677,12796.305,
554,353.26883513162994,6.6626563,,,,,,,,,,,620.834,0,0,0,0,0,759.9863,0,0,81739.63,0,
555,415.21217881150403,6.735933,,,,,,,,,,,3336.6829,20360.418,17520.0,4010.621,0,5805.88,9416.187,10547.351,9864.858,3118.0435,6471.061,
556,460.2700349888708,6.736333,,,,,,,,,,,2165.614,10760.32,3464.4082,0,0,3124.0771,0,3335.5974,3471.5608,2314.795,0,
557,599.4091668719703,6.9368,,,,,,,,,,,0,0,0,0,9869.259,0,0,592.59753,197.8761,0,0,
558,404.3519662385479,7.0705833,,,,,,,,,,,0,3.8021915,0,0,0,13039.118,0,0,0,0,0,
559,163.11228375396533,7.1114225,,,,,,,,,,,0,0,0,0,0,1522.8464,8638.777,1418.7683,2359.1929,0,7154.451,
560,181.1230194343048,7.11307,,,,,,,,,,,26958.545,25623.834,0,20225.959,27672.293,16723.879,45718.207,16737.248,25936.51,18665.613,37559.137,
561,275.2008150795638,7.1420383,,,,,,,,,,,2788.9944,0,0,114.14111,13892.071,7122.5107,3852.3315,0,0,262.46646,0,
562,520.3395897687639,7.1549144,,,,,,,,,,,0,0,0,16062.558,19176.258,18117.418,0,18195.502,12373.667,38976.11,12374.346,
563,353.26882251007635,7.2598405,,,,,,,,,,,0,0,0,4956.7124,0,9045.386,14813.218,0,0,9061.242,1869.2213,
564,537.3031804417539,7.259725,,,,,,,,,,,0,0,0,1355.9692,0,3308.387,2828.2996,0,0,2621.3743,0,
565,200.2014453856531,7.377933,,,,,,,,,,,21872.713,22152.475,26582.262,22596.508,21608.887,21464.639,23722.072,24310.588,20770.02,23368.467,22785.225,
566,277.21666487644836,7.3983216,,,,,,,,,,,15601.343,6026.782,10.715342,0,10361.767,7858.114,23052.61,11454.653,6742.1978,17033.318,13123.102,
567,430.8886886747974,7.471606,,,,,,,,,,,1772.0686,1389.8728,6333.3003,1852.3197,1838.5831,1841.1476,2164.9934,1922.9636,0,1649.2397,0,
568,454.29328249703997,7.5465302,,,,,,,,,,,1943.0459,0,0,0,0,11984.489,2676.6973,0,3172.2266,30903.498,0,
569,594.3182023128746,7.564876,,,,,,,,,,,9326.414,10091.813,0,0,0,0,369.43695,9991.587,1043.9083,1311.7775,1152.8746,
570,408.2655796979927,7.591255,,,,,,,,,,,2203.4062,2854.7388,0,0,1355.8801,0,10635.329,0,9777.238,13778.704,0,
571,391.2634489826874,7.5942693,,,,,,,,,,,1441.0256,0,0,0,1002.0553,0,0,9567.625,9551.027,14041.066,9056.131,
572,387.2531392918915,7.6240335,,,,,,,,,,,0,0,0,0,0,0,0,0,0,14860.825,0,
573,496.3395769045791,7.6372757,,,,,,,,,,,2804.2524,2546.495,0,12821.346,14862.198,13573.116,8100.452,10373.726,8522.904,26908.543,12082.73,
574,405.26357801694894,7.7221885,,,,,,,,,,,0,17.405334,0,353.78076,0,0,0,0,0,25502.223,0,
575,327.0783879212026,7.742333,,,,,,,,,,,8769.487,7996.4634,15518.814,7790.971,8707.614,9450.479,10465.685,9154.004,7026.627,7671.982,9866.564,
576,399.25120304673777,8.1510935,,,,,,,,,,,5490.6567,7073.624,0,5608.8247,5245.74,1900.4446,0,2564.5757,0,0,5326.5156,
577,277.18046885887554,8.219777,,,,,,,,,,,2862.3047,0,2989.7551,2620.1543,2926.5112,6368.056,5954.7773,2912.995,0,2501.5315,5061.1333,
578,365.1361543203121,8.232297,,,,0,6,[M+Na]+,,2,578;579,342.14744,21102.975,22115.02,32748.426,19697.28,21229.727,25460.83,25781.7,21171.346,16628.643,18003.822,22002.84,
579,163.0759665616273,8.238327,,,,0,6,[M-H2O+2H]+2,,2,578;579,342.14744,15439.497,17030.055,11183.712,14732.047,16156.964,15215.093,16175.73,15382.898,13903.68,14811.908,14913.99,
580,388.21205639777696,8.238902,,,,0,,,,,,,9221.223,9972.64,0,9080.524,9663.774,9269.485,8921.451,9127.696,2065.373,8533.221,8375.234,
581,226.09770024316268,8.307112,,,,,,,,,,,1914.0925,0,2642.6597,1827.0352,0,5338.5312,5229.2563,0,1877.9873,1682.9373,0,
582,307.1202797977611,8.517493,,,,,,,,,,,476.7193,0,0,0,2511.5122,4647.4507,4455.65,1850.4972,0,4738.6255,483.67566,
583,251.2010525955216,8.517427,,,,,,,,,,,0,364.12933,0,0,2990.1462,5823.5605,4676.224,3028.9038,0,0,567.423,
584,658.4074309161874,8.744484,,,,,,,,,,,0,0,0,0,0,0,11583.504,0,1128.8721,0,0,
585,261.22177869845416,8.798707,,,,,,,,,,,0,0,0,0,11360.42,0,2964.1272,0,3557.4463,27645.926,10797.857,
586,353.26887986865944,8.799594,,,,,,,,,,,0,56301.668,0,0,37278.8,0,10315.018,0,35398.75,91699.84,35693.047,
587,662.4385948472102,8.806967,,,,,,,,,,,0,0,0,1052.6937,1892.6594,0,6650.681,0,0,496.90674,0,
588,435.2892830311147,8.80872,,,,,,,,,,,18883.143,17235.115,0,0,1590.9094,16495.113,25756.74,15475.112,18606.621,17770.996,30427.889,
589,369.12502327946993,8.859739,,,,,,,,,,,6754.5874,2596.621,10723.335,0,6453.8086,7653.732,8949.529,6544.212,2132.9126,6011.5293,7786.5894,
590,409.2734744299699,8.881118,,,,,,,,,,,3290.0718,16645.607,0,2952.9785,3944.4329,19669.63,37780.09,24262.24,26903.826,30640.373,34806.566,
591,329.1597751016597,9.119055,,,,,,,,,,,0,6034.737,0,0,4980.384,5439.958,5465.546,2604.394,0,5869.9575,5412.212,
592,425.21473027627525,9.119195,,,,23,,,,,,,12157.123,13911.13,23265.459,11781.401,11793.03,13887.722,14825.494,11668.972,10619.785,12132.479,13812.202,
593,448.290613363895,9.119195,,,,23,,,,,,,12195.778,14031.85,11266.591,12674.045,11852.874,12717.831,12997.21,11879.596,12568.482,13752.033,12426.092,
594,403.2327509550713,9.119121,,,,,,,,,,,0,3532.6182,0,6068.4897,5722.838,6008.0596,6378.5186,5513.321,5885.3306,7069.87,6204.0024,
595,772.4749455086688,9.203836,,,,,,,,,,,0,0,0,1442.0488,1232.0125,0,5657.2905,0,1505.4751,553.63403,0,
596,392.2712331116716,9.26095,,,,,,,,,,,0,1333.1626,0,0,303.76962,0,7282.1753,0,916.3475,1641.9022,0,
597,337.27380924199247,9.2838545,,,,,,,,,,,0,0,0,16748.16,0,0,0,0,20051.885,31040.688,11686.207,
598,660.422830990692,9.294872,,,,,,,,,,,10059.281,0,0,0,9839.092,0,16990.268,0,2071.072,672.1219,10005.137,
599,638.4383621063745,9.35568,,,,,,,,,,,0,0,0,6792.6836,10710.501,1541.0205,11589.748,1674.838,2192.1787,908.2521,9275.274,
600,263.23755969159174,9.357475,,,,,,,,,,,0,0,0,17324.307,21296.318,19124.873,11648.93,32519.377,23520.727,33783.836,14395.432,
601,335.15219003126424,9.369456,,,,24,,,,,,,3679.233,0,0,0,5838.6543,25525.309,16045.433,0,5367.8657,34727.6,0,
602,279.2325923191505,9.371892,,,,24,,,,,,,7181.6035,29222.598,0,24928.688,28902.393,49100.25,22116.654,41017.277,30749.818,140935.12,0,
603,401.28419129326556,9.473911,,,,,,,,,,,0,0,0,0,6041.278,0,1695.127,0,0,153.89096,0,
604,352.3211309915945,9.486565,,,,,,,,,,,10638.34,13027.406,3640.1875,9746.459,11130.304,15898.597,14943.535,11902.654,0,11171.161,12067.142,
605,607.2546508039844,9.507746,,,,,,,,,,,0,1839.2007,0,0,1821.6003,0,1560.6976,0,0,46074.445,0,
606,784.4754071898243,9.564267,,,,,,,,,,,0,2199.4172,0,0,1907.9597,0,13660.592,0,0,521.2616,10763.996,
607,466.41012948105447,9.570837,,,,,,,,,,,2159.144,0,3456.4854,2287.9155,0,17767.307,2452.7344,0,0,0,0,
608,422.38398651877066,9.594833,,,,,,,,,,,0,2263.586,0,0,0,18868.627,2622.6326,0,2278.185,0,0,
609,623.2852674504832,9.614342,,,,,,,,,,,797.66437,0,0,0,0,0,0,0,0,0,21218.04,
610,256.2639412153623,9.680544,,,,,,,,,,,17085.092,17260.37,27285.17,14305.723,14557.6045,19076.652,18851.496,16427.523,15206.74,17383.7,17560.367,
611,600.415695371057,9.715295,,,,,,,,,,,0,0,0,10692.914,84829.42,0,0,0,0,0,2552.8506,
612,748.4750823750287,9.74243,,,,,,,,,,,8305.1455,2136.3691,0,7604.773,0,0,10794.972,0,0,0,8299.501,
613,611.4666163543519,9.756487,,,,,,,,,,,0,0,0,1274.1799,0,0,9253.254,1154.0613,1327.5359,1387.6064,0,
614,674.4623359329969,9.773247,,,,,,,,,,,0,646.10913,16387.217,389.48535,441.76276,1859.4841,5628.412,0,0,461.95837,1748.636,
615,679.4180687196092,9.778045,,,,,,,,,,,0,0,17480.68,0,0,0,0,0,261.51724,397.83823,0,
616,736.4900378163167,9.869329,,,,,,,,,,,813.9074,0,0,0,37526.617,0,0,0,55607.023,91206.03,0,
617,367.62993035008054,9.869264,,,,,,,,,,,612.2566,0,3207.8906,0,67.240005,0,94.19026,0,0,249.7003,722.6858,
618,654.3311549499301,9.869267,,,,,,,,,,,786.331,0,4425.7524,0,110.90483,0,158.38994,0,473.41632,518.7485,765.4507,
619,659.2866950516417,9.869733,,,,,,,,,,,835.5518,0,4380.865,0,126.84207,0,0,0,0,566.5806,822.0547,
620,682.3627862061984,9.869658,,,,,,,,,,,3768.5234,0,8186.1978,0,926.52136,0,0,0,2573.933,3078.045,4111.717,
621,637.3049030860884,9.869267,,,,,,,,,,,7149.982,0,19621.271,0,740.6576,0,959.56036,0,2700.6968,3206.9111,4133.329,
622,636.4228483237199,9.870295,,,,,,,,,,,18935.1,15445.193,0,16342.693,18833.898,0,28007.37,0,13192.294,0,19812.045,
623,313.2738643730174,9.901481,,,,,,,,,,,0,7555.6187,0,0,5373.595,0,2239.0315,14983.756,0,8602.726,6122.87,
624,778.5370315730453,9.912406,,,,,,,,,,,0,0,0,1241.5175,0,0,1883.9805,0,0,115740.33,0,
625,584.4219291131592,9.934584,,,,,,,,,,,0,626.2047,0,0,1402.4149,0,13529.637,422.43503,0,0,0,
626,584.4722118722414,9.944034,,,,,,,,,,,0,1573.7935,10277.977,0,0,1518.3721,0,0,1246.398,0,0,
627,540.4465231439166,9.972495,,,,,,,,,,,0,0,0,0,1947.3232,0,2346.685,5744.7466,5634.6943,1913.0172,2147.26,
628,563.2649981138578,9.9880495,,,,,,,,,,,0,0,0,0,0,0,0,1374.7721,4249.0723,2113.9868,0,
629,270.2793454122214,9.989039,,,,,,,,,,,0,0,8673.956,0,0,0,0,4036.416,4096.452,0,0,
630,501.3753228308287,9.988483,,,,,,,,,,,0,0,2710.1504,0,0,0,0,1119.4991,1147.3698,1316.6072,0,
