sample_name,filepath
230605_ED_dbgi_001142_01_03_nr8cent.mzML,230605_ED_dbgi_001142_01_03_nr8cent.mzML
230605_ED_dbgi_001144_01_03_nr8cent.mzML,230605_ED_dbgi_001144_01_03_nr8cent.mzML
230605_EDdbgi_001146_01_03_nr8cent.mzML,230605_EDdbgi_001146_01_03_nr8cent.mzML
230605_ED_dbgi_001153_01_03_nr8cent.mzML,230605_ED_dbgi_001153_01_03_nr8cent.mzML
230605_ED_dbgi_001152_01_03_nr8cent.mzML,230605_ED_dbgi_001152_01_03_nr8cent.mzML
230605_ED_dbgi_001161_01_03_nr8cent.mzML,230605_ED_dbgi_001161_01_03_nr8cent.mzML
230605_ED_dbgi_001162_01_03_nr8cent.mzML,230605_ED_dbgi_001162_01_03_nr8cent.mzML
230605_ED_dbgi_001175_01_03_nr8cent.mzML,230605_ED_dbgi_001175_01_03_nr8cent.mzML
230605_ED_dbgi_001182_01_03_nr8cent.mzML,230605_ED_dbgi_001182_01_03_nr8cent.mzML
230605_ED_dbgi_001185_01_03_nr8cent.mzML,230605_ED_dbgi_001185_01_03_nr8cent.mzML
230605_ED_Blank_ALC_nr8cent.mzML,230605_ED_Blank_ALC_nr8cent.mzML
