row ID,row m/z,row retention time,1685365277_ALC_dbgi_001158_01_01.mzML Peak area,
1,422.165072361169,2.2400641,2.339299018245234E7,
2,355.10199255009474,2.2714472,5.1647514389796776E8,
3,420.22352899303115,4.7934303,4.097426563328525E8,
4,381.0798709190178,0.60457913,1.0288065040381638E9,
5,227.09117615535845,2.3009303,6.488612601709388E8,
6,163.0387452902978,2.2714472,1.5451283959759313E8,
7,579.1349407850737,2.9996882,3121940.0099572986,
8,449.10810079900307,3.1531309,2.129365517676418E8,
9,584.218401744151,2.5370913,1.0079960957003564E8,
10,518.3246875421306,6.8670311,1.2301864491225125E8,
11,520.3395528709723,7.3372988,1.4952087805695543E8,
12,370.113046444498,2.5795555,8.767016798061283E7,
13,420.1861122769464,2.6012825000000004,8.816332870209067E7,
14,406.1704087933774,2.2904408,2.733223123707334E8,
15,219.0268732903802,0.58295432,2.2800697625518063E8,
16,408.1861366177337,2.632301,6.492819446529196E7,
17,389.143672888509,2.3009303,1.5794601061771104E8,
18,360.1505276831175,0.67786614,3.783140130858488E8,
19,195.06505884018327,2.3009303,1.5056803684103265E8,
20,293.06375193865875,0.60457913,1.576401902977882E8,
21,429.1758235998045,4.1300244,720831.5198243433,
22,378.1763657860846,3.0747897000000006,5.104180111166071E7,
23,394.1712362104277,2.1284856,4.709519883224818E7,
24,364.1965748333665,3.0101047,4.911388847075474E7,
25,425.17979141981,4.8044365,7.660938416170017E7,
26,135.11709552577747,3.0641856,3.807143237305474E7,
27,355.1731254978107,3.0641856,4.042299340075286E7,
28,465.1031073939665,3.1087687,3.941958000892473E7,
29,139.0389047715857,2.3009303,1.5311145997049826E8,
30,597.1452373016608,2.8752452,3.938233821778648E7,
31,611.1605888660309,3.0101047,3.724817974046221E7,
32,344.1337260596399,2.3730923,3.652371973164344E7,
33,595.1659204855866,3.2409116,3.149438754900917E7,
34,590.2808348944839,4.0172355,3.364472247760919E7,
35,405.1388459721801,2.2400641,2.7985240149203587E7,
36,446.2012431078079,3.4750621,3.1216041557455778E7,
37,532.3474743247145,7.3689549,3.48175866251141E7,
38,455.11672864375726,0.60457913,7.618590209545825E7,
39,183.06507133249022,2.3009303,6.3553578350112654E7,
40,466.26478731770004,4.257036,4.2452369355377086E7,
41,400.1599358580841,2.2611035,1.5964020067937264E7,
42,400.2179342400223,2.8086915,2.428855749885804E7,
43,209.08064131484764,2.3009303,7.41632172317771E7,
44,130.05020996093452,0.63563104,8.392745499140498E7,
45,476.2775849296051,6.8455375,3.0116002899644095E7,
46,398.1443848285224,2.5795555,2.8696845473686602E7,
47,400.1603984473684,4.1490826,2.4661542857463624E7,
48,478.2924602014516,7.3079198,3.103591052249321E7,
49,199.09670026088085,3.0747897000000006,2.128188973025184E7,
50,315.0476698652832,0.9201854,1.200831978110736E8,
51,366.21206207676914,3.2863696,2.416600367284547E7,
52,145.04975017160447,0.66776622,3.799908487412809E7,
53,429.13648490831673,2.3413655,1.4230232900428492E8,
54,177.05449054948375,2.3009303,4.934792354968324E7,
55,441.2459357576808,3.7960495,5.8196065057418436E7,
56,153.1276038589168,3.0641856,1.7196532644412234E7,
57,535.1076449496943,3.5082181,2.9685775437109794E7,
58,565.1547717627483,3.2631093000000004,2.126129732931403E7,
59,482.25963507595003,3.2085701,2.2296124322518192E7,
60,537.3026864575521,7.3689549,2.9183336931026276E7,
61,609.1239975037695,3.7212042,2136849.3361620973,
62,166.08649038541435,1.6016996,3.4127202540950626E7,
63,197.11694869038976,3.4311999,1.9443811186816506E7,
64,455.3522706558273,4.7051559,2.2878500404653046E7,
65,435.12627408823147,4.1490826,1.4659549542066166E7,
66,181.08565042694394,2.3009303,3.624447971519487E7,
67,522.355758912737,7.9091679,1.985261060134377E7,
68,447.1263021383891,1.8463563,2.850180193185053E7,
69,284.0980223046304,4.7934303,2.0424029432172094E7,
70,595.2361136661046,4.0172355,1.7300947523662496E7,
71,450.1966114471517,2.2400641,1.3750515893079186E7,
72,586.212040508475,3.3199193999999994,3.3074323714760996E7,
73,378.2484380817083,3.0536878,1.3209363557332128E7,
74,167.07014830690161,2.3009303,3.42769714824503E7,
75,777.2803261029596,2.3009303,1.9419565877531573E7,
76,538.227543959715,3.4970452,3180900.7588835997,
77,412.2185169156716,3.0536878,1.333110116516803E7,
78,540.3063572359396,6.8766248,1.7771128142842263E7,
79,433.11222898612743,3.4640038,1.4412623781854669E7,
80,452.2123754266754,2.3413655,9.976503913426565E7,
81,436.21703050714973,3.3419213,1.7742350611490525E7,
82,589.1731907056005,2.5370913,1.2822471669758055E7,
83,437.34183518385953,4.7051559,1.902448388522857E7,
84,257.1016729837731,2.6640112,1.181223181905928E7,
85,542.3209748606419,7.3467154,1.72185605712348E7,
86,215.0917350275187,2.1284856,1.0887111710401366E7,
87,436.2180417335804,3.9365465,1.4321671299368326E7,
88,459.14715424531084,2.6640112,1.1655937903348971E7,
89,355.1717898768408,3.5303305,1.3766331999726843E7,
90,374.14475001039256,3.1310185,1.388736504490633E7,
91,371.16761323475856,3.2975008,1.2135996178345822E7,
92,238.14347777431541,2.3413655,1.4756457850460852E7,
93,233.10233074199033,1.4377986,3.2926424751920644E7,
94,287.055122304808,4.0816143,1.5549440034862053E7,
95,325.11324250468545,0.67786614,5.977748541416771E7,
96,378.24795225125183,3.5303305,1.2386036879217664E7,
97,406.24287107309607,2.698736,1.0551190273756286E7,
98,179.07006517705852,2.632301,9798993.861138437,
99,913.5154174917147,6.0526157,1.758895417166695E7,
100,537.2332884081131,4.0172355,1.0806821389487982E7,
101,490.1772015475464,0.63563104,3.9228580622035645E7,
102,445.11044947083525,2.3518737,8.803282167246342E7,
103,563.210013219237,2.9330032,2.2822085869781367E7,
104,322.1859562632942,2.2505994,3.612530223485873E7,
105,694.4008218473732,6.7907795,1.2344197915824462E7,
106,163.03853355609968,3.4311999,2.9657890712540276E7,
107,471.2199549703444,4.257036,1.4428905124975529E7,
108,383.1316057390641,3.0747897000000006,9535103.256977163,
109,558.2545157681797,2.9552426,1.78582919900943E7,
110,448.16680668217606,0.63563104,3.0773858343676273E7,
111,219.17443031278484,3.993042,1626206.8552789318,
112,416.263272115516,3.4750621,8946652.445459828,
113,369.1518879035939,3.0101047,1.0962871564154165E7,
114,422.1660703120884,2.8648995,7603225.353872618,
115,271.05822432170214,1.4377986,2.586277861774155E7,
116,272.12874267379095,2.6881048,8860371.531417174,
117,243.08645889136506,2.8648995,8187862.742490914,
118,243.08609153197185,2.2400641,8545377.50520703,
119,290.8476393398179,0.5612857000000001,1.1982561773598375E7,
120,522.2909652181723,4.0041107,6752377.455385184,
121,443.09411703207775,2.2400641,7640530.095797013,
122,699.3560738783842,6.779614999999999,1.0478650219153555E7,
123,434.20208823694594,2.9777488,1.868531851181058E7,
124,541.113016617117,5.135076,1.0430871290391518E7,
125,343.123941122169,0.67786614,4.2721253612809725E7,
126,365.1058938815677,0.73190745,5.512377814838449E7,
127,205.09725775382893,2.0477654,1.0319609204104055E7,
128,812.3166784156817,2.3009303,9437341.358256377,
129,325.09119640045935,3.4311999,1.8596069783226352E7,
130,371.1336184160991,2.3009303,1.671995451576171E7,
131,425.14161025833135,2.6012825000000004,9228256.766175603,
132,427.1202823840926,2.2505994,6829643.9732859135,
133,369.1181607214944,2.8086915,8438859.724828621,
134,392.2278028272502,3.0205985,9467554.115082636,
135,465.0415188919053,0.58295432,9863119.058949403,
136,361.14975497180393,3.0747897000000006,6856525.954437065,
137,329.1592490879154,3.0101047,7094854.846764807,
138,147.04393860889832,2.6115137,8843441.431610787,
139,247.0218457494853,0.66776622,4.137717131615212E7,
140,375.0683761256197,2.6012825000000004,1.3546858935747642E7,
141,371.2056149404212,3.4750621,6501442.863693738,
142,556.2235289377571,2.3939317,1.6162990494704304E7,
143,455.3520339061859,6.0526157,1.37172151239792E7,
144,441.1735447464182,3.9365465,8566747.426025793,
145,448.2175599780949,2.6012825000000004,6547561.1043448085,
146,391.15949200415747,2.632301,5683343.237545055,
147,794.3070047728215,2.3009303,7732295.181565606,
148,618.3117234963343,4.0172355,7451392.783795141,
149,303.04977143775113,3.1087687,6211442.005844411,
150,296.1492698516051,2.8192581,7053919.728736848,
151,597.2519184561785,4.1490826,9940365.706487497,
152,487.21488941472,3.2085701,2.280653043840521E7,
153,394.24343238977,3.2975008,7554232.924649718,
154,353.08654043779745,2.5795555,7982538.356132031,
155,298.0968066421578,2.0253114,8160116.852297909,
156,439.23049629251943,3.993042,2.6568752314141504E7,
157,315.1805237017989,3.0641856,5656856.461589636,
158,596.3102943297398,7.115619,8980589.58798327,
159,592.2965603366536,4.1490826,7658632.461255911,
160,439.15793146001243,3.6987085,4416661.957018912,
161,555.2433555007468,4.0172355,6207425.2797616245,
162,373.22191506950264,3.6181194,5647918.892407687,
163,330.1338078834755,3.1531309,5341156.637054071,
164,339.083996784973,1.8241314,6029652.665678768,
165,353.2680512555163,7.3689549,7958892.095241442,
166,180.0868814478473,0.6893098300000001,4.6074000685872756E7,
167,225.07541158094534,2.5370913,4959731.935854284,
168,193.07065341524716,2.5795555,7047091.844943509,
169,350.217626036989,3.0641856,8032731.2567898035,
170,405.1394240965574,2.8648995,4826745.655221401,
171,175.14802019219766,2.4257503,5206052.575475738,
172,432.17208620849283,0.63563104,1.4422699874810891E7,
173,127.03933571446765,0.67786614,3.845502647086954E7,
174,530.1287251049442,3.4311999,1.0476828640322499E7,
175,462.182547866961,0.63563104,1.5770874390708314E7,
176,457.24032396276607,3.4191645,3.351008094527982E7,
177,437.34157453684884,6.0526157,1.0527614608192312E7,
178,405.1731075188853,2.8086915,5053279.897352655,
179,291.08495888599083,1.3942551,1.707980941172396E7,
180,781.4732882649041,6.0526157,8542805.858487701,
181,191.14261655233335,3.4750621,5073451.221797575,
182,155.03371683951812,2.3009303,9769470.553577745,
183,135.04396957584,2.2714472,5377599.481419224,
184,355.10187562290054,3.4191645,7051226.094073495,
185,436.2172404210069,2.632301,4936437.839867055,
186,557.2593393435262,4.1600429,6659598.809242534,
187,249.03980709706107,0.53977127,1.7956168741882782E7,
188,453.1770483415599,2.3009303,5692393.624712341,
189,188.07065477404484,2.0477654,6862681.150385731,
190,441.17299889841,2.4706521,4967476.110546246,
191,254.10265413222402,1.5027002,1.1670201100187218E7,
192,377.1446802709944,2.1284856,4527349.45497372,
193,288.14389942389795,2.5589869,3753184.940901669,
194,287.05385294966027,3.1531309,2.1051177501180552E7,
195,384.2227355917725,2.9442176,5043174.16672909,
196,484.2906373968988,4.0929017,2965389.3081166833,
197,297.1701212280422,3.0641856,3961504.9488178534,
198,191.07005659445082,2.3009303,1.007365437358189E7,
199,458.2020167113522,4.1490826,4250115.986615244,
200,415.1005247434688,2.1284856,3822156.101478552,
201,483.1286815858646,3.6406027,8913039.947245674,
202,320.86662235314304,0.53977127,7013789.523801223,
203,333.19125579511314,3.0641856,4484061.931386298,
204,267.0837740274407,2.698736,1.5945531711646857E7,
205,354.17516477521843,3.3639357,4363959.6779652005,
206,531.2930815282897,6.0842593,5477221.486853006,
207,1092.5954751144202,4.5342946,4269082.474772116,
208,433.23488887018567,7.4833208,1.797025420552678E7,
209,364.32034136807886,7.244289,6181220.5348459,
210,573.2884387233133,3.6406027,3810816.659314007,
211,595.287914143397,6.796967,5911934.695186415,
212,220.1177122570871,1.7686943,5712175.057146586,
213,935.4970708055291,6.0526157,7070806.783101265,
214,434.275010363634,3.8412867,2161469.062832042,
215,263.01660640047265,0.63563104,2.7104592466445304E7,
216,153.1271278735087,3.5303305,4920251.255086994,
217,318.154443472154,1.8241314,4823209.161782684,
218,226.10750916675894,1.1193028,3.882295585492439E7,
219,510.2910797476023,3.2195992,6224818.041922031,
220,457.31351513496753,7.8280164,7059217.832149441,
221,464.3210627134121,4.0282355,3991690.9288165327,
222,210.11262628530247,0.90929797,3.769513044582226E7,
223,177.05461915396708,2.6640112,1.834469417074273E7,
224,773.1916214027256,3.3087819,3793543.664935993,
225,268.11833596953625,1.5358896,1.1827615061173495E7,
226,206.88626427893755,0.5612857000000001,5800081.20152222,
227,290.15974298340484,2.6640112,2.247863855458396E7,
228,399.1265112486125,2.1284856,3567005.7399748974,
229,501.1389549130677,3.6406027,6332412.492219957,
230,133.10098857324792,3.4750621,3775923.038340171,
231,168.1021187982474,0.63563104,2.775806685643914E7,
232,181.12248932643243,3.0536878,5547403.585027939,
233,603.132343641428,3.0960875,4914189.032030093,
234,371.1470862314048,3.0641856,3578357.4638753687,
235,897.2088012277574,3.1641579,5090040.92455545,
236,393.18746347079883,3.4750621,3835393.504900436,
237,342.17549474109154,2.4041067,3881520.5048471186,
238,297.1806734359892,2.6640112,5465937.234476094,
239,123.04413146253349,2.3009303,8697023.403578868,
240,162.11270707127224,0.63563104,2.0890417215496294E7,
241,450.19733949387154,2.8648995,3360460.750373551,
242,476.2128679172534,3.6181194,3617475.4987566774,
243,496.3398744018053,7.8713328,5685913.888251231,
244,451.1563610426594,3.4640038,3499129.9729516623,
245,612.2488918592699,2.5370913,3414555.7709740913,
246,597.2163655246723,2.3009303,5096601.888004712,
247,525.1667703694084,0.63563104,9660107.88501556,
248,163.0602159553763,0.67786614,2.3250719418115832E7,
249,227.16378717946284,2.698736,3266421.240124491,
250,441.15420010188893,4.8044365,6645798.900063468,
251,731.1785564794353,2.5795555,3843591.6320058242,
252,427.12168390217073,2.8648995,3158998.733929648,
253,345.26374878974565,4.7614827,4137169.476612508,
254,474.2329402978405,3.4640038,3302797.383140399,
255,432.23830344454933,6.518073,4338082.908170318,
256,339.1779614323385,4.5547986,3766014.0500720516,
257,132.10209972197626,1.1193028,2.1695709956557408E7,
258,373.1832451286188,2.4815728,3585585.4859925713,
259,726.2239472391936,2.0700922,1.1565577650665304E7,
260,459.18317587669503,2.7092338,4311858.164985983,
261,437.1652939587766,2.6640112,3838463.8377794,
262,517.0122412559513,0.59375003,8062665.269051542,
263,487.0846776263815,3.1087687,3634341.3390526203,
264,418.2799288102514,3.6181194,3646800.5256957226,
265,448.25491398762915,4.8153073,5530036.995001887,
266,539.0974657049323,4.9656834,5062577.8163161585,
267,619.1270938200503,2.8752452,4982356.364975614,
268,122.92484409226458,0.5612857000000001,5921009.376708142,
269,335.25795389904874,6.796967,4801094.6910424875,
270,401.1638145497243,2.5795555,3642660.904211126,
271,293.2106485929423,7.244289,8615061.836176723,
272,311.14870085163864,4.0172355,3430215.868355226,
273,447.2500957314333,7.4488043,3287442.462827215,
274,185.0326448090686,0.60457913,6859970.477029721,
275,285.0735428524702,1.8917852,4664132.564352176,
276,258.110217126601,0.63563104,1.304712755673688E7,
277,525.3040730080012,4.8374113,3976699.742733295,
278,277.03230579281495,0.8314609999999999,2.6900683761630323E7,
279,242.17464336273287,3.4422039,4889782.747456628,
280,196.0970338799115,0.8314609999999999,1.991980158796426E7,
281,566.1146140570002,3.2302429,3910630.5467732735,
282,325.13885025182583,1.7466007,4735574.905399567,
283,568.333056796957,3.6406027,2377498.8735467433,
284,428.24919696200516,2.8086915,2806887.0392141542,
285,236.90523592025102,0.53977127,4815744.604042218,
286,460.2029474865837,0.66776622,9829828.420128314,
287,366.17599901333915,3.6181194,2956579.0330550615,
288,222.06105145656227,0.80971737,1.2901215326841868E7,
289,289.09200447824844,0.66776622,1.5624569493154516E7,
290,304.2846302421362,6.1509048,3506747.5829582913,
291,586.2120336074399,2.414815,2527468.946191918,
292,555.2776531925678,5.111047,3128244.7062824494,
293,913.5160539689331,4.7051559,6455758.225677054,
294,136.06202008265956,0.74250117,2.0824309183934145E7,
295,253.11856456941362,0.77712179,1.6044813392277127E7,
296,226.09243353681396,0.71040757,1.7925938506900724E7,
297,203.17950824456966,4.0282355,3011623.8227772503,
298,215.09176685656547,1.4377986,1.0079248477811046E7,
299,460.2694880523179,6.518073,3509068.3616218236,
300,391.0422940992899,2.5795555,5547156.28427156,
301,501.33949252577145,7.6433717,3392640.6086287485,
302,133.06478502984322,2.3009303,5663962.000533808,
303,738.3723460935868,4.6434147,3275502.7524944856,
304,292.175785375962,2.1284856,3872959.0497636967,
305,179.0336115001617,2.5795555,3260710.817419424,
306,485.3215055146967,3.5303305,8570020.078123359,
307,454.22829343518595,1.8463563,4279042.540696677,
308,538.2854167394929,2.6881048,2687799.9490999645,
309,252.12289333332203,3.085098,1.4633645309706502E7,
310,545.1980629535399,3.4970452,2673375.4255142957,
311,522.2913061164008,4.361427,2745261.5282346304,
312,417.17358944646037,3.0641856,2725114.1482917424,
313,450.23328747937984,4.3257334,2792795.3947267644,
314,715.3143982682994,3.0205985,2409677.3677987074,
315,212.85209035987614,0.5721044,3861670.1161822164,
316,275.20053300162743,5.9961057,3037872.8641677,
317,384.1655029394375,2.8974409,2404548.1147204596,
318,572.2702647791997,4.0041107,2867214.7932651234,
319,385.2564389069711,4.7614827,2423427.3734284113,
320,419.26407727733397,4.0282355,2274334.398815692,
321,222.98834405746143,0.5612857000000001,4341761.823419098,
322,211.05976869420132,2.2400641,2463970.469293698,
323,255.10812045451715,0.66776622,1.1531950011020312E7,
324,397.1834772220054,3.7212042,2692641.8266676096,
325,309.1180671308921,4.7051559,4716397.88664149,
326,292.05859534149835,1.4917503,6563561.979098511,
327,219.10116344229047,3.3639357,2231446.0783882057,
328,593.2205048919504,3.1531309,4160911.2858809885,
329,439.1573178857149,2.9085617,2269922.0987204965,
330,429.1150879864772,3.7385687,2743800.5430435156,
331,619.4204851384553,6.0526157,4706955.363520951,
332,464.2485445974739,3.3199193999999994,2997118.4416082725,
333,230.990464552038,0.73190745,1.885679569214212E7,
334,367.1962080672438,2.9552426,2463614.801097737,
335,245.08058116971443,2.414815,1994670.0519484603,
336,454.19168204114874,2.6640112,2557007.9846994095,
337,417.32092722875933,7.8321184,4077820.9646029933,
338,507.2711189564974,7.233012,3372092.742694218,
339,280.1541091764756,2.5589869,7192358.869284919,
340,226.18029932602101,4.8548737,2683250.6319666184,
341,482.22214265050144,2.6640112,2310072.247259187,
342,411.2722379326706,5.6817036,2994809.440106572,
343,365.1705562075752,3.3309005,1976957.103608275,
344,390.1757807748628,2.3323176,4450637.353508193,
345,239.20057439336222,4.0282355,2809442.8054423737,
346,383.16698421942255,2.6640112,2294483.1724691684,
347,347.17003315967594,3.0101047,2467689.486515096,
348,349.19858288526405,6.7733797000000004,2774162.811011517,
349,368.2280968884683,4.7387557,2177034.6294986177,
350,198.1238098957603,0.67786614,2.04593773619004E7,
351,395.2770811867348,7.0557319,3128229.165845511,
352,279.10757454625707,4.7051559,4076731.9048386896,
353,207.13797360024813,2.7199692,2422215.5744564277,
354,398.2019178834621,2.4815728,3913993.7898024395,
355,346.047185288957,0.82058185,1.0787725652452845E7,
356,392.22807354628173,3.7099959,2533282.8021268924,
357,657.3460559767216,4.6827582,1.0633001328281872E7,
358,222.1488421632117,2.8974409,2255550.1263969503,
359,527.2463668430772,4.361427,1701092.432666509,
360,266.138718545211,2.0253114,2543929.0339987963,
361,431.15267199039295,1.8463563,3945989.9890832254,
362,296.1131047210622,3.1310185,6082983.8586585205,
363,464.24944090234277,3.9365465,2847637.892465285,
364,256.17554351624074,2.0700922,2330438.637484157,
365,379.0998889861381,3.1310185,2943986.340576102,
366,497.31042880989963,7.3689549,2643092.256544749,
367,174.8962032231784,0.58295432,3784148.369065757,
368,620.3276906091763,4.1600429,3220523.5688700164,
369,415.21157924713566,6.518073,2847852.799155632,
370,462.30607142680935,3.993042,7335746.171466945,
371,510.1605781235497,4.1846407,2056364.268020792,
372,120.0812276086188,1.6016996,3882771.727677088,
373,547.1997504571028,2.7641501,1861497.639710205,
374,827.3682843789298,4.7934303,2733186.856037006,
375,415.1003101473631,1.6016996,4545318.735831492,
376,304.17542325470987,3.7385687,2862885.8849699595,
377,295.1903368553946,6.7733797000000004,2819929.227139978,
378,751.4627878393011,6.0526157,4250808.355467966,
379,856.5061901658837,4.7051559,3801017.386100138,
380,326.1233148256488,2.0017032,2763258.994614819,
381,324.1074553950317,2.5795555,2627288.0565735786,
382,730.2549976687329,3.749906,1843483.2911895723,
383,302.98859423676055,0.5721044,3143916.774010563,
384,781.4739298196663,4.7051559,4071718.403051665,
385,389.1779878360442,2.9442176,2163506.6939362367,
386,433.23475898522855,7.6533155,3879954.8354518707,
387,617.147645343505,3.2409116,2255404.022188435,
388,520.2679587633166,6.796967,2882118.4679329875,
389,551.1741800872561,3.4859808,6341364.749269074,
390,310.12822240799625,3.6519609,4669609.3465848975,
391,284.2068769774707,2.0700922,2180619.7296345956,
392,344.14948303691796,3.6406027,2042884.8558715458,
393,153.12723522813658,2.4041067,4034910.8547948785,
394,266.1728112471395,4.8548737,2362870.322926392,
395,331.1539760370855,2.9330032,3314077.306525881,
396,426.1969827325124,1.8806623,3883802.1560892346,
397,754.3490795317258,3.6633942,3044364.4382180725,
398,476.17558540656756,2.4041067,3603082.5113840248,
399,441.1154329374769,2.6012825000000004,2484516.4512823443,
400,325.17635971318896,2.1284856,1846389.5791970135,
401,221.1899652729813,4.361427,1662884.6910342774,
402,494.29566931331937,4.2253862,3383490.1291918326,
403,481.1678672406723,3.6181194,1874119.913633629,
404,586.2861912564497,2.9552426,4217145.189262482,
405,930.5417286726632,6.0526157,2687659.6312445938,
406,291.14367949101427,3.7849913,1830611.4505737831,
407,254.10257211920256,0.80971737,1.1281296949430846E7,
408,586.2343380333301,2.3323176,7176782.244085536,
409,649.348441151791,5.1191991,3462715.930921128,
410,231.05027766845552,4.8044365,2731489.312766811,
411,615.2073105120469,4.5148051,2013110.7285570672,
412,1051.615941258495,7.3689549,1741245.4352436177,
413,346.1492648537309,2.2181934,1753494.0505392172,
414,462.2331449661946,2.9085617,1747873.1199431461,
415,249.06085147679653,4.7934303,2710472.74441103,
416,262.08377116223,1.8130564999999998,1985976.9621052996,
417,240.12294310634104,1.6909906,5872673.476950095,
418,353.26862811277755,6.779614999999999,2266739.4459241545,
419,351.1286900494672,4.7051559,3808252.2451320756,
420,751.4628305103064,4.7051559,3732393.0807727803,
421,410.16629986911187,1.5688665,3898141.580117554,
422,391.2634248143866,7.184603999999999,2236346.23519966,
423,524.262078149218,5.1238845,1782368.1803870522,
424,409.34682731875,4.7051559,2324857.9109045747,
425,349.08909944416223,2.3730923,2050252.687944886,
426,301.0684188280214,1.8019378,2.112940845390693E7,
427,237.18452972741542,3.3639357,6665932.262850737,
428,553.2761276841461,7.3689549,2922601.0757886074,
429,437.1936429039304,6.518073,2395245.0860886523,
430,256.10033739382146,1.9140892,2472711.4744655034,
431,277.06834374455053,0.9201854,9244303.257529492,
432,557.0891754415799,3.5082181,2353314.666350194,
433,458.77057095484366,0.5612857000000001,1984592.4242327518,
434,619.4208581123919,4.7051559,3957160.2228010264,
435,539.11526840414,3.4191645,6156800.786539387,
436,373.2527431591238,7.184603999999999,2159902.8167497464,
437,498.25952661545756,6.8455375,1853612.176146033,
438,822.4125103098821,4.7934303,1865020.8415965114,
439,402.17583647709455,3.1310185,2337807.008671538,
440,314.1390213197165,2.8303998,2236495.9022986,
441,188.09187202061796,4.7051559,3054352.1030895924,
442,573.0850096124491,3.2302429,2100341.0631049275,
443,205.07074753907565,4.7051559,6657052.27225196,
444,401.25358223393295,4.0282355,1555031.892833911,
445,383.1676389832349,3.773783,1349873.6141390365,
446,312.10823762987457,1.5027002,3567356.174372103,
447,568.2741764840843,3.4970452,1666247.6092383037,
448,363.0947062892055,1.7466007,2400442.0323071107,
449,277.0911030602831,0.93112489,1.5779638538389932E7,
450,367.1504195686083,2.1721583,1537705.228572582,
451,549.0022326180156,0.58295432,1878262.1862197164,
452,365.0633966088285,2.3730923,1810210.3590302896,
453,307.1688370268484,2.1610833,2873016.5688986517,
454,289.07025797365685,3.5529116,1789236.8365155025,
455,465.23324262936245,3.2085701,3163573.1864747177,
456,405.1157605559002,4.1490826,1818524.3579368785,
457,544.337536753937,7.9137137,1745809.3712908523,
458,314.105379956237,2.4490064,1622709.7092494725,
459,323.1237410625187,2.7641501,3137522.752500408,
460,545.1631726134996,4.294992,1646174.7554790182,
461,355.284421513092,7.0557319,2021570.2724778736,
462,372.27442091135447,6.7733797000000004,1959701.1341231822,
463,207.17454933095257,4.7051559,2279477.047002101,
464,346.1281340854754,2.2181934,1275469.5494912101,
465,310.12823338881276,2.4490064,1667252.0272780855,
466,197.0811656351791,1.4377986,4497534.743971229,
467,433.111845894508,1.4809004,3455550.0149044464,
468,257.1898971870035,5.9961057,1637274.3369373817,
469,454.2649498320827,4.5797006,1710087.8820963763,
470,531.3505930493628,4.522942600000001,2729079.0948475082,
471,339.19082616814944,2.2181934,1412383.6548257328,
472,494.166515254084,4.8044365,1867349.9445802094,
473,487.2534478519509,4.361427,2076486.9761771585,
474,561.1786427064599,2.3939317,2824224.1132950867,
475,452.2489780119349,4.1490826,1498665.8269218071,
476,500.27385669631917,7.3016949,1623337.1642532672,
477,380.26346748220334,3.3639357,3319937.240814572,
478,738.2439738947065,2.3830027,1432636.4177996898,
479,561.1946286797412,2.8416496000000007,1973621.417658026,
480,181.96186702295952,0.5612857000000001,2561345.1243223804,
481,352.13880507623946,2.5904242,2083419.1143171168,
482,568.2231321281133,2.9085617,1325961.6323387746,
483,170.1176542499007,2.8752452,1774874.8718308096,
484,349.12579947771593,3.8185473,1268718.797557919,
485,269.10126986795734,2.3216281,4028457.0319485185,
486,343.1302704091006,2.7530773,1328691.977443639,
487,597.1807328369928,2.4386211,1309279.969967622,
488,591.167691614683,3.3199193999999994,4562162.722842046,
489,254.13840575190667,1.8019378,1717784.8935265548,
490,143.1067131298451,4.0282355,1519715.3761031711,
491,461.10551184542646,2.0130093,1807900.4366297263,
492,597.3025342066542,7.3467154,1785585.2222286651,
493,577.2775364729571,6.796967,1927824.5689484507,
494,315.1926578669786,7.244289,3146203.5673984955,
495,553.2625251544049,4.9238295,1986044.0695512441,
496,244.2635563521129,6.0842593,1637143.8837934395,
497,1134.6059348658455,4.8261989,2231842.3506029043,
498,525.3029434819986,4.257036,1259800.9010540647,
499,500.28511426601216,4.2141217,2593012.151724319,
500,310.14901658129435,1.7908692,1820754.3225998662,
501,505.2641503820073,4.361427,1234705.7750960777,
502,127.03935470474941,4.7934303,1985356.726772795,
503,385.1258515050093,3.0205985,1495467.7154141522,
504,231.1591682742972,3.1421934000000005,1109078.2649457986,
505,473.1996482377324,3.252024,1109667.018915775,
506,241.15486840845006,1.0753469,2.0009479086066492E7,
507,440.2501295589662,3.9365465,1438077.8294171707,
508,480.3086841048519,7.8779098,1546184.0971451188,
509,515.3210604751525,7.3689549,1433770.2878647577,
510,316.2846580546196,6.4223882,1456508.228769708,
511,181.12231657074798,5.1579071,2042210.0877141182,
512,612.3146662342414,6.796967,1748524.8490436133,
513,455.1310593046376,2.9085617,1138984.0754763025,
514,504.2806045498721,5.6170623,2311761.9842194966,
515,499.12262065554,4.8153073,1475958.105543686,
516,593.220141479947,4.2141217,1247686.7124924113,
517,471.25654390948216,3.6987085,3368127.205781201,
518,496.2385715329124,2.9665071,1238227.9766603704,
519,545.3654165173308,7.467489600000001,1675786.2683926346,
520,335.25774542342583,7.4833208,2868023.926946834,
521,295.10231022926376,4.257036,1231003.2448942182,
522,210.07638391802658,1.5139981,2505807.9978259704,
523,256.13308922507997,3.2409116,1293028.3794763377,
524,154.1592926872671,4.7934303,1610600.6756478571,
525,391.1001885836402,2.8086915,1523355.9802390244,
526,588.2653534972438,3.1641579,1449414.1711997138,
527,234.05291463244188,0.86567744,6796012.977805786,
528,599.4087090405542,7.3467154,1615083.5592148108,
529,322.27411133698695,7.9137137,1515490.2044108752,
530,556.2803486203466,6.8766248,1501199.8822734286,
531,237.14841230022068,4.3355959,1512118.279161896,
532,277.10489800459885,2.0700922,1199733.1731409817,
533,462.2337134692411,3.6987085,871956.2776429673,
534,349.0818698482593,1.1969794,6499414.7156139035,
535,636.3404318809517,4.4221766,1422988.0099565263,
536,322.1498096247627,0.89837717,6719636.406652224,
537,627.2406842781511,3.5720969,2897873.392448023,
538,560.3784141348219,7.3689549,1299134.3013872409,
539,678.3511259107179,5.092895100000001,1351601.7454018383,
540,431.09569700755424,1.5798497,2609813.6587598897,
541,508.20353857057216,1.6016996,2033494.0660453564,
542,277.2162971571705,7.1090566,3102917.4241528255,
543,381.05830372278353,2.0589194,1045372.2151460297,
544,946.5370457335085,4.6133941,1144257.9020673917,
545,258.0733576543671,1.7686943,1562132.2059326835,
546,1002.5266952959257,5.0286497,1879588.1255138556,
547,409.17056184219655,1.8463563,1022576.4653655661,
548,428.1921441003624,4.1490826,1014404.1239589466,
549,542.2595003375648,3.2753155,1365959.9270801763,
550,1117.58026209583,4.7051559,2775509.6833773265,
551,558.2952618392767,7.3372988,1464906.9431487296,
552,388.15967536598765,3.5303305,1075527.858084075,
553,344.170488989136,3.8185473,1023954.5906342337,
554,420.25925056871904,3.7099959,1144141.069231144,
555,290.19621747647557,3.9232195,4315345.187459215,
556,1056.634847675616,7.3578674,991496.4800156623,
557,480.31609106678866,3.4750621,6000185.215236181,
558,451.0990727314316,4.1490826,972426.5859839284,
559,331.1750823465601,4.1600429,1457598.0336082543,
560,303.0845078920161,1.4917503,3996076.721333884,
561,288.28969606358487,6.0636719,3009553.581051714,
562,288.28963964231673,6.0636719,1485674.389294576,
563,435.09251555646796,3.2085701,1115211.1924988597,
564,425.26802277354784,7.453673,3318186.734141146,
565,428.2646075229933,4.1846407,1758853.7443077853,
566,180.1020466282124,1.4160738,3462924.450791108,
567,473.3626123145181,4.7051559,1913414.1398209177,
568,381.18822903744984,5.4130887,1222106.6087419025,
569,494.18662605976135,2.9085617,1266567.759963675,
570,1057.6230067090721,6.8766248,774650.7052039442,
571,447.09210253374636,3.1641579,2060902.1502281893,
572,322.27401137952285,6.9531139,1132285.2338494172,
573,448.1668975858209,1.4160738,9041636.350364365,
574,443.33620396288046,7.6433717,1250197.9271441826,
575,331.0784387234319,1.7908692,1599283.6978469759,
576,359.204147595009,3.674815,1188779.5549415296,
577,294.11845016171003,0.90929797,5394963.278482038,
578,469.2433207777192,4.361427,1174078.7345507916,
579,371.27980063145907,5.6817036,1150198.793287184,
580,223.13290124099655,3.8923197,1750441.5076593012,
581,371.14718064773456,3.5303305,1870911.9096020407,
582,528.2656167260533,2.9330032,817671.5960061144,
583,387.1414804154577,3.2975008,1089592.63526268,
584,284.0990972867742,1.1523234,5392043.636275499,
585,513.1389477996104,3.761356,1708312.7434316785,
586,833.2991428104942,4.6133941,855572.0128510469,
587,531.1499038850145,3.761356,1934377.9640617503,
588,137.05955082005545,3.5720969,2345967.7655027006,
589,365.2664518452759,7.716165,1316735.8673764588,
590,255.0864077099755,4.7051559,2108581.247248599,
591,220.1333106658206,2.7865646,1064228.4953562764,
592,385.18684804237387,4.7934303,1240533.1464137863,
593,455.3519768471075,5.1438677,892010.96578289,
594,440.1766066545432,2.0130093,2510474.082759253,
595,455.18824374603474,4.3257334,1082657.0835951911,
596,253.04756986305762,1.5358896,2719481.452911561,
597,237.18492316969989,3.993042,1003733.805725537,
598,522.2912241242982,3.2409116,949834.9172046597,
599,366.24842893434726,3.2302429,881004.1431949077,
600,273.08215920648087,1.3615991,6799698.904371914,
601,461.3471451205869,7.6433717,1153505.8103697603,
602,191.14303506771267,4.3066565,1225906.3574229905,
603,311.21926886387723,5.1579071,1199736.0604592026,
604,601.4099593047229,6.0526157,1765460.0445569486,
605,763.3512799793018,4.8654257,920683.0434827512,
606,457.21955219843153,4.0282355,1553754.643356083,
607,487.1923112389511,4.257036,1537178.3643202723,
608,1039.6719237993639,7.3372988,764997.6225811258,
609,540.2076647699208,4.2883379,922490.0606310922,
610,337.2730533307185,7.3578674,1764212.861777508,
611,279.10743863234063,6.0526157,1752977.4636892306,
612,298.1493772168566,1.8463563,1659851.5833941225,
613,181.12236404990168,7.0557319,1247015.9819581972,
614,327.21647398301286,6.7733797000000004,1112958.4696559561,
615,807.2769437105039,4.7051559,1481490.040365306,
616,587.1370078704962,3.2631093000000004,846738.2269427913,
617,167.14303184755244,4.3257334,899200.231401334,
618,327.2316522191363,7.5972929,1273636.578655477,
619,302.30530596364355,6.6297431,1159394.8747539723,
620,692.2613562494596,4.7051559,1436344.769690743,
621,181.12231970817936,6.6624824,1273713.982054188,
622,491.11852934671543,3.8412867,870742.6638582263,
623,475.21517671587696,3.1421934000000005,780627.3469030543,
624,438.2330446903037,3.7212042,1651869.6233687478,
625,343.2842352927308,7.716165,1101934.3639207517,
626,556.2392848504546,2.8416496000000007,1543492.2277982351,
627,445.13348774398025,2.0130093,764959.8048752707,
628,1035.6406836872911,6.8670311,652599.0616618413,
629,275.20029710172736,7.2506306,2592389.1352045718,
630,311.12378332989925,1.1969794,4261163.110821915,
631,373.1835295771882,4.7387557,805934.0148615285,
632,371.07355718938,1.7466007,996177.5755815572,
633,509.28761575401455,7.8779098,1297685.1057470469,
634,412.25366846649143,2.9552426,839856.8500772145,
635,387.16295403634183,2.7753709,1730414.4141258998,
636,675.2345731701138,4.7051559,1876644.692963265,
637,539.2486476620452,4.1600429,911052.2660061714,
638,454.29278077186126,7.8363142,1024884.7528293985,
639,458.18679235904085,6.0526157,1112507.1426472354,
640,245.0808093154959,3.8412867,750802.0816259264,
641,354.2486607266173,3.674815,858887.1919963686,
642,1097.5503962413513,4.5383092,572143.8756496249,
643,187.06024872711362,4.7051559,3174590.8628872856,
644,561.2733614869226,7.115619,1033988.4857774018,
645,221.15344059698887,7.2094101,1637242.6062718634,
646,184.0737111428906,6.8670311,845055.4394046875,
647,343.2268505518309,6.8919684,2769375.3105922122,
648,413.1204722795728,4.5383092,583886.6594772758,
649,501.23059804851164,3.8412867,803115.799219791,
650,270.1335118624544,2.185329,1451739.0147061776,
651,284.1125537398053,1.8019378,953182.0498243552,
652,271.22670686558877,5.1579071,783199.8020767574,
653,561.1578683399532,4.4358474,658768.6025994705,
654,191.03390061241453,2.0927421,723503.271414513,
655,375.2894236903461,6.1509048,750462.4303392791,
656,291.19541567731653,5.565494,2346384.7116313484,
657,208.13316077800616,1.8352397,1291626.7373035722,
658,268.1039250966315,1.0972321,4169935.605341342,
659,579.1835026133383,2.9552426,1489894.6889875564,
660,489.2604252819961,7.233012,1000740.9809497329,
661,290.2689194222062,5.8807815,816554.3950676481,
662,433.20666418924833,4.3257334,656507.7144320994,
663,423.23513411793044,6.2135542,1523560.9167295839,
664,459.2200818301749,4.5797006,709461.0695618477,
665,184.0734533128431,7.3372988,981152.7473561965,
666,468.2075810399897,2.0130093,641308.911424811,
667,253.21615761879076,5.1579071,739307.7068414185,
668,504.28041835429315,4.4645388,663930.9392163109,
669,201.1637283678152,3.993042,705864.8331637074,
670,219.1740192710735,7.233012,911154.5886129156,
671,453.1673717268156,6.518073,821111.3797938572,
672,1133.5750647765894,4.7614827,937599.3585077273,
673,620.3629192586144,7.2506306,741753.9935090307,
674,509.272076225645,6.7403986,995559.9018849565,
675,617.2696007440943,6.796967,872285.004788217,
676,405.3210441691075,7.9375552,924788.5963491934,
677,546.365659684718,7.3689549,1366041.1975875255,
678,337.2735525280313,7.8779098,909454.6137013134,
679,522.2657808987185,4.1846407,933546.5814137813,
680,409.3465214927631,6.0526157,1319201.4610669876,
681,307.2055820886025,6.0299575,809167.7116486276,
682,408.2659555641231,7.184603999999999,824942.5178465843,
683,510.16091957574497,4.9507315,645483.1554007443,
684,919.449928117846,4.2253862,749567.2191939874,
685,277.2160703535001,7.6207385,1569302.4017353873,
686,455.35201246109267,6.5303459,602408.0736260337,
687,165.12751682254782,5.8327131,810607.788740209,
688,383.2580321131936,7.9219157,1462612.8300971924,
689,209.0701959094145,2.3009303,939548.3783227475,
690,541.298285687562,4.171172,806394.2419015145,
691,279.19308794199986,4.5797006,612443.2367964938,
692,446.25388752934896,6.518073,701256.0325521982,
693,1075.568647252102,5.8926709,745564.3881427222,
694,200.20097922582178,7.1684166,951333.3739907981,
695,391.13603437113744,4.6434147,602458.0529939729,
696,333.20357027399564,6.0842593,1727303.8930260506,
697,275.20049358963524,6.2984161,972479.3411944088,
698,167.14304134370124,3.8412867,574288.2776935762,
699,415.22434862732206,7.6533155,3155111.908124713,
700,366.3364411732911,7.6334385,666016.5018372115,
701,517.1549816464526,1.8241314,480828.4604281192,
702,195.10164613436544,3.9461068999999998,2235446.691482195,
703,588.2630585975385,4.2141217,549906.2400067193,
704,485.19966311214864,4.4559076,586901.3197091555,
705,470.26010013029133,3.1421934000000005,686740.8193723827,
706,289.1797432745376,5.092895100000001,1707285.7129522122,
707,334.2227606872432,4.5547986,535101.521101786,
708,259.08110294647446,4.257036,535104.0568579877,
709,293.2111643595854,6.796967,762992.266480865,
710,309.11783253282726,6.0526157,919416.5552483253,
711,281.14949392199225,1.8241314,668053.2680337438,
712,327.25321232854463,4.7614827,641963.8074914087,
713,504.3167417942637,6.7281488,697011.6882508997,
714,914.5467610878557,6.7526714,703941.3972232493,
715,539.2828910729511,4.6714916,374170.4177429907,
716,774.3174768606306,3.8412867,1043969.3435248076,
717,419.29401413046367,7.2506306,1425430.0099015879,
718,486.32126614064657,7.380061,549908.7703856394,
719,428.31522110395355,7.2177934,624218.1372028068,
720,271.06011146675297,4.4942136,779251.5422278674,
721,338.12351738098783,3.957461,540222.6551149107,
722,296.14924521945517,2.0700922,1059152.1198246938,
723,335.12410697307797,2.0927421,840168.7263462237,
724,369.18841826830567,4.0654436,485389.85861081927,
725,638.3745838311983,6.0924404,531243.2972540575,
726,216.1958965235209,4.5049385,541995.4335000996,
727,342.33662856150517,7.9375552,666743.8553899986,
728,399.1992123991079,3.957461,744562.05093961,
729,388.3419891006033,7.716165,623166.9085879817,
730,223.13283517909218,5.135076,1142043.6311466733,
731,520.2752944161663,4.3257334,2205401.1637221477,
732,301.2161653897153,6.7197008,631379.4754963518,
733,556.2027532659549,4.4358474,487631.42434005736,
734,835.3142608392865,4.372979,1406540.0278422716,
735,601.2655235095554,7.1195378,765259.5277139369,
736,537.2671166442158,4.3066565,730787.7088861649,
737,441.16014357145036,6.0526157,778367.1364727572,
738,529.2526868870849,7.233012,642208.9685307222,
739,212.1643875575148,4.3994935,478482.19842775183,
740,295.2266788110001,7.6752259,1709751.795288845,
741,504.28040363859117,5.0578932,505056.55900321016,
742,325.27363333562636,7.716165,554640.2989263469,
743,309.22720445031393,3.9365465,1245315.8500374192,
744,574.262934135087,3.8072057,1024072.5814833752,
745,633.1210951703164,3.6987085,721217.0619554514,
746,447.2505172700263,7.7472877,1404301.2279580527,
747,548.3070463748273,4.9238295,677869.5479571462,
748,407.25813838801827,7.7472877,1706368.277698334,
749,715.3299475394136,6.779614999999999,539946.2807688299,
750,297.2424294730017,6.1618004,571882.9670418821,
751,594.3178901074808,7.244289,1183891.7308167364,
752,656.3389219243669,4.8804071,430848.4877893427,
753,335.1969738169065,4.9344523,497629.2846313686,
754,271.16920866532325,6.608614,1890004.5130669107,
755,221.15353712784298,7.503601899999999,782016.840463595,
756,336.2898052900564,6.5891933,515351.2751735458,
757,518.1508168279976,2.0017032,480229.818899566,
758,488.2854386883609,6.5303459,519228.00580249075,
759,566.3089197057471,5.1579071,426561.2889295233,
760,289.2487327571235,4.8548737,492798.1603245347,
761,475.281637217174,7.2674201,1665271.6339411372,
762,518.3221653450988,7.8713328,571382.2981725942,
763,506.2235297948739,5.0535974,429286.7797258392,
764,291.1953999793035,4.5985483,578780.1136684227,
765,434.3484093985496,5.6817036,443534.35512681276,
766,466.1561501035296,1.936339,398975.6619972656,
767,221.18998714988427,5.111047,367965.98511800566,
768,528.280465728901,4.257036,334485.7785879965,
769,365.24767131201264,6.8997809,428945.8740810831,
770,315.252977221711,6.1618004,509359.30010301044,
771,494.3235863685862,7.4833208,437629.8943583413,
772,486.2698920182798,5.9961057,1570253.467856363,
773,309.2211302639963,7.545512,644025.6760307696,
774,331.15413585296244,3.9365465,464236.04182586656,
775,529.2774995568476,6.4643547,1668717.727450537,
776,376.2330297946503,5.4090533,489314.13904559007,
777,327.33639195286827,7.2674201,483716.550899023,
778,339.25064954391814,6.6720783,594108.6369488908,
779,318.3001870661962,6.7110386,566414.2777970183,
780,608.2936306546243,6.8766248,407403.5711166331,
781,383.2427192130005,6.2135542,426896.30389723554,
782,798.9628808209042,6.8766248,274400.591311617,
783,177.0547843024729,5.7958487,611171.5254145227,
784,337.23486504670404,6.1618004,437886.4063723238,
785,249.06062141829642,3.9046467,356611.2511340397,
786,227.07918834820353,2.0477654,345016.5923001456,
