row ID,row m/z,row retention time,1685365277_ALC_dbgi_QC02.mzML Peak area,
2825,403.1605923946204,3.5108204,5.956671975448351E8,
2260,355.10269524799946,2.26211,6.907423586845874E8,
751,227.09167379055657,3.0233965,1.800128806925951E9,
2654,389.14469498964525,3.0233965,1.4724828498894248E9,
2572,381.07897583299814,0.60201476,9.958368025948281E8,
4837,607.2933888622077,10.328679,5.869093149132497E8,
1743,315.0473415055657,0.89422738,1.8853195337484174E9,
3085,424.1817548152029,2.2928597,2.5777525912893128E8,
2883,408.1864882005171,2.6278742,1.6590565540872127E8,
2314,359.1336992296529,2.6930571,1.8233489104148316E8,
1225,277.09154445354056,0.91565436,9.332729790908632E8,
260,165.05490520192944,2.9919134,6.721568332297552E8,
780,229.10712584312978,2.6278742,1.2206569728064056E8,
370,181.04954861664888,2.0329427,1.6530386531879452E8,
244,163.03905089156106,2.26211,2.0104517519144955E8,
1455,294.11807099174035,0.91565436,6.466588368114394E8,
89,137.05966323946853,0.80960088,5.1273230604679704E8,
633,213.07592650571436,2.4329984,1.606586601124886E8,
3176,430.1705312604992,0.84163401,3.699126432909646E8,
1118,266.2114820359926,4.2587216,1.5524680008941638E8,
1311,282.2066815335765,2.8027459,1.1942765149120569E8,
4965,621.2705720929578,9.4661827,2.1875110078487444E8,
585,209.08105335483765,3.0233965,7.713900127413329E8,
495,197.08097680549525,2.6930571,9.399128777131678E7,
673,219.02637220208393,0.58992528,2.9220728594408584E8,
136,146.08109030579175,0.62271256,4.12829283110258E8,
3206,433.13472701539337,2.4755668,8.986587425094728E7,
3428,449.1084907697237,3.1610811,1.1530221868710452E8,
1278,280.22709135408024,4.4390913,9.788583147552793E7,
5970,794.3083901825122,3.0024029,2.2435139944492224E8,
2724,394.1709864206148,2.1191526,7.675099820257561E7,
5960,792.5617453926427,11.252258,2.1974805756721267E8,
1950,332.14948020880263,2.3901133,8.919183730980095E7,
4711,593.2764718224374,9.6492419,9.897973831567137E7,
3054,422.1663076218957,2.8568976,6.368328775819909E7,
199,154.08609350570867,0.80960088,2.4415025385745615E8,
890,243.0867114905565,2.8568976,6.044456945752925E7,
2321,360.1496786731379,0.70532243,3.358935998780067E8,
3199,432.23856142062067,6.5270294,7.195460135234961E7,
1303,282.11805556995375,0.7783365,2.556918825504214E8,
2992,416.13710082025096,3.3913108,5.217119891891048E7,
4294,538.2284825951759,2.9819739,4.6647281200510494E7,
1588,303.0473900245278,0.6436249,2.6666594347734374E8,
4728,595.1660490880297,3.4023294,1.1374717296983743E8,
2463,372.1288386525706,2.5747392,5.037406169139421E7,
2125,344.13383827582345,2.3686863,4.6998931164601475E7,
5764,764.5363170037227,10.83294,1.4221984114954793E8,
2320,360.12901458827696,2.0329427,6.4460685491976656E7,
753,227.09153657538675,2.2928597,5.804346408627229E7,
3113,426.17598803984765,3.5873512,5.866115794779763E7,
2501,375.1287357017416,2.4329984,6.175471300283012E7,
4163,524.212798934267,2.6072931,3.5782800899360046E7,
4111,518.3247304387359,6.8726521,4.2082848183174364E7,
2840,405.13970146856434,2.8568976,4.040120707453935E7,
1783,318.17040274987403,2.4651398,6.991479142491855E7,
6387,926.5857228337536,10.412799,6.016403296099137E7,
2068,339.1075219077632,2.5964349,4.442659111719264E7,
2108,343.1024879389672,2.0329427,4.734775035201858E7,
732,225.07604417703934,2.8568976,3.737481711143554E7,
3786,479.0827351006829,3.0848503,3.811788507006078E7,
2981,415.211838102831,6.5270294,4.507179276330273E7,
2002,336.1081143108962,2.3576885,4.597858835719653E7,
1262,279.23205778529444,8.9584653,3.430963815829549E7,
4877,611.1975609267835,3.5321598,3.2973160041776083E7,
1312,282.20635716762354,3.9143469,3.320890411029652E7,
480,195.06544397758594,2.4329984,4.0174688580071725E7,
336,177.0547928710953,3.1296646,2.0809240312934503E8,
3616,463.1238169411206,3.1717664,3.423884742266018E7,
2854,406.17104798146806,3.0233965,1.1850637216271181E8,
5951,790.5502579688942,10.974002,3.813910148126813E7,
1604,304.17559574640757,3.3141842,1.3476056969831052E8,
99,138.05691738440055,0.70532243,2.0476088557338285E8,
354,179.07018910809202,2.6278742,2.5577004525024623E7,
4540,570.2026105693559,1.7011178,2.797928587140341E7,
174,151.0392500790281,2.8568976,1.4749726549673897E8,
4621,581.1509756813759,2.9919134,2.793937103179419E7,
3958,499.1233389779202,3.3352362,3.1421839863499086E7,
3408,448.1636776056254,2.5964349,2.5669811410847124E8,
2855,406.1711283108083,2.2928597,3.3629483318264E7,
3205,433.1132165329268,3.4568874,3.0863428055651948E7,
4098,517.133970711491,3.3352362,3.0976637809844792E7,
1497,296.22254153828885,2.9819739,2.7461999485368986E7,
3017,418.1705535326247,0.7994468,7.033620740374394E7,
5977,794.576793429094,11.591969,3.7905763801936306E7,
3511,455.1166603536727,2.4755668,2.672575500853506E7,
3640,465.10309826889574,3.1087085,3.2969062950244185E7,
2800,400.16060771348543,2.26211,2.8683066463976778E7,
4135,520.339654865737,7.3442615,3.2361285889588453E7,
3544,457.1690019924411,3.5108204,3.4212794187563404E7,
5997,797.5165493480845,11.275879,6.6504787149326965E7,
478,195.06549098193153,3.0233965,1.1177994366179879E8,
2936,411.12665502080114,3.0332652,9.227736253911346E7,
6448,946.5374975542065,4.6215234,1.9872830190647412E7,
2521,376.176060459957,2.8474561,5.654044252767521E7,
5780,766.5448882902934,11.175286,2.803525427978477E7,
1984,335.1238681918423,2.0761883,3.510052995817299E7,
4875,611.161240270212,3.012857,2.549450066225962E7,
3041,420.22300698518984,4.7977389,2.192032647213868E7,
1525,298.2012241488708,2.5638725,2.2474732066122025E7,
3177,430.1710884132393,4.1497973,2.3443934325610526E7,
4876,611.1611049023134,2.4651398,2.151532388265873E7,
273,166.08618613598125,1.5819895,4.341080252106406E7,
4693,591.1318827911459,1.7011178,2.4563018787121836E7,
4206,528.2661365047685,2.9304117,1.7414997436052762E7,
4099,517.1557602416058,1.7896923,1.9679936063366663E7,
5135,643.2520843556802,9.4661827,4.46392172473832E7,
3332,441.2461729295201,4.0288085,2.2444584573043704E7,
3657,466.2648712167405,4.2282781,1.999584552831747E7,
1437,293.06290601787754,0.60201476,5.542377836968728E7,
2682,391.15963804854516,2.6278742,1.675916961475173E7,
2971,414.17559390709755,1.033689,7.562751255270144E7,
6480,954.621526310254,10.880325,6.39867194813859E7,
3223,434.20270471616584,2.972451,9.842375707307436E7,
2694,392.1546427862133,2.4329984,2.544098914114841E7,
1532,299.0734275416855,0.89422738,1.1682341616002405E8,
4692,591.1316995062681,0.91565436,9.694377189434268E7,
50,130.04993756000556,0.62271256,6.724399682592276E7,
3799,480.24488958268563,3.5007746,2.8194366248943735E7,
1288,281.0997668802797,3.3141842,4.896218749671477E7,
5866,778.5417669163814,10.974002,1.2265301411231138E8,
649,215.09155727311762,2.1089568,1.82275033465772E7,
4240,532.3476968625603,7.3789362,2.0480384720267385E7,
4284,537.3029689414979,7.3789362,2.0676758572389964E7,
1095,265.09149503432076,0.7783365,8.054207909544976E7,
5818,771.5004087866671,11.169201,2.3230514735316526E7,
1870,326.1233440790024,1.9772327,2.449862300473099E7,
3590,460.26967372069726,6.5141566,2.1911670522345595E7,
498,197.11721046248758,3.4350375,2.197692001936576E7,
3478,452.2137337481971,3.5108204,1.4356609003518283E7,
3970,501.1608719535466,2.2193061,1.2667489704448754E7,
5731,758.5694975959309,9.9320233,1.886871988660916E8,
5979,795.507369696399,10.974002,2.55061548302303E7,
6190,826.298554222134,2.8568976,1.1467340266877428E7,
52,130.08639840342596,4.2587216,1.77317734170969E7,
2341,362.14413554157534,2.4547733,1.4245273062779473E7,
5035,629.2742155455032,10.313277,7.935500719674832E7,
2836,404.1917607465166,2.7035883,2.0997633508873567E7,
6402,931.5409855689015,10.412799,2.9795638969249483E7,
827,234.20643165760296,3.9880089,1.5209125722032174E7,
5799,769.4901063736168,10.903369,4.75478441604594E7,
2715,393.2788343467595,8.5390222,2.174396578524003E7,
3083,424.1596146494446,3.4350375,1.6041173221255995E7,
1197,274.1439013730874,1.9444121,3.1952378183022086E7,
3159,429.137217243461,2.2928597,1.735180061478081E7,
3040,420.18624282857525,2.5964349,2.2379898464133456E7,
4538,570.2024778046667,0.91565436,4.24695853901044E7,
6019,799.2638238000645,3.0332652,4.375946729826941E7,
2,121.06497489023822,1.033689,5.868544159373435E7,
671,218.21147204628704,3.8474452,1.3297721058428321E7,
6333,886.3940233208732,3.5108204,8741663.301274488,
5792,768.4894402217301,6.8589355,1.7826270468829013E7,
3235,435.12613936349294,4.1497973,1.3587296822892444E7,
3510,455.11705171476433,0.60201476,3.5452561161075145E7,
6409,932.6302586085831,11.648268,4.9482266346658595E7,
4745,597.1446247049278,2.8663913,1.2535283636528995E7,
3270,437.1938028329386,6.5141566,1.94505811348476E7,
2394,366.2122038533505,3.4350375,1.0348241620376805E7,
51,130.0863098148526,0.62271256,5.643354199555508E7,
6025,799.5313272284249,11.591969,2.0899738204206795E7,
1958,333.0576899525074,0.6436249,5.3514496999825E7,
2961,413.1416374569628,2.6278742,1.130223854377462E7,
2571,381.05823196715215,2.0329427,1.4259371156402383E7,
4525,568.4283105887476,10.287123,2.5155436367097992E7,
2163,347.07376402779755,1.6258455,2.0850810446828734E7,
4605,579.1708561174462,3.3352362,9642300.364274088,
1218,276.14440868174074,3.3141842,3.565366784533897E7,
4420,553.1760738770749,0.8741588,4.093157023499772E7,
2449,371.1341231433368,3.0233965,3.954997002958637E7,
3866,488.08291300788795,2.972451,1.7597614950938508E7,
3881,490.17618499697755,0.62271256,3.0557592295702618E7,
2792,399.1989996270987,4.1931992,1.2302293384687575E7,
6428,937.5853516698844,11.712203,6.210421905719682E7,
1356,287.0549581536853,4.080652,1.5638350580534635E7,
2858,406.24345771096836,2.6828259,1.3341815174411971E7,
589,209.08097523280986,2.552933,4.23003150949702E7,
324,175.11883916786928,0.60201476,4.8771915397503264E7,
3614,463.08707060741506,3.3352362,1.0293315546968635E7,
1175,272.14945885059853,3.1187939,1.9019323267585035E7,
1737,314.17528377177825,2.9304117,1.1272585118967064E7,
339,177.05478312395067,2.4329984,1.3123381089357033E7,
1238,278.10185889554816,2.4118569,1.4280705803297399E7,
3929,496.20200835202496,0.80960088,3.7295511327217005E7,
4963,621.1813646128458,3.7553812,8189331.4173227,
399,184.0356574761578,0.60201476,2.062717613331888E7,
1856,325.11238068066865,0.69485795,5.604763419028441E7,
1800,320.1492927236826,3.6895276,1.097976569132757E7,
3131,427.12195603773796,2.8663913,1.1617398879638836E7,
4898,613.482287426702,11.252258,1.9532122526872803E7,
5656,743.2031382429774,2.2517309,9753062.40390379,
5828,773.2140748344345,2.2726078,7051342.898330068,
3477,452.213253766525,2.2928597,1.731368567310734E7,
2508,375.2686882362906,8.5390222,1.4387967386096232E7,
130,144.10192265674792,4.4390913,1.0493155992288196E7,
3521,455.35225175573504,6.5381397,1.5513569640569912E7,
5689,749.2510024586438,2.4220297,8512992.490727358,
5775,766.2773537037232,2.4220297,8132748.876892227,
1626,306.1340794979899,3.1502665,1.0498907028468713E7,
6600,1092.5954126276142,4.9082632,7111886.0018215235,
4874,611.1395523095912,3.7105712,8770031.876765832,
607,211.06040214001686,2.8568976,8885193.158646831,
3369,445.11112924601093,2.2928597,9605648.61673472,
5881,780.5526523759305,8.9584653,2.0964628548992515E7,
2426,369.11847760328044,2.8027459,9073715.023091419,
5529,714.5517700741542,11.381564,2.2205944307764567E7,
2374,365.0843169542251,2.0329427,1.747604877026547E7,
3192,431.3520918614551,11.704245,1.3015199255710984E7,
1972,334.1495287211641,1.8445815,1.4172014668591222E7,
2375,365.1051454433471,0.70532243,4.955153952782731E7,
2973,414.2331028716151,3.4460771,7504361.23316532,
6464,951.2399843288348,2.3901133,7932320.701215484,
2645,388.1602920769212,2.0329427,1.1374426176088257E7,
2499,375.0924361861074,2.2412934,9160728.736374801,
5893,782.5688938898434,9.9320233,8.335394896491775E7,
6492,959.5756720780608,10.903369,2.734046057241648E7,
82,135.11711933928876,3.0637171,7988688.277855137,
5834,773.5171835910218,11.559179,1.702219379909312E7,
5048,630.5104963560408,11.834309,1.1724617048374753E7,
2953,412.2184037397293,3.0527567,7631477.657781442,
4559,572.1494238365945,0.89422738,3.0074427946845423E7,
3393,447.09263142324926,3.4788873,9403346.04563302,
573,207.13816070688335,2.7145194,7117982.736424325,
4321,540.2446180208669,3.1717664,8220680.282000243,
2244,354.1336695372083,3.9143469,8496284.748701494,
698,221.1900443872482,4.0288085,7070046.886405526,
36,127.0391203765038,2.6930571,7427752.261093312,
1402,290.16006882355805,2.5201916,2.372406605348784E7,
1782,318.1546658135823,2.0871653,8327656.3596327845,
5878,780.551341720397,9.9416525,3.0458085032605696E7,
2778,398.14465652210737,2.5747392,7187565.58823723,
2764,397.11097796673243,2.4329984,1.0372579921370793E7,
3099,425.1785378141087,4.7977389,6537389.005585417,
2574,381.11546968620075,2.6930571,7917586.3665552875,
3706,471.2202515767876,4.2282781,1.7218004263615273E7,
2533,377.14419407923003,2.1191526,7439889.110751014,
5434,694.4008565035845,6.7952401,8430951.970671693,
2906,409.273260822265,8.1936162,2.076840593505621E7,
4323,540.3064763602779,6.8726521,6556062.592524513,
3461,451.12166520924063,3.2480658,6771723.026320495,
4541,570.2181944174521,3.8586326,1.3822402586079607E7,
3218,434.1070860446565,0.89422738,2.9032307967828974E7,
5797,768.5620471713812,11.582517,1.561345154115268E7,
3522,455.3520227004603,4.3975082,1.1335578662653726E7,
2880,408.15197030182844,2.3251138,5856175.933173307,
1137,268.1002433741591,4.7804077,1.4726994496799694E7,
5578,727.2083743777853,2.401032,5335694.140491036,
4468,558.2551178870015,2.8663913,5314138.895564997,
108,139.03906848044454,2.2928597,8064193.219667625,
6340,891.3493028253391,3.5108204,6005669.879113358,
2127,344.1501476253793,2.6828259,1.993698728088299E7,
2486,374.12905846740216,0.93701878,7.722901994737211E7,
1092,265.0212714697731,0.54680685,1.2840422419603122E7,
1276,280.191056965389,2.8355499,8511929.015397877,
2110,343.12315905442125,0.71485153,3.807814271829759E7,
2482,373.2219151118145,3.6220613,6863122.979504739,
3638,465.04050285760724,0.57919625,6730935.057183653,
1516,298.09674187668514,1.999343,1.0693915236933306E7,
557,205.09723524128694,2.0232283,8881240.261020971,
5734,759.1979795315054,2.0980298,5452976.126010641,
3364,444.2599850352604,2.5084291,5728987.727634385,
3278,437.3418224182114,6.5381397,1.0844669321198583E7,
928,246.242817604135,4.8961467,6241737.45941605,
2477,373.14972177112486,2.6278742,5125120.524009731,
4494,564.1608277061533,0.89422738,2.25640409410867E7,
1873,326.14376866685643,1.6258455,1.3027100769311622E7,
5007,625.1763146277467,3.25912,6485218.825324746,
330,176.01075078916622,0.60201476,9965046.741633791,
2530,377.0844456481388,2.26211,1.7522751850421965E7,
6112,812.3193274473332,3.0024029,1.824278866844049E7,
53,130.08648689192196,2.8027459,6048930.92948196,
1758,316.15470232711016,2.3251138,1.951820524757011E7,
5541,717.2602976153704,2.6930571,4464698.750914532,
4793,601.4248790814678,9.8484885,7486030.963208258,
6218,831.2535522150254,2.8663913,5442202.918797897,
2268,355.1728446616764,3.5541867,9502951.768836204,
4580,575.1579870007315,0.89422738,3.2155219249374352E7,
686,220.1179295561796,1.7340052,7196749.143329274,
4909,615.25823388118,9.6415003,8060137.905071929,
106,139.03914162137204,2.9919134,3.2474041609460432E7,
3306,439.35734166307606,6.8494293,6995158.07821948,
6210,829.5057029060647,10.08947,1.4371109342850834E7,
1824,322.09241448206274,2.1863001,8753376.239560964,
4581,575.1579749931702,1.7011178,6850525.6021480225,
2097,342.1392054322673,1.099901,5.229998186300347E7,
3258,436.21783476490907,2.6278742,7612726.60910627,
4248,533.154415245392,0.62271256,2.259597015969591E7,
1408,290.8470695358426,0.55765676,6260128.376228095,
1454,294.0979886328651,2.1300629,7992185.135355566,
395,183.08619163106786,0.65337068,3.656216680376235E7,
1305,282.13380664435647,1.9553454,1.0258991744478025E7,
3110,426.1182285813045,0.89422738,2.4211608827186197E7,
3585,460.1262145007323,3.4132481,5117167.2168632075,
2351,363.0688970635632,1.1314529,3.0772015780050635E7,
5621,736.5340121752832,11.370158,1.8797135304869708E7,
1140,268.1181431750898,1.9553454,7007029.367141532,
2706,393.05865206572304,2.2517309,1.0122553949802594E7,
1647,308.0907714886522,0.80960088,2.6193655091960598E7,
871,240.12294576231264,1.6691764,1.5123104791364359E7,
1740,314.232745419117,2.2302727,5378504.836815342,
1556,300.21689563497785,2.0102867,6019732.7934524305,
2132,344.1852679990441,2.6709968,8293260.865839261,
4647,584.2198331734091,2.5311311,3803630.5265207128,
3299,439.12412922910516,2.8355499,4671323.887672932,
3815,482.2592033794826,3.4132481,2.4210691240699973E7,
1389,289.0914980443374,1.6364496,7791449.913841589,
1495,296.1859575310132,2.8767142,4549334.651445857,
3452,450.1976848151927,2.8663913,6721847.467882124,
3279,437.34157495320284,4.3975082,8772650.419761151,
796,231.02662668475543,0.62271256,1.2321486772476736E7,
5900,783.5046170600806,11.034239,6716032.085973833,
4019,506.1699027103708,2.2302727,4753771.337275405,
1763,316.2847079528032,6.4185655,5953769.716353331,
1010,256.13329773905974,3.237016,5343049.034917035,
102,138.0912515991529,1.033689,2.308301996424685E7,
703,222.14917664016866,2.898614,5168431.208222739,
4511,567.1355019997948,3.0848503,4561812.599915156,
3375,445.3673283949743,11.169201,3962580.657805991,
4653,585.4559233244541,10.880325,1.0796973838197986E7,
195,153.12743378774678,2.6072931,7299017.707797464,
3152,428.24941318485094,3.7105712,4737354.2416942725,
4252,533.221771738153,2.9304117,3797221.7820947194,
5119,641.1350176898092,2.6930571,4522052.912106983,
1576,302.08714709160347,2.2302727,4107317.2398663806,
1884,327.0473629679363,1.6364496,6438941.436512106,
6180,824.5516256048087,10.08947,1.0808487055540262E7,
1074,262.2377521761318,4.9995334,5376907.7008711705,
394,183.06542800721792,2.2928597,5932710.944660096,
1779,318.1340943034401,1.9337601,5370492.094383298,
5829,773.4446154359374,6.8494293,5429372.8966718465,
129,144.1018286428304,0.7783365,2.339448571612865E7,
4126,520.1665538177563,2.9204389,2.3029358944719166E7,
5813,771.231876383732,2.4329984,4632680.58343895,
4429,554.1762745725374,9.7186956,6187711.344448452,
4796,601.424709684289,10.08947,5191607.213450163,
3130,427.10052392675686,3.5763408,3274608.625809438,
5313,671.3410165678454,8.9645923,5968696.5122052105,
4805,602.4783126524858,11.415478,5799398.53600284,
6207,828.5401573466899,9.7186956,6723294.577172155,
2279,356.13442110122094,2.8877203,4604280.21980331,
2009,336.1805206474595,2.4651398,8367184.08926638,
3388,446.2541043521576,6.5141566,5628647.366664599,
247,163.05983357896523,0.65337068,3.384169157507233E7,
64,132.10194453163643,1.1314529,2.8085573183868144E7,
2547,378.1758748822555,3.0741733,4374045.506535616,
4301,539.0976463950262,4.6330066,5921655.430807547,
2235,353.2681913932089,7.3789362,4934146.351450535,
1407,290.26897669272927,5.8804775,5411504.474805476,
325,175.14838369255853,2.4118569,3500258.7754316404,
6415,935.2441974119353,2.6379929,3935542.6901846607,
17,123.04418028615363,0.81990081,1.9478785566172168E7,
1552,300.15959467145257,2.6072931,1.777708582009065E7,
3755,476.277458456308,6.8494293,4748215.0511915125,
2241,354.10769520033335,0.60201476,1.5218057144094616E7,
3777,478.1928515696998,2.4755668,4788083.993147905,
3932,496.3397670576872,7.8760121,5932804.790722383,
5588,731.240003078733,2.4329984,4145747.8391907746,
3128,427.1004679566538,3.0332652,2.0987214496704645E7,
5018,627.1558626228572,2.2726078,3979716.9925105446,
1445,293.21119284353637,6.8095588,6531219.888351707,
2498,375.0686298749197,2.5747392,4706621.186352415,
942,249.07365787728182,3.1187939,8581041.602035036,
674,219.10154158293454,3.3584902,3639050.9242074625,
5026,628.1966655474073,10.375695,5028280.938578415,
3167,429.3728550083213,11.789328,8709760.766556604,
5598,732.5610221700382,11.090357,1.1937628113486433E7,
2098,342.1347858800456,2.8245896,1.0775301761860581E7,
5510,707.1792152405814,2.0329427,4734388.239410337,
2641,387.2011682434288,2.7145194,3994348.732219707,
2454,371.2067141882348,3.4788873,3738790.8360234676,
420,188.07060759097163,2.0232283,5601653.553790375,
2185,349.0895778033431,2.3686863,3699933.3433413743,
5576,726.224150751389,2.0544468,1.3402701967223667E7,
956,250.1075492041705,2.0980298,2.4295979051985677E7,
3996,504.17100669218036,3.9037365,2.2176147549919434E7,
3262,436.29044055853694,3.7911144,3548733.3453116273,
5723,757.2192830785599,2.1972916,3789441.8367278213,
5460,700.2811662997983,2.7475317,3818718.774162354,
2467,372.16522498925235,2.3686863,3759047.1599251847,
2988,415.3572242065609,11.983941,3352757.454877544,
3781,478.29244796417845,7.3095575,5226687.82488896,
1181,273.08152087885657,0.60201476,1.0843295173863793E7,
893,243.08653271020896,2.1089568,3945638.351441671,
4546,570.5089582788008,11.685035,7532145.541258512,
4452,556.2388270420997,2.5857183,7619307.878333285,
2327,361.04968146960164,1.2942289,3.1266965136745695E7,
2951,412.14438232863387,0.65337068,8726212.878587367,
1853,325.09211861592166,2.1863001,1.9558678771177556E7,
4189,526.2140499898693,2.401032,5094137.630269275,
3411,448.18181731805794,0.7994468,9901863.584554758,
3901,492.1145331170482,2.972451,4472239.175412075,
246,163.0386722695081,3.3352362,5346672.052809841,
5827,773.193575512514,3.0527567,5756331.81623788,
4275,536.2707354322067,2.9410137,3493352.6319788448,
5456,699.3561157767358,6.7952401,3208155.3002665774,
5346,675.6777402195293,10.755124,5223386.890954665,
65,133.02870290369668,3.0233965,1.3961406261165196E7,
1639,307.16901096812717,2.1410108,4868050.327596875,
1230,277.1665141336806,2.1630773,4984896.463426149,
2958,413.0848385120726,2.4329984,4900656.394135799,
6327,880.252167384861,2.9819739,4372320.941207188,
1858,325.13904245663446,1.723099,5783773.110581642,
6359,905.2343307732207,2.5747392,2572206.056947769,
3716,473.1058606365623,3.25912,3660452.1468120883,
75,135.04430590385522,2.26211,6933593.369416586,
2102,342.1760532860159,2.401032,3831480.494645273,
4421,553.1915996586836,3.8586326,4901343.74500532,
1123,267.0840975303823,2.5311311,9297578.085066553,
508,198.12346536198604,0.62271256,2.4738532831536815E7,
1138,268.10382890754425,1.0551243,2.0241553901971187E7,
137,146.0811954165201,3.9143469,4743608.6283699,
3568,458.27505650992697,2.6709968,3527060.4576843833,
360,179.14306559633414,4.1931992,3539761.861292254,
2157,346.14957238069013,2.2083624,4421333.035680495,
5286,668.2056554368907,10.523963,4708242.528147355,
1676,310.1288114609328,1.8687271,8508506.870886661,
6122,813.5113728209528,10.106822,9695040.648187973,
2019,336.3262889970333,10.215134,3406359.8715108493,
2783,398.20229102794826,2.303568,8672660.444581982,
3082,424.1442526953484,0.88405873,2.1536381266420662E7,
1784,318.1912781987464,3.7800248,9457234.699270202,
1699,311.2575522445949,8.1253583,6985492.164881005,
2079,340.1235261523823,1.2942289,3.381248960798209E7,
2615,384.16579355144705,3.0637171,3633487.2920284783,
2740,395.2042536522021,3.6220613,4259047.590492829,
2011,336.26426240838396,3.3352362,4452794.424942542,
2788,399.1262131429719,2.1191526,3940385.6261656657,
5851,776.2320215371611,11.362241,3860452.0917466064,
1357,287.0543502692798,3.1610811,4736733.30722051,
2452,371.1679815155092,3.4350375,3399231.9452530737,
1026,257.9768322449847,0.51454873,3639830.148721669,
3700,471.09037369157824,2.4755668,3355871.5715087242,
3728,474.16094230999823,2.7697795,3395309.2329345946,
6107,811.4969759629975,10.227565,7710370.315966879,
2369,364.3204056484965,7.2357122,4525601.394482695,
2726,394.18653580980737,2.8474561,7810611.858080776,
6163,820.5918457480376,11.275879,1.191158142638303E7,
2333,361.185775025238,3.4678624,3361796.123772496,
1678,310.14909831276117,0.7783365,1.2011980386964547E7,
4967,621.3080817354596,10.548017,4083177.632313373,
4901,613.486967998345,10.880325,5944045.00330298,
3751,476.21335066667115,3.6220613,3122369.0131134465,
1808,320.8659899949198,0.54680685,4569458.341349521,
1548,300.1081615688439,2.486421,4411447.340517765,
4498,565.1552497957965,3.25912,3105038.8078021514,
3855,487.21479624244427,3.4132481,9422076.07282049,
4328,541.113048814186,5.13172,3830078.309832661,
1471,295.102302416535,0.7783365,1.3786490992951542E7,
196,153.12758428240883,3.5541867,5467089.299134402,
6418,935.569140335073,11.126149,4696362.897419256,
3304,439.2305391937,4.1799826,1.5069050852376044E7,
5921,786.488827386121,9.7424246,5984397.663730384,
1426,292.1180849921408,2.4329984,1.5963896869434554E7,
977,251.20015926863726,8.1765725,2857524.5300642834,
4378,547.1917719825087,2.0329427,3044711.852491673,
448,191.14315699124683,3.4788873,3152930.263705742,
4296,538.2860489061209,2.659999,4523484.531868705,
3757,476.3299118214603,10.729241,5038722.229693499,
6060,804.5489408055295,9.9416525,1.6823950310994096E7,
5912,784.5858225302123,10.631335,3.4835759118093684E7,
3487,453.1676695847446,6.5141566,5722592.657579077,
1209,275.2005882020742,6.0033059,3324966.2641949747,
4571,573.2882387745418,3.6445653,2601882.4448282775,
5736,759.2714848655244,3.012857,8133548.695519077,
1334,284.1127563614851,1.7786923,4387936.236420538,
5472,702.2235528819774,2.0329427,3612657.418341697,
2323,360.1501166447191,3.5763408,2211331.2916735713,
466,193.07077919585979,2.5747392,3069241.7629477233,
4346,542.3210890018856,7.3381345,3329397.930646429,
3646,465.2605187106874,8.1253583,6182398.333579953,
2624,385.1472128631671,3.25912,3242604.485784175,
467,193.08620360291536,2.8355499,2655874.3685627207,
1086,264.08682525157946,2.1300629,6061747.019203245,
2410,367.26301516662716,8.3007009,3993433.018157958,
3476,452.1554110796954,3.6445653,2886567.1773684816,
568,206.88581094865725,0.55765676,3512551.2413115236,
6411,933.5567879129162,10.786107,4056793.863372653,
3156,429.0796236618069,1.7557904,5064895.834511409,
3993,503.2479642960379,3.3141842,2218776.3608419937,
2224,353.08674011892055,2.5747392,3028849.9183999053,
3430,449.14521403905775,3.5321598,3019647.345009661,
479,195.0652435912617,3.8586326,9328465.51895518,
6058,804.5390167315987,10.143043,2446049.720662548,
1491,296.112486136181,3.4242293,3541416.8242811733,
5203,654.3326835702765,9.356521,3589720.682123054,
3001,416.2646073259816,3.4788873,2546285.225755935,
3641,465.10320413214663,2.0980298,1.256204061898293E7,
4150,522.3555298925613,7.9121577,3962324.5848627537,
1504,297.0738617621945,3.3141842,9074582.992920814,
4818,605.165108427329,0.89422738,1.2226826489399899E7,
4003,504.361168011361,10.729241,3058950.9651021757,
5473,702.2182772430596,10.903369,3493535.455029879,
923,246.1338683786232,2.8245896,3014647.6584955654,
5877,780.5530068494063,11.582517,4.158924394505907E7,
3717,473.1425790117785,3.5219204,4671298.876329329,
6047,802.5367113731892,8.9584653,5952224.692175087,
5715,754.5436096024556,11.080757,5954688.488545068,
1707,312.16527179472325,2.3576885,3034606.245060919,
6191,826.523292777173,9.313242,3584745.7379253474,
2860,406.3792721275766,5.3685288,8905578.822692318,
1233,277.21637396306807,7.1143005,3989997.18836632,
5717,755.4705930460165,10.637458,3416854.348433661,
6465,951.4919175517557,4.6215234,2598764.7374447864,
3825,483.2717468925521,8.1253583,5496871.143316136,
5750,762.4920104756366,10.178259,5621392.17896953,
6580,1050.2871432745949,3.3352362,2329019.110059935,
1488,296.0649214943898,0.93701878,1.5615571233238868E7,
2372,365.06397749708015,2.3686863,2418945.2200948815,
837,236.07941500600867,0.5362986,6785364.699742696,
2130,344.17029360583336,2.6278742,2529184.627316418,
2687,391.2629422574689,7.1884146,3377024.4382062755,
3525,455.3523203562301,4.6215234,4808755.336466156,
5022,627.3875139499713,6.5474563,3949562.7001722953,
3912,494.092812099882,3.0848503,2817696.1543695214,
687,220.13341493280075,2.7697795,2690998.4912644643,
2328,361.0894312576504,2.6072931,3144193.877375478,
2551,378.24886058290673,3.5541867,3633414.6036980418,
5786,767.4703412636347,10.581467,7786272.237279864,
3341,442.17061059065213,1.5819895,5615839.592260319,
5226,657.3463173043947,4.7080395,3549346.9328329987,
1874,326.1391085612175,3.1187939,7456222.390583629,
1353,286.16484321281035,3.7330794,3617767.409146347,
2484,373.2523372078257,7.1925667,3245622.4899266395,
6156,818.5791757565928,10.974002,9279081.530023975,
6157,818.583266049009,10.974002,3424404.9807092906,
2588,382.14985467179844,2.9094994,2752552.527841749,
2247,354.1754782460195,1.6258455,4525805.3207798395,
4782,600.4173418150298,8.9206009,4111731.130757458,
4148,522.2906210245843,3.4350375,3771782.8586146063,
1410,291.0865786366044,2.2517309,3618160.35836657,
1369,288.0762571169588,0.88405873,1.418725491944575E7,
3200,432.25957800905144,2.7145194,2327058.3732452528,
5618,736.4992645983125,10.42402,3192484.2041861108,
70,133.10139605879755,3.4788873,2246425.680082335,
843,236.90474514443372,0.54680685,3629341.792892064,
2646,388.16102721273654,3.5321598,3666926.153555991,
2236,353.26891796686056,8.4942454,2951968.3789570774,
1109,266.13881567508025,1.9119519,1.1752841048440702E7,
5081,635.4646279593771,11.834309,2830769.0317260665,
5374,682.3635262592499,9.356521,3085063.573327371,
4308,539.2092183624609,3.3141842,2690568.22289814,
3635,464.3220502055843,4.0288085,2200658.731360287,
1897,328.066461449662,1.857696,7118821.095188398,
1744,315.0471752905906,3.5763408,1294269.3438929727,
4430,554.1871060201438,3.7442188,2034887.1474912865,
5906,784.4761865034632,9.3212358,2970314.051368298,
3400,447.25008012418334,7.4433587,6557261.997510028,
3006,417.1755985278721,3.9571466,2243643.1743103983,
1603,304.15451970575833,1.9662307,2.1811518225480083E7,
1893,327.23154409916174,7.3319428,3791311.12720725,
4672,587.4666254327656,11.169201,2371706.523113228,
26,125.02357803338452,2.9919134,1.0668352835014096E7,
6176,823.5328295569553,11.362241,6939394.7854078915,
4654,585.4529491270238,10.412799,3647228.985660959,
1470,295.08116539422394,2.7697795,1974787.1315266427,
1160,271.06013512957014,4.5033242,3386278.407848768,
654,215.16419861334776,4.1931992,2142704.7189418147,
5173,649.3587363429587,8.9645923,3097973.1925520017,
321,175.10776579410629,0.62271256,7338749.879720215,
717,223.13283043346985,3.8812513,4057214.256941519,
812,232.92811048971834,0.51454873,2645503.500498352,
15,122.92405129403377,0.55765676,3523249.3213412357,
6447,945.5545624370608,10.631335,3020625.3701715316,
544,203.179554332237,4.0288085,2112463.8930160515,
4406,551.4257803955932,10.287123,3044507.9706505877,
6049,802.5346606886089,9.4550703,3543119.456606071,
3246,435.28880453905333,8.1765725,5753066.367158887,
363,180.10168422626066,1.4003782,7558592.997611403,
3972,501.2306616539579,3.8474452,2191718.876960543,
6174,822.6060884164345,11.591969,3548346.5749033825,
3500,454.1706257508481,3.7911144,2262487.647460745,
3413,448.21785094126227,3.4678624,7711063.2167988615,
4403,551.1038272791048,3.2260035,1900642.2416121713,
4434,554.2814571185938,3.2811657,1861217.0682431462,
4226,531.2930835777528,6.0740346,2072284.6533022313,
1987,335.15169833494997,8.9584653,3956871.602470519,
1494,296.14948800244986,2.7808836,4628241.928851231,
4740,596.3097119781098,7.1439378,2840807.960466728,
869,239.20057362436756,4.0288085,2026006.146169552,
3642,465.1365003416767,4.1036289,2163690.1009674133,
6124,813.5121508269127,10.50614,5486402.678348462,
4838,607.2916662113923,11.768676,1.3124659384220498E7,
1855,325.09210418986197,2.7254965,2493466.5420794543,
1749,315.193216803486,6.8014984,3289654.9933862085,
2987,415.30031125005246,9.2718611,2775800.6426269305,
2712,393.18862249521857,3.4788873,2110859.806080117,
5568,724.3385059754727,3.8474452,1497640.6854605349,
1,120.08095628628179,1.5819895,4148737.2238332345,
375,181.12206816170809,8.2084557,5585412.473353479,
4652,585.4309928886328,10.287123,3800207.7809479437,
1590,303.08683404218414,3.5321598,2077689.8239851482,
1376,288.19334976656825,4.2587216,2355164.127390839,
443,191.07046940850597,3.0233965,1.0171902393676722E7,
1994,335.2574631786304,11.252258,3482949.390754755,
4299,539.0975701259855,4.9741543,2962412.999196486,
2536,377.2169048718368,4.1931992,1809048.6520350934,
2129,344.14930772326204,4.2950151,2851757.154546065,
6575,1041.5917494917421,6.5270294,1991111.9487365957,
315,174.18530170153335,3.8474452,2357646.236147112,
6037,801.4752061579994,9.5793403,7553690.325903128,
1729,313.2738026919517,8.4591144,4600550.066276579,
3618,463.2170905646361,3.4132481,1808887.4923345747,
561,206.08143011605378,2.3686863,3944267.5048376326,
2565,380.1918726898578,3.25912,2639997.634070308,
4880,611.4712990861125,10.974002,2398559.4904572684,
3163,429.17384929703627,3.1610811,2833238.8425553446,
225,159.04431103135605,2.9919134,6952436.181247679,
6664,1185.5459249130793,9.6415003,2001561.9345465053,
449,191.14308361689118,4.3047213,2816140.778133346,
2085,340.35729255729757,11.350847,2271936.753903571,
3105,425.268125618142,7.4433587,5762208.532236982,
1352,286.1441626500081,3.1717664,3020673.5670731487,
1438,293.1229810163612,4.3975082,3233532.075930838,
1854,325.0917410890531,4.2793799,1684402.4950523248,
431,189.12746543088497,2.7145194,1797707.7644180388,
5722,757.19629889104,3.2922552,1692384.1996115118,
3031,419.263909514458,4.0288085,1733408.0072500908,
3021,418.28019823731364,3.6220613,2116351.7329217633,
5445,696.5401135122171,11.370158,5100855.77069772,
2003,336.10785201599515,3.4788873,2253171.4526786655,
1024,257.1899309183233,6.0033059,1896958.536080994,
4439,555.111076483406,1.7896923,1675268.7623514724,
3330,441.1730889475919,3.9037365,4624731.024484785,
4526,568.4289262223853,10.807922,6664627.388790206,
5084,636.4236098525059,9.6006693,4119709.5265977704,
2717,393.27903058378814,8.9089156,4637015.487865002,
4922,615.4954822433771,11.591969,3114512.037510576,
792,230.24793153972806,5.8299821,2232101.2778701284,
5698,751.4623472734996,4.3975082,2232954.93251068,
5869,778.5361879372613,9.4491099,2204588.311304261,
4231,531.4155310252956,4.2717757,1851850.228238269,
2803,400.2181752946751,2.8136396,1906288.318653566,
4001,504.31713808337423,6.5919248,2111200.34765845,
4050,509.1267839705317,3.8924866,1.1529578360613374E7,
6262,846.4436344150199,6.5270294,1608205.7074563352,
4423,553.2760795735168,7.3789362,2040361.964692391,
2872,407.2576379562554,7.448292,4989318.794221749,
4523,568.3330303755579,3.6445653,1385766.5432229864,
5475,702.2960472155104,3.8021768,1584242.047802605,
2297,357.1879967875714,3.4460771,4429511.12801726,
1446,293.21069479073617,7.2478955,5954331.985307117,
3587,460.1815247384622,4.1036289,1675114.657690382,
421,188.07063693900201,5.8846899,2419681.837472427,
4607,579.2417187504482,4.7977389,1462866.7776074952,
6000,797.517168853712,11.768676,4828200.778690702,
2434,370.11368136847284,1.9228539,2811544.797475064,
1599,304.0530081513818,3.3805358,1510426.0113697099,
376,181.12233893197134,5.1651114,2547707.4556022086,
3360,444.1507058272643,2.7145194,1385980.4376313137,
4648,584.4732068850348,9.5097782,7687888.869073142,
6485,957.5533153484372,10.589361,3395698.9152436107,
2759,396.2592562266408,2.6072931,2055786.2704697726,
2402,366.37295011401096,11.340804,2406787.74460332,
2903,409.1842603850437,3.5652867,1508656.357425721,
5476,702.4712486332741,9.1374913,3381730.3321402627,
1482,295.1904552105725,6.7739111,2198831.0688813063,
4372,546.181580651982,1.7447739,1386926.9270748056,
3877,489.29691965973234,8.2189598,4531366.587114523,
6165,821.5172690071008,11.110047,2523739.4354495946,
746,226.18014449533743,4.8519073,1646152.1366585668,
3285,438.1187898538767,3.3913108,1434501.9096592069,
3647,465.26125093325084,8.4255813,3264470.8008351317,
3809,481.1682580172937,3.6220613,1550141.3255715186,
3282,437.34175645495037,4.6215234,3264277.140419672,
5149,645.2477764413702,10.313277,8796174.975939147,
3053,422.1227050963404,1.3580681,4055163.116204429,
3259,436.2178204129682,3.9143469,3185027.1612327304,
992,254.10210138125393,1.7120969,4093296.7578619886,
2220,352.32106525870466,8.9361633,3872532.2298632017,
2188,349.19859168022094,6.7835486,1998595.8838499228,
4947,619.420544031144,4.3975082,1981290.2863057775,
1680,310.16472225561137,3.3250362,1688178.4318291275,
5683,748.4753701075524,9.4909513,2190429.1567628984,
1933,331.0994800002556,1.6258455,3129684.1622911207,
4411,552.3015231114485,2.758665,1203952.4465503134,
3423,448.3910480792308,11.554746,2604946.816739028,
2128,344.1492965617989,5.0960287,1832531.8531547755,
3840,485.2877997099051,8.4695498,4072971.140264989,
4075,512.392621901214,10.648756,2223603.98008813,
6366,913.5154343365698,6.0575534,1836268.2399187451,
1418,291.1954731230677,5.565715,3509862.3737965403,
6400,930.6137337505356,11.126149,3057538.499630134,
2729,394.24355669191647,4.1931992,2105524.2809894523,
4518,568.2024661488136,4.1098518,6167256.9538785815,
4697,591.4983359378444,11.636841,5766182.826965068,
4052,509.27257007202087,6.5919248,1968945.9152644156,
2161,346.18601316783213,2.0871653,1384097.0185634599,
4583,575.2239374932947,3.2701928,1369378.7807958338,
1561,301.07079298765314,4.6426982,2339763.854325852,
5751,762.5144222414277,10.581467,3676435.3203769415,
1059,261.22160535019134,8.9584653,1500487.7358725371,
3086,424.21841904900833,3.1610811,2522815.1405200735,
6396,930.5419062707255,5.2743148,1311405.455687393,
1662,309.1177730098214,4.4086685,2696698.7408402413,
828,234.96114346145774,0.5036717,1607829.4302275379,
1403,290.1600843156795,3.3141842,6128477.580490014,
3209,433.20468052598665,3.7105712,1270956.7689612685,
413,186.0914137536584,5.8846899,2095125.2348916593,
1982,335.0738202074802,1.3255683,6888379.122060584,
3251,435.349980978484,10.934883,1596775.2242223977,
1307,282.1535684763906,1.4330842,3563682.3089895123,
1682,310.20168322353584,3.1502665,1519868.4095588187,
994,254.13846276436624,1.4970755,3357725.2715718523,
6439,940.5999648088232,10.631335,1803334.345960126,
4582,575.1734678517993,3.8586326,2620926.475538654,
1001,255.1225777444203,3.7688124,4082704.715827324,
4669,587.3947912083042,6.5381397,2366062.804785655,
3095,425.14096652611124,3.4678624,3195960.740374018,
5235,659.2262480740898,9.4550703,4488729.564097252,
3837,485.19920793690153,4.4623495,1259850.0917777896,
5898,783.4661330950859,9.7186956,5982484.621409164,
5648,741.4564975654055,10.42402,1678542.4384917456,
1115,266.17265857836395,4.8519073,1344593.2541973628,
4726,595.1431513139837,3.9687694,1270817.2694490529,
2628,385.2561792454119,4.7533746,1919720.4784962027,
2118,343.22692780204966,7.0474592,4862492.810781071,
1677,310.1284204121269,3.8474452,3346124.2352271494,
5914,785.4800629662655,9.5793403,9290556.66783852,
6544,986.6046743754549,9.5793403,3923026.392435268,
5986,796.5195249247286,9.6006693,1719659.0419274203,
4640,583.4137096983231,9.8484885,1.2433244018579291E7,
1607,304.1893702174113,2.8027459,1036068.5743164314,
4191,526.2504618927355,2.7254965,1851204.730136717,
6282,850.2505640514867,11.875131,1909669.758311619,
1078,263.08895928746045,3.7330794,2037706.3407319754,
2237,353.2686575367944,6.7952401,1519814.311212897,
2812,401.2535851046921,4.0288085,1194662.7794321873,
6536,982.6456116723851,11.275879,2626937.152073825,
855,238.10714449061888,1.3895554,4362693.607030852,
3738,475.15774728930586,5.3773975,1671168.3101209162,
3346,442.265005854861,4.4814223,1408059.6461528065,
1067,262.1287072181373,2.552933,6049387.369499005,
3941,497.31068910980724,7.3789362,1544239.8239995139,
3617,463.13089059835636,8.9361633,1944586.5254371476,
4020,506.1880506545716,1.9444121,1255026.9558575696,
4732,595.2879344469932,6.8136047,1637318.202664124,
3307,439.35722849488906,4.9180943,1373955.5917332752,
1787,318.3003037920178,6.7085761,1603708.671473006,
1606,304.18862548226974,3.9143469,1284061.2175821576,
3286,438.17588463126424,3.8924866,1316582.3236722345,
2439,370.29575197808515,8.5005934,1758452.8766267342,
2835,404.1557614271651,2.5311311,1415444.8488274647,
5030,628.4998508241257,9.4909513,6106554.904970927,
5361,678.4699054017948,9.5793403,2560185.1837521032,
4519,568.2383414179053,3.3913108,1109624.0468278583,
236,161.13249475351586,4.1931992,1252716.215079404,
930,247.13253612233498,4.1211788,1455500.7674722646,
3495,453.3339581558905,11.704245,2009233.8979284042,
3524,455.35204918938484,6.0475785,2275908.392906018,
4836,607.2545137728129,8.6701818,1808844.5165991618,
4763,598.2339326046467,1.7011178,1273664.8085417084,
6572,1029.7006711969175,11.471496,3760488.8653287967,
3917,494.2958598892895,4.2282781,1235872.951971421,
1894,327.2317056897103,7.6088346,1931753.1486577988,
4881,611.4674179206083,10.106822,2540719.5241234605,
1996,335.2580083035919,6.8136047,1575668.0874946981,
1687,310.3102856673022,10.106822,1578265.131025552,
2259,355.07963191786996,1.8445815,1720641.6722414652,
6187,825.5485125146752,11.675033,3517357.9176814454,
4380,547.3088106812396,4.1497973,3921115.658072056,
6132,814.5225788537902,9.0655166,1589529.9829225542,
5525,712.541682699074,10.956708,1663643.5140409516,
4072,512.2709427726796,2.8027459,1330598.3278089487,
3701,471.0894055862241,3.3805358,1257853.1090813475,
3505,454.2927505366426,7.8377477,1595050.0048490304,
957,250.10758476893275,3.6333196,2764019.542335731,
4936,617.419940886723,9.2989317,5122403.538898302,
6470,952.5981636920847,10.571832,2315361.844350487,
377,181.1224063075745,7.059855,2412959.9400384757,
6631,1139.8212151938337,4.8961467,2913076.240654952,
2471,372.27451985352457,6.7835486,1500386.4523828872,
379,181.12236111300112,6.6637494,1779340.0302051418,
5325,672.5259917807352,9.4738201,4346688.773276053,
2677,391.10135985789236,2.8027459,1192001.6882879979,
6121,813.490860004933,11.3048,5160292.608619086,
3212,433.2349414860481,7.5094458,5205774.389668589,
3271,437.19179526571435,3.678313,1423502.975655404,
2322,360.1460445013416,4.3575814,1905956.2122011445,
6547,987.6002737278725,11.275879,2048047.4795510473,
3569,458.3109598495349,7.6507656,3834293.622187813,
6488,958.6453917112182,11.611373,2730440.7990773483,
5540,716.5661681982779,11.712203,2561331.3248788114,
5107,639.4020153540948,8.5704033,1.064655582455938E7,
2881,408.149884682954,1.7676591,2414797.794157216,
1212,275.20059303125555,6.3063435,1806077.9765601032,
5880,780.5512985176131,8.1698955,2214868.2946366426,
4039,507.3168850539678,4.1931992,1542553.3081329335,
3580,459.30334513221743,10.729241,1923824.0422786092,
5092,637.264923087187,10.070283,1449344.6611656651,
847,237.14864796475226,4.3325378,1489904.4196535924,
6211,829.5061772675899,9.6691355,2439777.625275707,
1332,284.0976017451743,4.7977389,1116059.9152335883,
3736,475.12343843821697,4.2587216,1079635.9157702283,
2609,383.25790036248736,7.9162806,4653291.556830578,
5225,656.5081586370463,11.275879,1665053.2415109319,
1585,302.30541064716664,6.6196288,1312813.6181127506,
4786,600.4680983585464,8.5766719,4292999.261069127,
2495,374.3031472873132,8.9361633,2039422.649599636,
1582,302.2091190574998,4.4390913,1296018.1929217645,
2190,349.25257896619087,8.291726,1552953.3850459321,
3404,447.34694955152327,11.331239,2026814.4777171046,
1027,258.073785477976,1.7447739,1325141.2122221647,
492,196.09699516250694,3.5541867,1427919.3585158682,
2603,383.1676655409964,3.7688124,1120135.5544902445,
6286,851.397733304962,6.5270294,1144545.8770971482,
2428,369.15034212137937,3.237016,1095246.9965331932,
5369,680.5171477277771,10.912836,1214819.292739234,
4628,582.207392531159,9.7125435,1298919.7287738346,
2766,397.1836899934014,3.7105712,1167518.0813112713,
1641,307.20560955692963,6.023283,2459195.0792782716,
3937,497.10523342440524,4.2587216,929792.2558414185,
538,202.21658738519582,4.9220881,1171480.3645295377,
5247,660.4236907353104,9.1501806,2315293.385108162,
4044,508.2024979402409,1.5711042,1861441.7362510622,
3460,451.09942002429426,4.1497973,937660.2203261055,
2443,371.10117923283417,9.7186956,1281174.707500256,
4979,622.4318520731142,6.5270294,1616791.6545788548,
5115,640.4375859451284,10.280894,1455485.0819446775,
5630,738.3543083938615,4.3325378,771544.9909301534,
5670,745.4855153761372,11.134167,1593642.566605365,
1405,290.1960962014752,3.9254863,3695483.1210885076,
128,143.10674367409902,4.0288085,998266.8084371197,
6106,811.4813910881796,10.981725,1586076.845795138,
6363,909.5534117487185,11.110047,2025706.5843201894,
3794,479.3747768595584,10.807922,1503631.91197512,
422,188.09179764621004,4.4086685,1819735.432247534,
3800,480.24386894290194,4.4623495,891674.8755152465,
5657,743.3101347427022,4.3325378,728718.1561623741,
3770,477.3931997268471,11.860738,2919696.0497455136,
6076,806.5661658221942,10.654929,4020800.055440204,
3854,487.19316051299205,4.2282781,1074889.4682416043,
1254,279.1075130781486,4.3975082,2139227.7691777553,
4775,599.4090182899508,7.3442615,1366941.5654850714,
2186,349.1253874724038,3.8134204,965155.3311213775,
6077,806.5652140777316,8.9584653,1827469.5356932324,
2131,344.1700089524934,3.8134204,926711.8255720201,
6117,812.5439008845871,9.975071,4824790.555613419,
3194,431.3848185820793,9.7665432,1257309.0559743624,
1399,290.0821444915543,4.7804077,2129588.69419546,
5485,703.4023845922405,8.8529014,2067746.4058596133,
1636,307.1196907706313,8.1765725,1350317.0338383254,
903,244.1332818504491,5.8846899,1312664.5406786054,
5785,767.4576621687852,6.1068509,777227.8462293879,
5567,724.227492449411,3.6895276,805092.7772738333,
1458,294.13343022768055,4.1436912,1426650.3322127427,
5925,787.4748090373203,11.169201,1280615.36967274,
5643,741.2018539045373,3.6557756,866385.1061813607,
4966,621.2700846699571,10.637458,6028943.415128417,
4776,599.4088855114546,10.106822,1099300.7186605008,
6554,991.5595088878562,9.5793403,2117269.0643632477,
3797,480.15767359975644,8.9361633,1396416.63776802,
6087,808.5567673682147,10.106822,2541098.9530584305,
5378,682.6344387891455,11.856715,4817765.66238467,
100,138.05487976444587,3.5763408,1733166.379571265,
6089,808.5581416021233,10.498228,2134674.6406223625,
5147,644.4948274831677,8.5550409,2459791.7635721937,
6074,806.5458349333378,10.227565,3182333.4810180347,
6615,1097.5497751257062,4.9082632,973303.5361541462,
3281,437.3415676382591,6.0575534,1623124.9666327252,
6197,827.4908671987575,9.9320233,4355312.461551701,
2491,374.1600197768658,4.9741543,1136079.2612590862,
2138,344.8752852120963,0.5036717,993907.6294742868,
1672,309.2209685722067,7.3256866,1575090.965643388,
4643,583.413959345103,9.4491099,4977012.818216587,
5987,796.521841565144,9.6870583,2972040.0816707565,
4773,599.4097191603167,9.2989317,6417334.249029077,
2697,392.22814667000927,3.7105712,1802831.1931014487,
2205,351.2143517191205,4.7433311,1885450.368985574,
3564,458.20126463094664,4.1497973,975599.2840300644,
4212,529.2775953239003,6.5692125,4125733.442692226,
4912,615.4040089424567,9.0320564,2703893.2761392402,
5916,785.4799810890377,10.031016,3749373.5370451855,
4913,615.4413418815725,9.555555,4093437.524580485,
5108,639.4019746547814,9.2989317,4067519.210376038,
4227,531.3505441945305,4.6902042,4259354.354523281,
838,236.07399991211517,4.8073471,1991887.3264943296,
3545,457.2196494662515,4.0288085,927020.6316714671,
1718,312.91995816319985,0.51454873,913996.0661898904,
5363,678.4930573020376,10.581467,1339948.9378662938,
6028,800.5084497335131,9.2345282,881355.5628945638,
3403,447.2504563115588,7.7517212,2638879.894646349,
1289,281.13849484235254,6.5270294,1162071.5500361251,
5913,785.4659889254699,10.903369,2895517.2579431273,
2912,409.3468991545658,6.5381397,1350054.7992829455,
6569,1024.7451932227132,11.471496,3087339.534479818,
5823,772.4761661151068,9.0655166,1267502.6132256242,
3114,426.17576106660107,5.2560316,903660.2389598757,
427,189.07566490468054,4.2587216,839668.1069661033,
3509,455.0947314972445,3.6670547,953668.2461764865,
5277,666.3857829729469,8.9645923,1276285.6437665918,
524,200.20086229703932,7.1590377,1138340.0615619053,
3740,475.1576101457211,4.8651592,921027.5830291999,
3851,486.393763219476,11.169201,556668.512014564,
5699,751.4630607961992,6.3241266,885628.1640246348,
685,220.09674703602863,3.9254863,1436324.648702561,
948,249.18493458980095,6.3241266,1073903.1088925009,
4199,527.2463437459146,4.2950151,2559097.9630990615,
5425,691.4025064654388,8.8529014,2745903.6066871793,
2272,355.2839959896961,9.0320564,1889685.0308790852,
5855,776.5209846717962,10.631335,3095973.509423902,
4008,505.25301987950917,8.1253583,1528826.2373880818,
361,179.14307870505127,5.0228458,995206.0931450014,
3072,423.2349561164747,6.3308453,976022.537684401,
4567,573.1579628651704,4.0691958,3074299.6082560834,
6283,850.5188793638474,9.7186956,1098190.7564460372,
5134,643.1631825670851,3.7553812,697878.9339024816,
5103,638.4396630816384,9.2258218,1242747.395481833,
2689,391.28434788209137,10.6217,1678538.355488135,
1701,312.1081575441425,1.8007297,1117343.094881712,
4911,615.402974955724,8.5550409,7064266.414159181,
2526,376.32064380459775,7.300791,1028969.1538357706,
19,123.05538932558743,0.62271256,3627907.649115438,
3370,445.12040126804857,8.9361633,944625.3525940578,
2707,393.1443418480981,3.8699367,1212355.591694387,
5089,637.2101741986288,4.2587216,2439135.7377299503,
4730,595.2362535949038,4.0059046,781992.2082766253,
5884,781.4736286897008,6.0575534,813621.302558535,
1937,331.15379020945795,3.9254863,839379.4081478645,
2913,409.3465911616972,4.3975082,1188706.192641681,
4295,538.2279776739849,4.1497973,1006951.9094808288,
4481,560.3788515171512,7.3789362,819610.6925636365,
5420,690.1873150997606,10.523963,1082676.9601829264,
5798,769.2678971295279,3.678313,700294.5030148219,
3515,455.1887515872838,4.3325378,627608.2278495869,
2876,407.2579939265273,7.7517212,3086988.792115833,
3680,468.2808026638989,4.7161186,845876.8064037274,
3722,473.2724025022614,4.4200748,1110093.8298798774,
4092,515.3214830466968,7.3789362,833164.0650053851,
3327,441.15180350369303,4.7977389,619433.2467756533,
2608,383.2429569456834,4.0288085,636330.5970964768,
4182,525.3037070143351,4.0691958,746603.7961024452,
4547,570.5087185612499,11.169201,1541787.0759986918,
3241,435.250713008484,8.1437147,4977751.580895291,
5060,632.2547447226568,4.2587216,2521844.8784028688,
6481,954.6167579010385,10.412799,1423342.7759524253,
6581,1051.6165511594224,7.3676218,692425.0885300601,
4682,589.2449155135528,9.5793403,1078142.191060675,
4791,601.4099564917642,4.3975082,846153.1982380997,
4625,581.398990669765,8.590999,5447461.16417376,
4842,607.4319207653183,11.415478,885132.4603394141,
481,195.1015657341835,3.9254863,2947722.370593696,
2254,354.3376080725383,10.770599,1454477.5164291225,
4956,620.3628555273741,7.2586391,834015.8107052799,
4158,523.2173815717048,4.2950151,761097.2714731907,
4267,535.2705014783829,9.9320233,1156088.0846313543,
4689,590.2807860396723,4.0177108,761043.2584632642,
2801,400.15996171907057,4.1497973,728523.994736468,
2154,345.26363396315156,4.7606016,1084914.9134389746,
3760,476.40987334503876,11.704245,1132535.9435494794,
2877,407.351639665615,11.153419,763697.7214285636,
5463,700.4542570496428,8.6799588,1507417.3732332154,
5994,796.6376931274497,10.747449,822895.0923131327,
1421,291.19550487258664,4.610263,761436.8177864569,
6030,800.5199273998513,8.9584653,1269760.5055974044,
1896,327.336374099411,7.2586391,838409.7899247844,
6452,947.5142950036826,10.432172,1322978.3077018429,
3703,471.18338243504104,3.9571466,649967.8547347112,
5321,672.4171701153333,7.7979688,827509.4524942766,
5261,663.371063157325,8.1253583,1393790.4437854744,
2020,336.3265814104972,8.7175939,1148511.4990007814,
4576,574.2864061843895,4.7977389,562534.1524194826,
6126,813.5515035440712,11.860738,1186626.7542294636,
5928,787.5331905631101,11.803659,1859278.03132962,
1892,327.21647181020376,6.7739111,866484.5779295953,
5343,675.3704346645959,8.1253583,1063736.4708142225,
1486,295.2266496474262,7.6756696,1756363.8584025523,
718,223.13290454972235,5.1691926,1486411.7553253996,
1536,299.2005878182598,8.5704033,4876573.589049526,
3513,455.1759775164716,4.4086685,901914.7204168839,
2316,359.2039785670649,3.678313,759346.8919119138,
1998,335.2578275115242,11.619306,1753533.3962823828,
1751,315.19281973811115,7.2478955,2222641.713215334,
5948,790.5207891861197,9.4909513,916051.7928474422,
2873,407.2584000827567,5.5176632,885190.98172072,
4102,517.3499680963502,10.654929,941791.6274650677,
959,250.1186567720379,6.3764035,913466.9628371214,
5413,688.5208609506757,8.5390222,2276597.7764488356,
3696,470.2023388919384,5.3773975,767448.1054292667,
3895,491.3010383107315,6.0740346,696718.4051111741,
5658,743.4342805076244,9.3787645,1296133.7936992364,
6257,845.4810590867044,10.08947,1676841.473986401,
5137,643.2924728937884,10.548017,757614.6731201572,
3916,494.2599687688653,3.9571466,685187.4362925489,
1295,281.24712133670994,9.4491099,904541.7474550908,
5753,762.5506745066389,11.415478,771030.8782588467,
5546,717.4185390264245,9.1002018,1623597.644766138,
3230,434.2749619409705,4.1036289,657495.865130307,
660,216.19592417520488,4.5083492,679219.7805890753,
2391,366.1314379033848,4.2950151,897007.6473776717,
6139,815.5064912940891,11.591969,1114494.9933720683,
1623,305.2472703871961,8.6118322,841447.2214859407,
3402,447.2507587702909,8.4255813,1179473.585699451,
3070,423.19919348989134,4.7274664,658597.7048243443,
4821,605.4052596931618,6.5381397,958482.4058724458,
1965,333.20368291076,6.3142163,3039851.8976943903,
3887,491.1162762779428,3.8924866,5525205.095795065,
5381,683.4477531275047,10.581467,889598.6200491836,
2713,393.1881092551277,4.1687806,650850.832005618,
6467,951.6029181370709,11.943735,1591090.4145099618,
4034,507.2712100929464,7.2586391,953612.8389291839,
4634,582.4877470442544,11.527563,804310.0861911464,
5129,642.4918524264488,11.134167,969726.6969359741,
1361,287.12527132575536,4.1211788,692867.8460994076,
5835,773.519781129286,10.106822,1382633.6861746854,
5660,743.4721010562303,10.786107,703704.7405297218,
4935,617.4186473951671,8.3828858,5669025.55160612,
5069,633.4135622995846,9.1139478,1886402.41383391,
4288,537.5360235748014,10.671079,3941462.785067285,
5239,659.2881638392786,9.364573,735808.92448209,
3622,463.2665322079239,7.6507656,2563630.726451742,
2680,391.1360389780349,4.6426982,507088.6034053517,
1696,311.2197650419883,5.1651114,955563.1229284112,
2200,350.32655258375684,9.1002018,2699674.764749965,
4835,607.2151682645192,4.5328407,597129.3769741058,
576,207.17437880328433,4.4086685,1193120.9845801122,
4641,583.4143459726387,8.9206009,1796153.5522299567,
4642,583.4143459726387,8.9206009,1796153.5522299567,
1966,333.2036279526182,6.0740346,1093016.3776558216,
2794,399.2501800995592,7.8021938,790867.9406289957,
1187,273.1849180398332,4.610263,603260.7256401079,
5509,706.5244876280289,10.571832,849947.2802444561,
3308,439.3569910682807,9.0095024,1177210.8929255423,
6105,810.528076058632,9.6006693,1840836.0474648762,
2837,404.35237590225233,7.9162806,656642.1057384649,
3101,425.21445094602643,3.9457592,705197.5639093738,
3841,485.28763189970766,8.8529014,1433225.770905571,
1392,289.17979613909523,5.0960287,2582303.405281717,
1832,322.27404475963027,7.9162806,728597.3333508329,
1514,297.24242758581005,6.1710859,718866.9246186042,
5634,738.5490266465639,11.729755,1183926.8223942094,
3666,467.1351085193206,4.0177108,1439692.9119387972,
2255,354.3365679771491,9.4491099,1531901.785859449,
2653,389.1117577780482,8.0175923,766536.325431943,
4493,563.2658011822216,9.2136823,891578.825495505,
381,181.12234756312088,5.3856517,703523.0104384009,
197,154.06112401232264,11.88309,3712068.686211589,
4624,581.2569908867422,4.9375901,488390.8929386172,
4326,540.4209935359319,10.654929,825506.527718252,
3416,448.2547161617024,4.7977389,556629.0402452523,
1397,289.2486238812123,4.8519073,589328.017895568,
4477,559.4467755787339,4.4390913,501938.18083275855,
5212,655.3960732274953,8.5550409,5668240.360848202,
2507,375.25044615142696,8.5005934,654699.8657712904,
5020,627.3725349694631,9.313242,785058.264219151,
4112,518.321677866642,7.8712371,530503.1379629521,
4154,523.1424615388241,4.0628772,3642295.108694208,
3272,437.19359413181934,6.2059232,683570.7566813912,
1907,328.24822466512137,6.2971434,1128130.8019516354,
1015,256.26348853720515,9.1992658,696989.1476985398,
2060,338.26893255665226,6.8095588,706249.3579168116,
5179,650.4407366719206,9.1099517,1193077.4410607836,
895,243.13541856854087,7.5031771,1981271.2519336813,
6008,798.4909526365087,8.8003851,714387.17237417,
3558,457.4618119061395,11.407534,742871.9133855981,
6542,985.5897610293987,10.997668,1719637.0829984427,
2204,351.12867015633935,4.7161186,692460.7027099802,
198,154.06115679084044,11.513796,3867868.7320785867,
3742,475.28153448469004,7.2765244,2149833.5619114963,
4754,597.3028783332192,7.3676218,626144.218521778,
1752,315.25309448154724,6.1641048,660433.4445465289,
767,228.10222727441027,5.2412859,593091.1848675739,
6650,1152.1642655576336,4.7977389,1550165.1365459324,
5989,796.5408470431735,9.975071,1785966.5846043301,
2091,341.2111827659015,6.4185655,3125275.6525228373,
1821,321.3158037104724,10.755124,618991.5853461976,
2568,380.3370591322103,8.6118322,3122575.1269783485,
3952,498.2594173700157,6.8494293,465113.17979446746,
6378,919.4511283545859,4.2282781,376919.8615037144,
3844,486.160913861931,3.9037365,5543598.317125126,
2850,405.37304404765894,11.797294,1038524.0312554706,
5258,662.4382328067403,8.7730853,650666.8140707784,
6367,913.5157638768114,4.7161186,656870.5956979973,
6416,935.497015967251,6.0575534,481646.4120783527,
1995,335.2577451355692,7.3789362,1570235.8477148055,
2982,415.21149886055,6.2059232,620583.6111629949,
6130,814.4957636608848,4.6215234,328718.8799445142,
3215,433.310426212536,9.2718611,630952.2243885797,
3243,435.2749750188984,6.5270294,552191.0095498669,
2773,397.3102240152296,6.5381397,765028.1946513894,
1669,309.2059373757951,5.8523402,693444.6428271265,
1081,263.1642080935772,6.0033059,634460.5922174032,
6033,800.5156799336918,9.2494446,388617.9933306805,
5787,767.5049686358615,11.415478,629161.7550775781,
2741,395.2044702213366,4.3575814,626364.0074023074,
1246,278.2114226628309,4.5551884,527262.015074862,
4989,623.2874509877103,9.4175185,614230.3863331372,
5214,655.3941669571681,9.0399606,1358114.0976032042,
696,221.15349929789483,7.5094458,927630.8823528078,
4447,555.2779728378927,4.8073471,420424.77300831804,
4858,609.2706338606948,9.4413412,772292.29050266,
1164,271.1692277645685,6.6196288,2258041.657124218,
3999,504.28086353675315,4.7080395,489555.31722271297,
3721,473.23635438637666,4.0691958,373512.35230137,
5495,704.485828105298,8.7610353,669884.4808694504,
5322,672.424835295428,8.1138939,1270825.9767672739,
6228,833.2997380926986,4.610263,509393.9528470989,
3398,447.2201462959163,4.4814223,540738.1031723801,
2510,375.2894034737787,5.6066836,520176.895580382,
2528,376.3198807120691,10.762968,801755.3311974928,
6172,822.5340584160696,9.9320233,1968422.4330263818,
3672,467.3148641897247,8.2125828,1886260.5564683385,
4593,577.277651042304,6.8136047,580693.6319170984,
2107,342.33653422569023,7.9272078,593638.4001725459,
5094,637.3058888782577,9.364573,580142.0214138494,
1698,311.2371365377821,10.054512,872357.3144404558,
5805,770.4591286188704,8.63148,655815.9370821109,
3504,454.26490496456597,4.5857007,503588.4249994125,
5763,764.5247664188274,10.662775,450501.38349937485,
848,237.14853768743055,5.3921828,615430.9411876199,
1730,313.27338833194807,11.619306,1340529.0288665118,
5641,740.5225380044143,9.9416525,5631583.783394764,
695,221.15373366936132,4.7274664,446536.4844941331,
6274,848.5385387724004,9.9607544,2886594.127830586,
3377,445.36780063040646,11.868777,2446602.5946622216,
1851,324.28979826875207,8.4631957,623517.2652599736,
6115,812.5062672064014,8.63148,617372.3944500587,
5522,711.2401284640473,9.4550703,625176.2472771746,
4948,619.4203580408582,6.3241266,487542.24066870846,
5518,709.3215861676124,8.0050174,518962.2421566332,
2380,365.208954555145,6.023283,626100.5583932967,
4604,579.1496950147772,4.3704084,439589.5408557368,
5106,639.319645345092,9.9416525,619979.5913250857,
1210,275.20019831848765,7.2478955,1780043.878978396,
2017,336.2898260092003,6.5872186,560835.1093236028,
2579,381.2421724458171,7.167521,3934254.2806681585,
4774,599.4094747802734,8.5846323,4358852.392085455,
5655,742.5461502559577,11.630685,991848.7567951129,
1914,329.17241276390376,5.0960287,1421821.01451877,
5589,731.4344626531541,9.3212358,1143114.4205989637,
1169,271.22674516689773,5.1651114,612620.3597631,
2774,397.38305280286056,9.313242,5790158.2310738815,
6086,808.4744964340999,9.7424246,603396.9359894875,
4453,556.2803684590099,6.8726521,411837.47143252054,
337,177.05478249699544,5.791626,680105.6186795412,
1940,331.1880920920649,6.8887166,804383.5839584743,
4991,623.4072594495734,9.8716134,5505552.602972088,
2527,376.3188495029476,8.7223314,764807.347285208,
5401,686.4452537152196,8.8003851,2794619.7130903564,
4407,551.4279206062769,10.880325,1019863.7864368838,
6639,1146.8096132133485,5.0490351,1535706.1748861112,
3038,419.3516963166692,11.320047,707832.6842453908,
4171,524.3711412534669,8.7812186,660621.0178233483,
2076,339.3255147522134,11.331239,507656.4801115963,
1450,293.2476161989267,9.9936188,458779.4476106045,
1605,304.1755680472724,5.68101,598894.9956846625,
1827,322.16497399654605,5.4619782,1245644.3641391948,
6304,861.5346900286582,9.1894408,1355527.08330988,
2170,347.23713182465474,6.9053748,558149.6063157585,
1256,279.1075733778573,4.7080395,646813.7097493431,
5036,629.2736306696589,11.407534,2936944.8098880337,
4951,619.4204146213092,6.0475785,460281.71705484693,
2974,414.35774132778704,9.4278351,548361.3581682745,
4734,595.4713142080935,11.260112,912672.7031532598,
3106,425.2900280369133,7.6675843,460511.59982941084,
3964,500.29789777886145,8.135002,869995.1221057551,
752,227.0913961630165,5.9714144,589844.0875381858,
5642,740.5296822777793,11.134167,732003.3485622073,
5334,674.440305613532,8.5766719,1213419.938771769,
2210,351.2686633637366,10.693889,562597.5194328547,
1213,275.20064686276385,6.8095588,642822.5215062456,
1060,261.2210591560709,7.3676218,519005.82552650716,
86,136.08712154836934,11.46189,1343815.5944596953,
3240,435.23574789669783,6.8494293,478362.3359293211,
2018,336.3100007281621,8.7610353,1458844.4904382618,
1540,299.2006748486356,9.0095024,1300349.1208424014,
2688,391.26220104628044,8.1936162,656296.6161745874,
4418,552.4994728613318,11.389447,1023960.8029919937,
2892,408.30904406875675,9.7665432,524013.15769704344,
3108,425.36296529781384,11.566965,1410288.3367191763,
1863,325.23735488950706,6.5967707,501844.26794536575,
2820,402.3489157325662,11.685035,682780.237809534,
1943,331.2479433948525,4.7161186,433140.09683276596,
2419,368.2276460601423,4.7389809,344075.58168192126,
755,227.0914095721794,6.3851553,389703.95538309816,
1593,303.1952389498541,7.1801834,532454.7431802839,
990,253.21622043711105,5.1651114,566137.0876323075,
1774,317.20875730796524,7.6851718,739507.5157488103,
1460,294.13352614820695,4.5033242,390287.39594161056,
1236,277.21607894507116,7.6211387,1125506.82988261,
4394,549.4190271936368,10.925365,437578.0239628031,
4917,615.4874005109457,11.527563,134298.42783246568,
6171,822.5293984156276,9.8671155,82139.877928441,
