row ID,row m/z,row retention time,row ion mobility,row ion mobility unit,row CCS,correlation group ID,annotation network number,best ion,auto MS2 verify,identified by n=,partners,neutral M mass,1685365277_ALC_dbgi_BK00.mzML Peak area,1685365277_ALC_dbgi_001175_01_01.mzML Peak area,1687161692_PMA_ALC_13_20230619140041.mzML Peak area,Unnamed: 16
1,182.9626691876848,0.51116735,,,,,,,,,,,0.0,9546.087,0.0,
2,198.94038729981185,0.51116735,,,,,,,,,,,0.0,20105.975,0.0,
3,200.97342537629348,0.51116735,,,,,,,,,,,0.0,52980.914000000004,0.0,
4,218.98411268282388,0.51116735,,,,,,,,,,,0.0,77700.57,0.0,
5,239.9669979415157,0.51116735,,,,,,,,,,,0.0,49655.887,0.0,
6,244.99867889416674,0.51116735,,,,,,,,,,,0.0,8020.312,0.0,
7,265.0157867591547,0.51116735,,,,,,,,,,,0.0,44187.89,0.0,
8,268.9482727334592,0.51116735,,,,,,,,,,,0.0,16398.28,0.0,
9,286.95885111107214,0.51116735,,,,,,,,,,,0.0,14021.983999999999,0.0,
10,192.0556389516333,0.5457192,,,,,,,,,,,0.0,137573.2,0.0,
11,249.0464975613804,0.5457192,,,,,,,,,,,0.0,196378.31,0.0,
12,139.5312307402601,0.54666746,,,,,,,,,,,0.0,5100.2993,73717.98,
13,282.087284164509,0.56716484,,,,,,,,,,,0.0,182067.88,0.0,
14,130.52598063760828,0.5694219,,,,,,,,,,,0.0,0.0,79632.81,
15,280.8189433224638,0.56829333,,,,,,,,,,,0.0,3640.3423,17703.656000000003,
16,314.8494163237076,0.5729873999999999,,,,,,,,,,,68144.64,0.0,0.0,
17,174.89622925960688,0.57784194,,,,,,,,,,,0.0,120248.42,0.0,
18,221.18626658031448,0.589737,,,,,,,,,,,0.0,77880.75,697.2593,
19,184.037300051506,0.589737,,,,38.0,,,,,,,0.0,790290.6,39980.6,
20,268.9824552121311,0.589737,,,,,,,,,,,0.0,19232.246,63518.285,
21,445.08677129031054,0.59125924,,,,,,,,,,,0.0,0.0,92580.24,
22,203.05244134755924,0.5948121999999999,,,,,,,,,,,24678.102000000003,0.0,0.0,
23,219.0267683467737,0.59517235,,,,38.0,,,,,,,0.0,7910823.0,2517442.8,
24,273.08197011921504,0.5989584,,,,,,,,,,,0.0,220194.8,0.0,
25,517.0122241753465,0.5989584,,,,,,,,,,,0.0,200190.94,0.0,
26,200.04430075857707,0.60212994,,,,,,,,,,,0.0,0.0,124137.734,
27,290.0763290854718,0.60054415,,,,,,,,,,,0.0,7631.89,75041.586,
28,146.09352326493192,0.60967916,,,,,,,,,,,0.0,24681.654,0.0,
29,249.0364670443491,0.6113118000000001,,,,,,,,,,,0.0,40294.043,93022.75,
30,455.0121456567948,0.6129445,,,,,,,,,,,0.0,0.0,93584.32,
31,231.02675269962188,0.6164451,,,,4.0,,,,,,,0.0,208591.72,125395.44,
32,293.06337077591155,0.6166847,,,,4.0,,,,,,,0.0,168439.1,300737.75,
33,162.11261693906874,0.61994576,,,,,,,,,,,0.0,799181.6,0.0,
34,146.0811730617237,0.6223076999999999,,,,4.0,,,,,,,351.2506,16068365.0,960230.0,
35,381.0795932247712,0.621818,,,,4.0,,,,,,,0.0,12733042.0,3603065.2,
36,244.09287092283068,0.62369025,,,,,,,,,,,0.0,0.0,110328.87,
37,351.06876916827315,0.621818,,,,,,,,,,,0.0,28646.025,121456.84,
38,455.1164022863278,0.62369025,,,,,,,,,,,0.0,0.0,79588.57,
39,198.12374256001684,0.63027275,,,,,,,,,,,0.0,437545.94,0.0,
40,263.01656809083147,0.63027275,,,,,,,,,,,0.0,434383.8,0.0,
41,263.0529358687246,0.6324023,,,,,,,,,,,0.0,430192.06,18614.592,
42,490.17709261624634,0.63027275,,,,,,,,,,,0.0,349625.56,0.0,
43,130.0502736388846,0.63250345,,,,4.0,1.0,[M+H]+,,1.0,44,129.04281,126.336,507504.9,199443.44,
44,147.0764442479644,0.63250345,,,,4.0,1.0,[M+NH4]+,,2.0,43;44,129.04281,131.6993,297948.1,132666.89,
45,337.0897258878352,0.6324023,,,,,,,,,,,0.0,17152.516,168428.38,
46,146.09209211870936,0.64101225,,,,,,,,,,,0.0,262965.0,0.0,
47,148.06048733392197,0.6553087,,,,,,,,,,,0.0,0.0,771524.7,
48,290.91209551640696,0.65620357,,,,,,,,,,,19746.357,0.0,0.0,
49,193.07084523632636,0.6612726,,,,,,,,,,,0.0,239042.28,0.0,
50,333.0584008848778,0.6612726,,,,,,,,,,,0.0,2402270.8,0.0,
51,247.1665704161248,0.6663472,,,,,,,,,,,34297.91,0.0,0.0,
52,295.1028953003385,0.6724351,,,,40.0,,,,,,,108.64426,676468.0,639137.4,
53,365.10554813195677,0.6680984000000001,,,,17.0,3.0,[M+Na]+,,4.0,58;56;59;53,342.11633,963.9702,579297.25,181563.7,
54,246.0610760646392,0.6719058000000001,,,,,,,,,,,0.0,230506.4,0.0,
55,261.0370852488424,0.6719058000000001,,,,,,,,,,,0.0,321686.9,0.0,
56,360.15021739904205,0.6759795999999999,,,,17.0,3.0,[M+NH4]+,,4.0,58;56;59;53,342.11633,442.90814000000006,3948986.5,1645460.6,
57,133.04973195601306,0.6753676,,,,40.0,,,,,,,0.0,490428.7,425730.62,
58,325.11300909163486,0.6780448,,,,17.0,3.0,[M-H2O+H]+,,2.0,56;53,342.11633,28.306507,743166.0,158104.92,
59,343.1235692985152,0.680242,,,,17.0,3.0,[M+H]+,,2.0,56;53,342.11633,35.6168,460912.9,128880.42,
60,138.0551332139687,0.68705726,,,,17.0,,,,,,,715.0047599999999,17280918.0,855840.2,
61,255.09724788735812,0.710198,,,,,,,,,,,0.0,0.0,220143.75,
62,130.0864459704241,0.7235911,,,,,,,,,,,272.461,0.0,126252.82,
63,496.2027006159988,0.7274132,,,,,,,,,,,0.0,1279415.2,645551.1,
64,168.01355082528931,0.7571758000000001,,,,,,,,,,,49387.187999999995,0.0,0.0,
65,448.1816271956895,0.80140424,,,,,,,,,,,0.0,1388817.9,3846688.2,
66,123.04433923379764,0.806221,,,,20.0,,,,,,,49.9551,684172.9,599960.06,
67,152.07066513889532,0.80486965,,,,20.0,,,,,,,35.637524,316415.56,625905.8,
68,230.9901766653697,0.8067223000000001,,,,,,,,,,,0.0,0.0,365739.5,
69,308.0913377070837,0.8160361,,,,,,,,,,,0.0,374285.8,0.0,
70,137.05992907300512,0.81575847,,,,20.0,,,,,,,181.92484,21053944.0,23636800.0,
71,154.08636590278445,0.81575847,,,,20.0,,,,,,,18.342216,9022484.0,19851650.0,
72,305.14961141024736,0.8175764,,,,,,,,,,,0.0,0.0,129543.836,
73,138.06303073560235,0.8269468000000001,,,,,,,,,,,0.0,1766433.6,327030.7,
74,610.234200051268,0.8269468000000001,,,,20.0,,,,,,,0.0,283235.16,564449.75,
75,210.06085895418124,0.8317779000000001,,,,,,,,,,,49.98191,0.0,228341.64,
76,316.1391440396285,0.8269468000000001,,,,,,,,,,,0.0,18910.843999999997,1608478.1,
77,317.1425024196849,0.8269468000000001,,,,,,,,,,,0.0,1598.9719,248479.1,
78,346.1132855478927,0.8269909,,,,,,,,,,,0.0,0.0,95021.48,
79,430.17110445509206,0.84300923,,,,,,,,,,,0.0,16151689.0,4547921.5,
80,479.1373126829121,0.8597226999999998,,,,,,,,,,,0.0,15875.083999999999,181720.62,
81,428.1559098154304,0.8597226999999998,,,,,,,,,,,0.0,531793.4,9750.8125,
82,591.1326084659371,0.8797419,,,,,,,,,,,0.0,1847281.0,0.0,
83,572.1505382434789,0.8900959999999999,,,,,,,,,,,0.0,168366.92,0.0,
84,553.1770068205954,0.90024215,,,,,,,,,,,0.0,1160649.8,2744.705,
85,180.10234441478505,0.90861595,,,,,,,,,,,21.029472,0.0,662509.94,
86,315.0477081167761,0.9109744000000001,,,,,,,,,,,0.0,2807944.5,6087099.5,
87,474.1820745713926,0.9110963,,,,,,,,,,,0.0,1435632.8,1135439.1,
88,458.16557982156564,0.9109744000000001,,,,,,,,,,,0.0,170713.36,3321.5609999999997,
89,564.1614825075433,0.91128963,,,,,,,,,,,0.0,418713.75,0.0,
90,580.136167132656,0.91128963,,,,,,,,,,,0.0,178477.42,0.0,
91,294.1184040490294,0.91589326,,,,23.0,4.0,[M+NH4]+,,2.0,93;91,276.08457000000004,132.46738,13745181.0,2364000.2,
92,317.04577085586567,0.9215736999999999,,,,,,,,,,,0.0,0.0,418317.53,
93,277.0918441283528,0.91953135,,,,23.0,4.0,[M+H]+,,2.0,93;91,276.08457000000004,58.621596999999994,20768548.0,1850922.8,
94,456.18738840371066,0.9342048000000001,,,,,,,,,,,0.0,0.0,120961.66,
95,299.0741113810982,0.9436431000000001,,,,,,,,,,,121.12678500000001,190720.88,330260.75,
96,575.1586776430606,0.95230395,,,,,,,,,,,0.0,687689.94,0.0,
97,426.1187623438452,0.9734038,,,,,,,,,,,0.0,396876.7,0.0,
98,414.17613163449806,1.0173748,,,,,,,,,,,0.0,1346005.8,474405.78,
99,121.06508870623009,1.0332854999999999,,,,,,,,,,,182.10071000000002,1447795.4,1265525.8,
100,138.09146485888414,1.0417924,,,,,,,,,,,23.8605,426129.97,759327.56,
101,268.1041938239621,1.0779861000000002,,,,,,,,,,,20.634808,175628.08,937930.06,
102,284.099111037234,1.1059620000000001,,,,,,,,,,,0.0,0.0,148612.88,
103,410.1449888212039,1.1059620000000001,,,,,,,,,,,0.0,0.0,123005.73,
104,273.0605859401019,1.1387055,,,,,,,,,,,0.0,0.0,195519.67,
105,311.0164972700296,1.1387055,,,,,,,,,,,0.0,0.0,1368761.8,
106,132.10212796988387,1.1405362,,,,,,,,,,,126.05377,244433.48,256687.4,
107,329.02707998541814,1.1605908,,,,,,,,,,,0.0,0.0,294063.16,
108,268.11811203062433,1.3154373,,,,,,,,,,,0.0,1908.3313,436251.4,
109,306.07413407018527,1.3370563,,,,,,,,,,,0.0,0.0,58223.273,
110,422.1231988809849,1.3699337999999999,,,,,,,,,,,0.0,217912.78,169063.64,
111,163.08675033631417,1.402835,,,,,,,,,,,0.0,0.0,84196.734,
112,411.06947185667997,1.5233301000000001,,,,,,,,,,,0.0,0.0,67427.6,
113,208.09694971670658,1.5787950000000002,,,,,,,,,,,0.0,1123.678,110770.86,
114,252.12296018273014,1.5783505,,,,,,,,,,,0.0,0.0,71902.87,
115,166.08636419679848,1.5818577,,,,,,,,,,,273.2271,427056.53,435087.97,
116,442.1714401396013,1.5900372,,,,,,,,,,,0.0,87953.66,0.0,
117,326.14468664524287,1.6319203000000002,,,,,,,,,,,0.0,195067.95,0.0,
118,347.07430454576445,1.6319203000000002,,,,,,,,,,,0.0,297948.53,0.0,
119,201.07510665516202,1.6361444,,,,,,,,,,,10.547388,0.0,43926.047,
120,750.2663997192731,1.6332918,,,,,,,,,,,0.0,0.0,68382.805,
121,354.1761978137893,1.6419618000000002,,,,,,,,,,,0.0,82966.125,0.0,
122,266.1020517695837,1.677704,,,,,,,,,,,0.0,0.0,24628.887000000002,
123,593.1687833843075,1.6893456000000002,,,,,,,,,,,0.0,0.0,45513.335999999996,
124,609.1420606226068,1.6893456000000002,,,,,,,,,,,0.0,0.0,247246.25,
125,724.2648690552767,1.6893456000000002,,,,,,,,,,,0.0,0.0,11879.82,
126,588.2136260920356,1.6976689999999999,,,,,,,,,,,0.0,70196.484,452882.0,
127,575.1582195717863,1.7003767,,,,,,,,,,,0.0,0.0,331608.28,
128,591.1320229620927,1.7003767,,,,,,,,,,,0.0,0.0,1349139.2,
129,1122.3700817731738,1.7003767,,,,,,,,,,,0.0,0.0,15825.784,
130,570.2034376988532,1.7087044999999998,,,,,,,,,,,0.0,903457.7,2155972.8,
131,706.2559299202129,1.7280008000000002,,,,,,,,,,,0.0,19980.729,0.0,
132,426.16098558643057,1.7333287,,,,,,,,,,,0.0,0.0,137134.38,
133,358.09020311744933,1.7386194,,,,,,,,,,,0.0,67433.83,0.0,
134,429.0794588816557,1.7443182000000002,,,,,,,,,,,0.0,0.0,639805.8,
135,220.1182582884294,1.7496028000000001,,,,,,,,,,,0.0,120636.64,0.0,
136,413.1053962733129,1.7553285,,,,,,,,,,,0.0,0.0,113143.52,
137,408.1502649201091,1.7575811999999997,,,,22.0,,,,,,,0.0,57102.32,435811.97,
138,436.1816946258904,1.7685863999999998,,,,22.0,,,,,,,0.0,42557.12,121980.26,
139,246.0972988716164,1.7896303,,,,,,,,,,,0.0,0.0,78964.37,
140,339.10490748735293,1.7896303,,,,,,,,,,,0.0,0.0,116759.21,
141,274.12855272279467,1.8021268,,,,,,,,,,,0.0,3832.3579999999997,74167.125,
142,318.15443803138726,1.8006282,,,,,,,,,,,0.0,0.0,30075.71,
143,334.149415003941,1.8326038,,,,46.0,5.0,[M+H]+,,2.0,144;143,333.14245,10.090948,110118.96,1736892.1,
144,355.07936243509727,1.8298235,,,,46.0,5.0,[M-NH3+K]+,,2.0,144;143,333.14245,0.0,14125.291000000001,398956.06,
145,348.12878859044775,1.8336905,,,,,,,,,,,0.0,0.0,22442.332000000002,
146,153.05481459820032,1.848444,,,,,,,,,,,10.216511,642.7380400000001,42712.92,
147,250.14372867971412,1.8447049999999998,,,,,,,,,,,0.0,0.0,244331.39,
148,268.1544840196404,1.8414346999999998,,,,,,,,,,,30.325518,0.0,307267.28,
149,328.066273358091,1.8447049999999998,,,,,,,,,,,0.0,0.0,52274.914000000004,
150,502.21369963104826,1.8479292,,,,,,,,,,,0.0,16201.743,0.0,
151,523.1430356056503,1.8479292,,,,,,,,,,,0.0,9657.136999999999,0.0,
152,328.16001591673313,1.889211,,,,,,,,,,,0.0,0.0,10966.143,
153,393.05854546823133,1.9115775000000002,,,,,,,,,,,0.0,0.0,16338.056,
154,524.1980892108238,1.9361016,,,,,,,,,,,0.0,27644.887000000002,0.0,
155,517.15577436015,1.9361544999999998,,,,,,,,,,,0.0,0.0,10032.01,
156,508.20337642685104,1.9470515,,,,,,,,,,,0.0,14826.582,0.0,
157,480.20802473442666,1.958775,,,,,,,,,,,0.0,0.0,22662.316000000003,
158,269.04235365477143,1.968373,,,,,,,,,,,0.0,0.0,10093.311,
159,518.1512643572828,1.968373,,,,,,,,,,,0.0,0.0,10394.761,
160,506.1880316185436,1.9691783999999999,,,,,,,,,,,0.0,18737.523,0.0,
161,864.2981043084311,1.9746,,,,,,,,,,,0.0,0.0,9376.806999999999,
162,222.1125570038288,1.992692,,,,,,,,,,,106.63283500000001,0.0,14272.563,
163,298.0968454032507,1.9923206999999998,,,,,,,,,,,0.0,0.0,98576.86,
164,867.2165851635832,2.0228496,,,,,,,,,,,0.0,0.0,17953.557,
165,746.2350608298652,2.025249,,,,,,,,,,,0.0,25071.882999999998,0.0,
166,205.09727320361813,2.0273616000000003,,,,,,,,,,,178.60343999999998,115568.42,82554.516,
167,181.04980520408046,2.0317676,,,,15.0,,,,,,,7.074622,3215678.5,167250.62,
168,365.08465450549403,2.0332844,,,,15.0,7.0,[M+Na]+,,2.0,169;168,342.09538,7.8791647,353354.25,76455.83,
169,381.0584275359477,2.0346148,,,,15.0,7.0,[M+K]+,,4.0,170;171;169;168,342.09538,0.0,306735.62,70645.5,
170,343.10272360797717,2.0397762999999998,,,,15.0,7.0,[M+H]+,,3.0,170;171;169,342.09538,0.0,840163.44,66576.41,
171,360.1291917959774,2.0397762999999998,,,,15.0,7.0,[M+NH4]+,,3.0,170;171;169,342.09538,0.0,1695615.5,139803.12,
172,272.12816780771675,2.0451932,,,,,,,,,,,0.0,0.0,25858.215,
173,135.0442707218003,2.0448809,,,,,,,,,,,31.275652,79409.22,0.0,
174,163.03912289594982,2.048038,,,,,,,,,,,26.588833,3142043.2,0.0,
175,188.07065939107216,2.0429788,,,,,,,,,,,45.29744,82804.95,0.0,
176,325.09212497039795,2.04638,,,,,,,,,,,0.0,93203.99,0.0,
177,388.16064472199776,2.0429788,,,,,,,,,,,10.075486999999999,334492.12,0.0,
178,707.1798788732725,2.04638,,,,,,,,,,,0.0,85768.766,0.0,
179,256.17568247210016,2.055108,,,,,,,,,,,80938.83,6854.2725,0.0,
180,284.2068962967448,2.055108,,,,,,,,,,,67805.055,3371.2646,0.0,
181,229.1546735216816,2.0768769,,,,,,,,,,,9.636386,0.0,72569.945,
182,298.05589931121074,2.083904,,,,,,,,,,,0.0,99850.305,124158.625,
183,536.1984788923943,2.089061,,,,,,,,,,,0.0,9941.473,0.0,
184,318.15509933218067,2.0971098,,,,,,,,,,,39.6927,20913.3,0.0,
185,326.086967431292,2.1000732999999996,,,,,,,,,,,0.0,21999.422000000002,0.0,
186,408.16692559282455,2.1002889,,,,,,,,,,,0.0,0.0,10902.893,
187,347.181260116049,2.1197429,,,,,,,,,,,0.0,0.0,7439.618,
188,308.11418560442905,2.1470432,,,,,,,,,,,0.0,11170.176000000001,34.375233,
189,248.12815377871468,2.1626737,,,,,,,,,,,0.0,0.0,46033.098,
190,323.17116740303237,2.1657292999999997,,,,,,,,,,,0.0,9853.517,0.0,
191,346.1496055045263,2.1878107000000004,,,,,,,,,,,0.0,178.62415,68298.84,
192,252.15929075130174,2.1998862999999997,,,,,,,,,,,10.237441,0.0,390407.1,
193,386.2019684606913,2.1996796,,,,,,,,,,,0.0,0.0,20273.967,
194,257.18566438669285,2.2089288,,,,,,,,,,,0.0,10869.665,0.0,
195,386.1447428967716,2.2098603,,,,,,,,,,,0.0,37336.457,435.5632,
196,231.170360981673,2.2099936000000002,,,,,,,,,,,8.993624,0.0,42075.12,
197,302.08709950304205,2.2219919999999997,,,,,,,,,,,0.0,0.0,9143.693000000001,
198,356.0970143021178,2.2305121,,,,,,,,,,,0.0,33500.87,0.0,
199,330.0817277929805,2.2410723999999997,,,,,,,,,,,0.0,157551.16,0.0,
200,335.03699208576785,2.2410723999999997,,,,,,,,,,,0.0,92013.72,0.0,
201,375.0918113895646,2.252062,,,,,,,,,,,0.0,11213.873,0.0,
202,209.13850090836644,2.2605875,,,,,,,,,,,0.0,0.0,8061.81,
203,773.2142747161791,2.2682652,,,,,,,,,,,0.0,31858.117000000002,26817.688,
204,627.1561777396328,2.275943,,,,,,,,,,,0.0,10275.293,0.0,
205,209.04457649060254,2.2772667,,,,,,,,,,,0.0,0.0,9426.014000000001,
206,265.15477857654383,2.3096228,,,,,,,,,,,0.0,0.0,15263.305,
207,556.2391926976651,2.317629,,,,,,,,,,,0.0,0.0,18469.414,
208,163.0389233392716,2.330114,,,,,,,,,,,9.367564999999999,0.0,366144.97,
209,210.0761468244088,2.3285892,,,,,,,,,,,0.0,0.0,42887.13,
210,417.23437326838905,2.3285892,,,,,,,,,,,0.0,0.0,15643.281,
211,422.2391823021257,2.3350282000000004,,,,,,,,,,,0.0,58535.043,0.0,
212,355.10258137475387,2.3451378,,,,14.0,9.0,[M+H]+,,2.0,212;213,354.09537,54.129677,257921.1,693857.1,
213,377.08464788239996,2.345119,,,,14.0,9.0,[M+Na]+,,2.0,212;213,354.09537,0.0,18451.645,46493.254,
214,720.2280678939868,2.3587995,,,,,,,,,,,0.0,0.0,20185.244,
215,312.1658913292345,2.3667696,,,,,,,,,,,0.0,104471.3,0.0,
216,340.1973362015123,2.3667696,,,,,,,,,,,0.0,33019.895,0.0,
217,344.1342140903442,2.3702052000000005,,,,,,,,,,,344.348,144800.08,245191.9,
218,365.06375039976484,2.3779488,,,,,,,,,,,0.0,14716.95,0.0,
219,372.166169329231,2.3759080000000004,,,,,,,,,,,8.506863000000001,37365.727,0.0,
220,342.1761146070566,2.3875493999999997,,,,,,,,,,,0.0,0.0,86662.914,
221,363.10533389040984,2.3875493999999997,,,,,,,,,,,0.0,0.0,8360.049,
222,370.2067045995847,2.3898082,,,,,,,,,,,9.401492999999999,0.0,11399.003,
223,325.1493041803413,2.3940554,,,,,,,,,,,0.0,9001.761999999999,7146.105,
224,347.13140030029456,2.3940554,,,,,,,,,,,0.0,21777.472999999998,26786.111,
225,163.09691345389268,2.3985891,,,,,,,,,,,7.510992,8286.953000000001,0.0,
226,295.1653400196908,2.4085846,,,,,,,,,,,0.0,0.0,11708.29,
227,193.1225200106247,2.426026,,,,,,,,,,,0.0,0.0,14541.321000000002,
228,222.14916431426425,2.427883,,,,,,,,,,,92.799545,0.0,213593.9,
229,223.13312651688202,2.4249744,,,,,,,,,,,25.191792,0.0,22746.977000000003,
230,420.22281181640113,2.4229946,,,,,,,,,,,0.0,1331.3966,20986.771,
231,425.1789296486292,2.4270110000000003,,,,,,,,,,,0.0,92.621765,12533.033000000001,
232,534.161109662939,2.426026,,,,,,,,,,,0.0,0.0,11427.282,
233,597.1820033513732,2.426026,,,,,,,,,,,0.0,0.0,20399.982,
234,625.1776985117581,2.4475252999999997,,,,,,,,,,,0.0,68306.21,0.0,
235,476.17734335384387,2.4585538,,,,,,,,,,,0.0,448.7412,47301.348,
236,441.1750070276358,2.4686105,,,,,,,,,,,0.0,10010.289,0.0,
237,484.1830488769375,2.4686105,,,,,,,,,,,0.0,6196.9316,0.0,
238,391.18639100905403,2.4907652999999996,,,,,,,,,,,0.0,0.0,15985.628,
239,568.296771354924,2.4907652999999996,,,,,,,,,,,0.0,0.0,34499.402,
240,573.2520814214713,2.4907652999999996,,,,,,,,,,,0.0,0.0,6472.1704,
241,409.1129257478176,2.4917576,,,,,,,,,,,0.0,31059.242000000002,788.5199,
242,415.1514879975863,2.5020506,,,,,,,,,,,0.0,0.0,6416.089,
243,321.05821429564213,2.51275,,,,,,,,,,,0.0,8375.664,0.0,
244,451.1921528651083,2.513484,,,,,,,,,,,0.0,0.0,11541.091999999999,
245,270.19127904416905,2.5371568,,,,,,,,,,,9910.364,1656.7969,0.0,
246,177.0548742755859,2.542313,,,,,,,,,,,89.60683,111766.54,0.0,
247,195.06503384560003,2.542313,,,,,,,,,,,8.022333999999999,81375.48,0.0,
248,374.1451609484809,2.538679,,,,,,,,,,,0.0,73034.91,0.0,
249,379.1004285522279,2.538679,,,,,,,,,,,0.0,48980.03,0.0,
250,402.17639880465185,2.538679,,,,,,,,,,,0.0,52639.984000000004,0.0,
251,702.2970765815357,2.5374043,,,,,,,,,,,0.0,42556.844000000005,8030.357,
252,348.18076397866514,2.5440588,,,,,,,,,,,0.0,0.0,121053.69,
253,478.1701887997708,2.5440588,,,,,,,,,,,0.0,0.0,6725.1523,
254,487.1917235307325,2.5522232000000002,,,,,,,,,,,0.0,0.0,4551.3457,
255,225.07557686300538,2.5684032,,,,,,,,,,,26.59334,5655.2246,0.0,
256,256.13300679115343,2.5704522,,,,,,,,,,,0.0,0.0,36042.984,
257,521.2030334712776,2.5903264999999998,,,,,,,,,,,0.0,20384.215,0.0,
258,556.2392861411653,2.5909009999999997,,,,,,,,,,,0.0,159999.72,5112.635,
259,561.1953162864056,2.5903264999999998,,,,,,,,,,,0.0,38939.684,0.0,
260,584.2714746182558,2.5903264999999998,,,,,,,,,,,0.0,27575.781000000003,0.0,
261,411.1628425955524,2.591475,,,,,,,,,,,0.0,0.0,116874.16,
262,451.1245983256677,2.6035762000000005,,,,,,,,,,,0.0,577609.94,0.0,
263,473.10650732170024,2.6035762000000005,,,,,,,,,,,0.0,34325.88,0.0,
264,234.14912419618747,2.6136142999999996,,,,,,,,,,,0.0,0.0,930608.1,
265,351.2279873241436,2.6136142999999996,,,,,,,,,,,0.0,0.0,11001.871000000001,
266,307.0793494736145,2.6147053,,,,,,,,,,,0.0,20773.42,0.0,
267,330.1552918746369,2.6147053,,,,,,,,,,,0.0,28872.53,0.0,
268,232.13351545264683,2.6212873,,,,,,,,,,,0.0,0.0,35580.664,
269,434.23881198687417,2.6212873,,,,,,,,,,,0.0,0.0,73185.05,
270,147.04436083272853,2.6282357999999997,,,,,,,,,,,7.605651400000001,0.0,23981.553,
271,532.2040771775943,2.639558,,,,,,,,,,,0.0,0.0,9267.089,
272,394.207461840177,2.6507704,,,,,,,,,,,0.0,0.0,19083.912,
273,404.15511679515464,2.6507704,,,,,,,,,,,0.0,0.0,8562.324,
274,436.2906909640226,2.6611814,,,,,,,,,,,0.0,34185.156,3496.4722,
275,173.1330230168412,2.6714175,,,,,,,,,,,0.0,34301.895,0.0,
276,175.14860585927124,2.6714175,,,,,,,,,,,0.0,138618.55,0.0,
277,291.17420515355235,2.6714175,,,,,,,,,,,0.0,17931.875,0.0,
278,337.0925572485452,2.6714175,,,,,,,,,,,0.0,14024.751,0.0,
279,434.2755130122346,2.6714175,,,,,,,,,,,0.0,208762.12,0.0,
280,563.2103635437234,2.6775097999999997,,,,,,,,,,,0.0,0.0,57761.335999999996,
281,268.1753776751607,2.6804360000000003,,,,,,,,,,,5056.657,0.0,0.0,
282,558.2552497170832,2.6810513,,,,41.0,,,,,,,0.0,271907.78,182554.66,
283,586.2864885992262,2.6810513,,,,41.0,,,,,,,0.0,48206.094000000005,16498.293,
284,331.15416410746565,2.6810513,,,,,,,,,,,0.0,35119.21,7501.5703,
285,361.1652825728573,2.6810513,,,,,,,,,,,0.0,20196.46,6114.0557,
286,500.1774713236995,2.6845925,,,,,,,,,,,0.0,12254.658000000001,0.0,
287,638.3169065337696,2.6886200000000002,,,,,,,,,,,0.0,0.0,27203.312,
288,207.1380256258907,2.7121267000000002,,,,,,,,,,,59.123540000000006,0.0,468866.56,
289,369.1909230249281,2.7107596000000003,,,,,,,,,,,0.0,0.0,32752.064,
290,225.14840623972688,2.7193443999999998,,,,,,,,,,,26.800583000000003,7424.2656,117107.32,
291,387.20123416859116,2.7238944,,,,,,,,,,,45.112213,17950.746,452671.75,
292,404.22811519696035,2.721668,,,,,,,,,,,0.0,0.0,117945.445,
293,409.18336294123225,2.7208607000000002,,,,,,,,,,,100.832504,16783.984,215986.17,
294,432.2595097286666,2.7223778,,,,,,,,,,,16.769787,46208.816,233802.47,
295,631.3806896978717,2.721668,,,,,,,,,,,0.0,0.0,13028.833999999999,
296,795.3775375781534,2.721668,,,,,,,,,,,0.0,0.0,17811.924,
297,193.15890904014407,2.7278957000000004,,,,,,,,,,,0.0,52318.582,80764.14,
298,406.24406331667734,2.7278957000000004,,,,,,,,,,,0.0,185847.9,442061.75,
299,245.18608908304265,2.7297008,,,,,,,,,,,0.0,10084.548,51994.492,
300,581.1499905646548,2.7437136000000004,,,,,,,,,,,0.0,0.0,1062506.8,
301,314.08741620362235,2.7490148999999997,,,,,,,,,,,0.0,48721.1,0.0,
302,700.2810698553017,2.7549996,,,,33.0,10.0,[M+H]+,,2.0,302;303,699.2736,0.0,336374.38,99291.8,
303,705.2360807389557,2.7549996,,,,33.0,10.0,[M-NH3+Na]+,,2.0,302;303,699.2736,0.0,54271.94,25375.732000000004,
304,341.13871607063874,2.7602522,,,,,,,,,,,0.0,37794.203,0.0,
305,728.3129413738069,2.7602522,,,,,,,,,,,0.0,43813.82,0.0,
306,757.2183009701104,2.760561,,,,,,,,,,,0.0,479248.7,4829.957,
307,295.081476813744,2.7776098,,,,29.0,,,,,,,0.0,100196.05,25868.176,
308,449.108397741886,2.7776098,,,,29.0,,,,,,,0.0,4677244.5,2694458.8,
309,474.16079705752236,2.7776098,,,,29.0,,,,,,,0.0,165152.38,67234.71,
310,329.06471136945726,2.7817335,,,,,,,,,,,0.0,24601.775,0.0,
311,374.18121990676985,2.7817335,,,,,,,,,,,0.0,13585.893,0.0,
312,457.1346302021672,2.7817335,,,,,,,,,,,0.0,30383.072,0.0,
313,502.1928886352166,2.7817335,,,,,,,,,,,0.0,26104.63,0.0,
314,538.2860970988419,2.7954738,,,,,,,,,,,0.0,0.0,36361.96,
315,525.2181663902231,2.7995848999999997,,,,3.0,14.0,[M+H]+,,2.0,316;317,524.2108900000001,0.0,18965.674,12956.6,
316,542.2447243995557,2.7995848999999997,,,,3.0,14.0,[M+NH4]+,,3.0,316;315;317,524.2108900000001,0.0,22496.416,23341.428,
317,547.2000860844089,2.7995848999999997,,,,3.0,14.0,[M+Na]+,,3.0,316;315;317,524.2108900000001,0.0,100499.875,49295.418,
318,471.0901053040805,2.803696,,,,,,,,,,,0.0,73169.664,0.0,
319,570.2761343477853,2.803696,,,,,,,,,,,0.0,11733.809,0.0,
320,217.1222281801316,2.8066299999999997,,,,,,,,,,,0.0,0.0,8556.787,
321,386.1961958711725,2.817761,,,,,,,,,,,0.0,0.0,31735.592,
322,308.185935246653,2.8450394,,,,,,,,,,,0.0,256.88617,22606.8,
323,488.2338767828623,2.8486078,,,,,,,,,,,0.0,26783.602000000003,0.0,
324,516.2652535746037,2.8486078,,,,,,,,,,,0.0,24988.744,0.0,
325,713.1562110114296,2.8550967999999997,,,,,,,,,,,0.0,200.52612,15283.895,
326,170.11755651828668,2.8789449,,,,,,,,,,,3133.6540000000005,23484.076,0.0,
327,188.12813873197464,2.8789449,,,,,,,,,,,1846.7823,15888.2,0.0,
328,233.18593238233018,2.8789449,,,,,,,,,,,1716.2949,22923.843999999997,0.0,
329,788.2446243070906,2.8780222,,,,,,,,,,,0.0,18324.33,0.0,
330,361.1469084037192,2.8895013,,,,,,,,,,,0.0,19799.748,0.0,
331,384.2227103224407,2.8895013,,,,,,,,,,,0.0,17029.426,0.0,
332,435.1289430731376,2.9177914,,,,,,,,,,,0.0,30413.92,7879.6616,
333,393.2483739427826,2.9180875,,,,,,,,,,,0.0,0.0,5073.1353,
334,741.2217502011583,2.9358416000000003,,,,,,,,,,,8.129292999999999,55681.29,0.0,
335,476.3070630864599,2.9532588,,,,,,,,,,,8552.959,3850.6528,14095.063,
336,284.1646550656257,2.9576265999999998,,,,,,,,,,,0.0,0.0,109259.15,
337,588.2659872899636,2.9687622000000005,,,,,,,,,,,0.0,0.0,15459.002,
338,443.2980604467183,2.9719305,,,,27.0,,,,,,,0.0,14956.95,20141.123,
339,389.2173316826535,2.9747517000000006,,,,,,,,,,,0.0,0.0,168642.61,
340,439.1577765926433,2.9749252999999998,,,,,,,,,,,0.0,26508.271,50250.24,
341,587.1376118297803,2.9747517000000006,,,,,,,,,,,0.0,0.0,13951.386999999999,
342,434.2027000196458,2.9749252999999998,,,,27.0,,,,,,,0.0,260408.08,281580.53,
343,771.2343842116068,2.9750987999999996,,,,,,,,,,,0.0,11608.589,0.0,
344,462.2337384716236,2.9806022999999997,,,,27.0,,,,,,,0.0,75340.22,23847.03,
345,488.0825451674896,2.9864528,,,,,,,,,,,0.0,47887.227,0.0,
346,492.11377616607245,2.9864528,,,,,,,,,,,0.0,18149.225,0.0,
347,236.16448993010243,2.9968807999999996,,,,,,,,,,,0.0,0.0,225320.6,
348,382.22287554997075,2.9968807999999996,,,,,,,,,,,0.0,0.0,97884.34,
349,626.1723368980317,3.0079908,,,,,,,,,,,0.0,31739.012000000002,79202.76,
350,611.1614010155056,3.0105383,,,,,,,,,,,69.17017,1697986.1,1824390.6,
351,359.170404558911,3.008628,,,,,,,,,,,0.0,19531.186,0.0,
352,137.09632595440388,3.0193480999999998,,,,,,,,,,,22.845325,2034.4082,28639.433999999997,
353,321.09749716949824,3.032382,,,,,,,,,,,0.0,8030.554,141.99663999999999,
354,181.12234908234416,3.0510127999999996,,,,,,,,,,,155.12689,84887.85,0.0,
355,465.1390852459669,3.0499878,,,,,,,,,,,0.0,20247.547,0.0,
356,271.1519179003673,3.0524282000000005,,,,,,,,,,,11.303471,973.9459,9418.917,
357,417.17309184903837,3.0548987000000003,,,,,,,,,,,0.0,2926.1707,10611.651000000002,
358,412.2186384718505,3.0548987000000003,,,,,,,,,,,0.0,11813.312,58002.445,
359,433.11294396029234,3.0569782,,,,,,,,,,,72.07641600000001,2010541.8,251734.48,
360,313.0696209317971,3.05594,,,,,,,,,,,0.0,9780.058,0.0,
361,436.12100639201276,3.0548987000000003,,,,,,,,,,,0.0,11307.393999999998,735.4833,
362,455.0949044429471,3.0548987000000003,,,,,,,,,,,0.0,59382.38,3403.2417,
363,303.0496119329514,3.0590319999999998,,,,,,,,,,,0.0,174523.17,353142.9,
364,625.1373384938346,3.067096,,,,,,,,,,,0.0,10392.38,0.0,
365,520.3327388393051,3.0762727,,,,,,,,,,,5630.3413,3708.923,12384.868,
366,376.2328720413326,3.077014,,,,,,,,,,,0.0,230.97757000000001,12555.291000000001,
367,448.2174439526295,3.0777900000000002,,,,,,,,,,,9.954636,5482.0103,30161.16,
368,571.1989195724328,3.0758132999999996,,,,,,,,,,,0.0,0.0,30657.347999999998,
369,625.1762811724284,3.077014,,,,,,,,,,,0.0,10794.162,8016.526,
370,566.2443018378602,3.077014,,,,,,,,,,,0.0,141472.19,60427.848,
371,301.0342726536047,3.0771277,,,,,,,,,,,0.0,88621.125,102972.26,
372,594.2756568078933,3.077014,,,,,,,,,,,0.0,24872.945,1698.9231,
373,479.0825882245826,3.0894105,,,,,,,,,,,0.0,749436.9,0.0,
374,487.084405538892,3.0940013,,,,16.0,17.0,[M+Na]+,,2.0,377;374,464.09539,0.0,23535.248,341283.25,
375,222.11241046545481,3.0970316,,,,,,,,,,,36.3902,0.0,49290.414000000004,
376,335.15969819892064,3.1006463,,,,,,,,,,,0.0,435.31433,7776.5109999999995,
377,465.10286577660105,3.1108127,,,,16.0,17.0,[M+H]+,,2.0,377;374,464.09539,0.0,173045.5,2769066.2,
378,595.1654559868448,3.1152158,,,,,,,,,,,0.0,293633.75,1009641.44,
379,364.1959380766491,3.1195855,,,,,,,,,,,0.0,3884.3013,12360.788,
380,347.1681489660301,3.1195855,,,,,,,,,,,0.0,7723.2725,886.85205,
381,392.2274706090991,3.1195855,,,,,,,,,,,0.0,6715.7812,1693.6036,
382,374.1445192290348,3.1259916000000003,,,,,,,,,,,44.803738,3538.1687,64725.164000000004,
383,379.09971505877917,3.1275856,,,,,,,,,,,0.0,703.3531,12102.122,
384,503.19038977532114,3.144475,,,,0.0,19.0,[M-H2O+H]+,,1.0,385,520.19395,0.0,12162.42,8391.855,
385,538.2280396809881,3.144475,,,,0.0,19.0,[M+NH4]+,,2.0,385;384,520.19395,0.0,107025.17,39685.414,
386,1043.265100457008,3.1557522000000002,,,,,,,,,,,0.0,7337.9243,12188.287,
387,429.1730117703456,3.1668667999999998,,,,,,,,,,,0.0,27292.812,19688.457,
388,429.2094252975808,3.1681006000000003,,,,,,,,,,,0.0,0.0,40438.445,
389,424.21788645071393,3.1698012,,,,,,,,,,,0.0,25287.574,5760.241,
390,485.1050485099562,3.1715016,,,,,,,,,,,0.0,179765.45,0.0,
391,463.1233493380037,3.1750917000000003,,,,42.0,,,,,,,0.0,6703343.5,623906.7,
392,331.15323224788983,3.1806113999999996,,,,,,,,,,,0.0,20358.078,28889.873,
393,545.1990716532426,3.1750917000000003,,,,,,,,,,,0.0,9400.871,59254.89,
394,568.2758457652344,3.1806113999999996,,,,,,,,,,,0.0,7539.076,19110.143,
395,540.2435807562134,3.1806113999999996,,,,42.0,,,,,,,0.0,244836.05,302914.62,
396,564.3591856850899,3.1871327999999997,,,,,,,,,,,3158.0352,0.0,6975.6157,
397,207.10094206802717,3.1922705000000002,,,,,,,,,,,14.059160999999998,10535.669,1050.1553,
398,407.131331459143,3.2123299,,,,,,,,,,,0.0,7491.8667,1543.7246,
399,430.2078207942338,3.2123299,,,,,,,,,,,0.0,10907.442,2143.7341,
400,522.291134648991,3.2322936,,,,,,,,,,,0.0,0.0,143242.56,
401,573.0851092198487,3.2322936,,,,,,,,,,,0.0,0.0,45291.598,
402,551.1036443885141,3.2345142000000005,,,,,,,,,,,0.0,29096.76,388348.62,
403,566.1147751914605,3.2375526000000003,,,,,,,,,,,0.0,2467.4604,51848.727,
404,617.1476830587208,3.2407202999999996,,,,,,,,,,,0.0,14654.4,23801.373,
405,547.2149678639959,3.2511587000000004,,,,,,,,,,,0.0,9585.555,6214.7876,
406,542.2602440587857,3.2567296000000003,,,,,,,,,,,0.0,8861.777,22475.002,
407,213.18484764720702,3.2609525,,,,,,,,,,,0.0,1452.6362,87264.125,
408,375.2380300684753,3.2609525,,,,,,,,,,,0.0,1977.9535,83940.02,
409,380.1915783409423,3.2609525,,,,,,,,,,,0.0,8539.995,53283.082,
410,385.14697481619413,3.2609525,,,,,,,,,,,0.0,16684.398,75909.06,
411,524.3066281987972,3.2609525,,,,,,,,,,,0.0,3546.94,170547.17,
412,529.2620402385589,3.2609525,,,,,,,,,,,0.0,3824.5889,118884.88,
413,438.2707647826195,3.2810867,,,,,,,,,,,0.0,9542.742,0.0,
414,577.2262005967316,3.2810867,,,,,,,,,,,0.0,7173.069,0.0,
415,410.2391177572987,3.2831712,,,,45.0,21.0,[M+NH4]+,,2.0,416;415,392.20522,0.0,10078.095,12335.895,
416,415.19436902184367,3.2831712,,,,45.0,21.0,[M+Na]+,,2.0,416;415,392.20522,0.0,44071.277,50713.277,
417,442.1933249904187,3.2926633,,,,,,,,,,,0.0,19122.717,0.0,
418,447.1487098280258,3.2926633,,,,,,,,,,,0.0,28888.225,0.0,
419,647.1592800859238,3.2978970000000003,,,,,,,,,,,0.0,6604.0293,972.7468,
420,492.2447145817191,3.3086982000000003,,,,,,,,,,,0.0,185.37766000000002,14119.258999999998,
421,556.2602127569469,3.3197348,,,,,,,,,,,0.0,0.0,9544.735,
422,561.2158763016835,3.3195605,,,,,,,,,,,0.0,58.25425,8490.425,
423,366.21285668147345,3.3312573,,,,,,,,,,,0.0,1390.9509,13278.152,
424,371.2058984600738,3.3333519999999996,,,,,,,,,,,0.0,471.46313,123060.35,
425,503.24779338871696,3.3287248999999997,,,,,,,,,,,0.0,146.71194,36567.617,
426,371.16799343974486,3.3312573,,,,,,,,,,,0.0,32200.803,73284.9,
427,394.2438396903285,3.3312573,,,,,,,,,,,0.0,6935.4087,7397.491,
428,348.27437351892127,3.3422572999999995,,,,,,,,,,,0.0,112857.82,12663.803999999998,
429,463.087708538433,3.3421195,,,,,,,,,,,0.0,19123.068,0.0,
430,526.3219508580141,3.3422572999999995,,,,,,,,,,,0.0,6001.7773,2567.3003,
431,550.2861876861804,3.3421195,,,,,,,,,,,0.0,8618.588,0.0,
432,555.2417347059485,3.3421195,,,,,,,,,,,0.0,5765.8965,0.0,
433,565.155336155078,3.3422572999999995,,,,,,,,,,,0.0,6899.206999999999,945.6588,
434,471.089660504696,3.3422572999999995,,,,,,,,,,,0.0,1949.5376,100463.82,
435,656.2761052352978,3.3547550000000004,,,,,,,,,,,0.0,6643.6245,8018.41,
436,219.10083022986618,3.3655112000000003,,,,,,,,,,,0.0,28876.92,24278.908,
437,566.2580922355688,3.409392,,,,,,,,,,,0.0,18367.332,500.28418,
438,543.1823411562791,3.409392,,,,,,,,,,,0.0,38470.1,8197.173,
439,479.11667391619216,3.4097757000000004,,,,,,,,,,,0.0,0.0,9314.859,
440,579.1698503563138,3.4207410000000005,,,,,,,,,,,0.0,448314.34,63896.445,
441,487.2136723200132,3.4207410000000005,,,,,,,,,,,0.0,81341.336,76083.555,
442,197.11690884240943,3.4322417,,,,,,,,,,,405.56023999999996,54393.78,149139.12,
443,414.2322598049497,3.4459400000000002,,,,,,,,,,,80.05998000000001,14896.188999999998,14362.875,
444,332.22094529812364,3.4721358,,,,,,,,,,,0.0,0.0,110448.89,
445,393.1882862770129,3.4817288,,,,,,,,,,,0.0,26099.123,0.0,
446,416.2637659943593,3.4818072,,,,,,,,,,,0.0,25967.371,1049.9935,
447,457.2400225753585,3.4907498,,,,,,,,,,,0.0,48605.58,2764.7847,
448,600.27998796347,3.4913745,,,,,,,,,,,0.0,7945.8657,0.0,
449,301.06901205052145,3.5009558,,,,,,,,,,,0.0,35054.55,0.0,
450,609.1810716877711,3.5044084000000004,,,,,,,,,,,0.0,878327.1,109161.91,
451,520.2748481674155,3.5078607,,,,,,,,,,,0.0,0.0,35947.26,
452,535.1076195463614,3.5091915,,,,,,,,,,,0.0,894.3898300000001,101006.59,
453,557.0900435151343,3.5078607,,,,,,,,,,,0.0,0.0,13394.585,
454,373.22194897224455,3.5199218,,,,,,,,,,,0.0,2320.274,74515.11,
455,527.2453081474682,3.5196085,,,,,,,,,,,0.0,0.0,63625.344000000005,
456,550.3230260227724,3.5199218,,,,,,,,,,,0.0,726.5731,8299.722,
457,413.2145924272123,3.5199218,,,,,,,,,,,0.0,73353.95,13796.663999999999,
458,549.1238915164361,3.5199218,,,,,,,,,,,0.0,21507.416,1588.7227,
459,388.16001620042334,3.53251,,,,,,,,,,,0.0,11492.051000000001,94185.38,
460,393.11544570550814,3.53251,,,,,,,,,,,0.0,3122.5674,20350.867,
461,322.1284888021136,3.53251,,,,,,,,,,,0.0,9170.58,649.0474,
462,830.2553954365053,3.53251,,,,,,,,,,,0.0,8126.6157,244.69325,
463,678.2963479811699,3.5373147000000005,,,,,,,,,,,0.0,0.0,8902.294,
464,409.1466536071576,3.5543682999999997,,,,,,,,,,,0.0,4899.767,77733.58,
465,137.0597612688846,3.5709593,,,,,,,,,,,26.400764000000002,19129.873,2550.0881,
466,409.1837798431643,3.569726,,,,,,,,,,,0.0,22904.982000000004,0.0,
467,602.2960099031211,3.570547,,,,,,,,,,,0.0,13991.518,932.3275,
468,436.29022545054704,3.572486,,,,,,,,,,,0.0,3304.4692,164.15465,
469,579.2192695776157,3.572486,,,,,,,,,,,0.0,26755.111,3331.3127,
470,575.2310905391953,3.5757617999999995,,,,,,,,,,,0.0,9752.426,6007.899,
471,565.1187071500125,3.5897741,,,,,,,,,,,0.0,9593.408000000001,1963.4211,
472,336.21717293499074,3.5934105000000005,,,,,,,,,,,0.0,26.381484999999998,13963.288,
473,366.22655934886984,3.6065912000000004,,,,,,,,,,,0.0,0.0,8024.6426,
474,404.19096772842073,3.6040773,,,,,,,,,,,0.0,2914.8794,82830.74,
475,366.1753644895714,3.6191553999999995,,,,,,,,,,,0.0,411.95227,8764.271,
476,497.1735887448912,3.618114,,,,,,,,,,,0.0,0.0,20842.092,
477,418.2793826097332,3.6329951,,,,,,,,,,,0.0,0.0,7216.3467,
478,395.20369949232634,3.6372097,,,,,,,,,,,0.0,0.0,13527.305,
479,556.2959713046998,3.6719527000000003,,,,,,,,,,,0.0,2009.8444,21063.316000000003,
480,561.2512391378119,3.6719527000000003,,,,,,,,,,,0.0,1920.5111,14138.747,
481,255.15702841134143,3.687624,,,,,,,,,,,11.676786,311.64377,8700.423,
482,348.21660425809614,3.715955,,,,,,,,,,,0.0,0.0,57240.09,
483,687.4155331290607,3.7396523999999998,,,,,,,,,,,0.0,718.3733,10170.973,
484,709.3973131050855,3.7396523999999998,,,,,,,,,,,0.0,665.9719,8360.516,
485,392.22700849808473,3.7500671999999997,,,,,,,,,,,0.0,0.0,4698.0913,
486,493.2399655378972,3.7550502,,,,,,,,,,,0.0,6437.177,734.0394,
487,478.264024167323,3.763495,,,,,,,,,,,0.0,123.17555,28241.875,
488,411.1617411855975,3.7889459999999997,,,,,,,,,,,0.0,161.91199,20706.968999999997,
489,439.22958307027864,3.7908989999999996,,,,,,,,,,,0.0,6318.9785,54996.484000000004,
490,439.19357003710434,3.8377623999999995,,,,,,,,,,,0.0,8358.404,1153.5276,
491,573.2875509080609,3.8399787000000005,,,,,,,,,,,0.0,32130.945,10045.524,
492,770.3074930981163,3.8461695,,,,,,,,,,,0.0,950.9713,6704.606,
493,218.21131452837346,3.8474263999999994,,,,,,,,,,,853.40234,23493.147999999997,337.0585,
494,335.12364406676124,3.874566,,,,,,,,,,,0.0,1023.0414,6040.7880000000005,
495,253.14119062723884,3.8949763999999996,,,,,,,,,,,62.477165,1509.1301,39438.97,
496,495.18380221596846,3.8947442000000003,,,,,,,,,,,0.0,214.16461,10440.767,
497,494.2229302549447,3.9072678,,,,,,,,,,,0.0,1733.4498,30451.808999999997,
498,499.17851099460313,3.9072678,,,,,,,,,,,0.0,211.78575,9919.136,
499,397.1832140974359,3.9072678,,,,,,,,,,,0.0,7178.8896,2729.4809999999998,
500,441.1730651175209,3.911397,,,,,,,,,,,0.0,240.762,18490.756,
501,290.1961709827856,3.9232178,,,,,,,,,,,11.721041,47847.723,2153.3179,
502,455.2239118604603,3.9309553999999998,,,,,,,,,,,0.0,49112.793,12155.861,
503,309.22702840301633,3.931333,,,,,,,,,,,39572.965,1368.6816,0.0,
504,413.2479819609903,3.9363577000000003,,,,,,,,,,,0.0,0.0,11623.53,
505,331.2090794166101,3.9402835,,,,,,,,,,,21332.2,0.0,0.0,
506,195.10071990993904,3.9469006,,,,,,,,,,,125.26547,21388.218999999997,1747.0503,
507,613.3430807981453,3.941332,,,,,,,,,,,0.0,5593.138000000001,0.0,
508,635.3249357675561,3.941332,,,,,,,,,,,0.0,5809.396,0.0,
509,571.2690765985166,3.9463242999999997,,,,,,,,,,,0.0,0.0,9100.428,
510,312.19521767508263,3.9631013999999998,,,,,,,,,,,0.0,0.0,293222.97,
511,485.19898308282234,3.9720760000000004,,,,,,,,,,,0.0,167.84058000000002,8439.484,
512,628.3166821389408,3.9749665000000003,,,,,,,,,,,0.0,313.651,10561.0625,
513,532.2392236936704,3.9769175000000003,,,,,,,,,,,0.0,55.716274,6917.866999999999,
514,561.3243035033022,3.9814599999999998,,,,,,,,,,,0.0,2208.4179999999997,6882.0615,
515,969.3962700992862,4.0012870000000005,,,,,,,,,,,0.0,199.3027,8318.419,
516,516.2434232671394,4.02318,,,,,,,,,,,0.0,0.0,4669.2793,
517,203.17932155038653,4.032839,,,,,,,,,,,0.0,8828.674,1748.2404,
518,239.20032736271241,4.032839,,,,,,,,,,,0.0,7571.255,2392.0708,
519,419.2635651284812,4.030694,,,,,,,,,,,0.0,7582.4766,2661.4359999999997,
520,457.2190546591914,4.030694,,,,,,,,,,,0.0,7924.479,1261.055,
521,464.32154018132746,4.030694,,,,,,,,,,,0.0,18257.182,2348.5276,
522,221.18986776437094,4.0284905,,,,25.0,,,,,,,8.188822,32035.507999999998,9788.893,
523,441.2456896581549,4.030694,,,,25.0,,,,,,,0.0,160920.42,54207.277,
524,478.2274836993882,4.035807,,,,,,,,,,,0.0,0.0,6492.4473,
525,617.1263686513554,4.072154,,,,,,,,,,,0.0,5684.6816,0.0,
526,287.054738978418,4.0808935,,,,,,,,,,,0.0,25944.604,91653.08,
527,182.11775629441743,4.0831895,,,,,,,,,,,6.5760856,128.02919,10211.266,
528,559.3085382924369,4.091074,,,,,,,,,,,0.0,11223.643999999998,34761.742,
529,513.2665770073356,4.1173470000000005,,,,,,,,,,,0.0,2546.8945,20830.705,
530,247.13235579823777,4.1173470000000005,,,,,,,,,,,0.0,15597.04,3026.6006,
531,310.2005824415866,4.115247,,,,,,,,,,,0.0,12337.192,431.8327,
532,408.2223932788239,4.124352,,,,,,,,,,,0.0,5782.5703,8919.775,
533,422.2898072361688,4.12656,,,,,,,,,,,0.0,95.41978,7471.4688,
534,430.1713313152441,4.1528344,,,,,,,,,,,8.168777,12748.892,2136.0098,
535,161.13226737748766,4.1875215,,,,,,,,,,,7.375576,16430.492,59551.098,
536,179.14298677234177,4.184488,,,,,,,,,,,33.7597,48079.0,174475.64,
537,215.16405298669102,4.1860576,,,,,,,,,,,0.0,26780.264,155002.12,
538,377.21672774409933,4.1860576,,,,,,,,,,,0.0,24217.111,194784.86,
539,399.19875276732233,4.1860576,,,,,,,,,,,0.0,229258.48,706598.8,
540,510.16071938378235,4.1867113,,,,,,,,,,,0.0,5124.355,0.0,
541,394.24327995099526,4.1912894,,,,,,,,,,,0.0,0.0,210772.25,
542,408.2587214444792,4.1912894,,,,,,,,,,,0.0,0.0,8020.6669999999995,
543,643.4054037329478,4.1908693,,,,,,,,,,,14.537501999999998,0.0,23930.78,
544,342.26392225650307,4.2234387,,,,,,,,,,,5120.4233,900.7054400000001,1493.9055,
545,449.6242083396274,4.238392,,,,,,,,,,,14.565233,0.0,32233.8,
546,665.4188045509908,4.2350726,,,,,,,,,,,0.0,0.0,29249.111,
547,464.3000274898722,4.272132,,,,,,,,,,,19.899954,0.0,65420.402,
548,464.6341037396631,4.2694263,,,,,,,,,,,0.0,0.0,42254.27,
549,687.4321695615084,4.2694263,,,,,,,,,,,0.0,0.0,37584.953,
550,471.2200777870105,4.271971700000001,,,,,,,,,,,0.0,33737.824,166975.4,
551,709.4449801377016,4.307735,,,,,,,,,,,10.6457615,0.0,34084.867,
552,191.14300651056192,4.309351400000001,,,,,,,,,,,9.423422,7440.2837,2312.6895,
553,478.97450380248,4.305314,,,,,,,,,,,14.310544,0.0,90795.336,
554,493.6498888268999,4.341204,,,,,,,,,,,18.203705,0.0,98113.79,
555,731.4582564681704,4.3380218,,,,,,,,,,,0.0,0.0,31858.588,
556,466.26485658819917,4.3462143,,,,,,,,,,,0.0,117044.76,506675.62,
557,270.2426467604601,4.371751000000001,,,,,,,,,,,0.0,0.0,6519.9727,
558,508.32596928966535,4.371751000000001,,,,,,,,,,,0.0,0.0,106510.12,
559,753.4714099657567,4.371751000000001,,,,,,,,,,,0.0,0.0,24198.055,
560,523.0012121221314,4.4029565,,,,,,,,,,,0.0,0.0,98933.47,
561,537.6767206887735,4.4347835,,,,,,,,,,,0.0,0.0,90300.18,
562,552.3522596642391,4.463280999999999,,,,,,,,,,,0.0,0.0,76164.56,
563,384.2957180085618,4.4736934,,,,,,,,,,,15330.246000000001,393.85913,391.5704,
564,474.2336196475022,4.4790764,,,,,,,,,,,0.0,4252.7725,23951.933999999997,
565,479.1890328303031,4.4790764,,,,,,,,,,,0.0,826.34515,6787.7373,
566,271.06004834822284,4.4993567,,,,,,,,,,,0.0,2347.8052,20200.367,
567,567.0274034324532,4.498560400000001,,,,,,,,,,,0.0,0.0,55803.492,
568,581.7027411147944,4.513477,,,,,,,,,,,0.0,0.0,26384.875,
569,278.21146209100004,4.5546646,,,,,,,,,,,0.0,3415.4712,22657.066000000003,
570,426.2639412487876,4.650405,,,,,,,,,,,0.0,0.0,12636.066,
571,504.28041366278666,4.706169,,,,,,,,,,,0.0,6358.007,3316.8223,
572,221.15353495446658,4.7274165,,,,,,,,,,,21.323166,8839.025,2429.3672,
573,423.1989722915531,4.7291093,,,,,,,,,,,0.0,13967.628999999999,3963.3823,
574,346.2590909970143,4.751197,,,,,,,,,,,28.521587,795.37915,25626.82,
575,351.2147990329422,4.7491403,,,,,,,,,,,8.275411,0.0,44714.598,
576,311.18362201505107,4.760017400000001,,,,,,,,,,,10.930729,0.0,22013.213,
577,508.27595995546915,4.758835299999999,,,,,,,,,,,0.0,0.0,11943.239,
578,513.2312876429718,4.758835299999999,,,,,,,,,,,0.0,0.0,112652.445,
579,1152.1634706403095,4.763076,,,,2.0,,,,,,,0.0,230939.12,99397.99,
580,1152.4959761845116,4.763076,,,,2.0,,,,,,,0.0,217996.12,97177.164,
581,385.2560969783908,4.767316,,,,,,,,,,,0.0,55091.35,0.0,
582,864.3740629399847,4.767316,,,,,,,,,,,0.0,19323.797,0.0,
583,1159.8231386435755,4.767316,,,,,,,,,,,0.0,17305.693,0.0,
584,397.2562093835994,4.7723336,,,,,,,,,,,0.0,0.0,31843.218999999997,
585,530.2963786681862,4.7821727,,,,,,,,,,,0.0,0.0,12825.436000000002,
586,165.1274159711166,4.82814,,,,,,,,,,,20.74634,0.0,6019.8306,
587,420.22292618202624,4.826464700000001,,,,,,,,,,,0.0,4718.147,240244.92,
588,425.1782531960297,4.8325377,,,,,,,,,,,0.0,1918.5984,134495.11,
589,1155.1518942842579,4.8406897,,,,,,,,,,,0.0,147231.81,143128.25,
590,226.1801579488388,4.85696,,,,,,,,,,,21029.672000000002,36626.227,6950.585,
591,266.1726283868274,4.85696,,,,,,,,,,,5789.6426,45455.71,11718.445,
592,289.24855341652784,4.854202,,,,,,,,,,,5240.271,6577.0884,848.7732,
593,1139.8213861857962,4.881262,,,,,,,,,,,0.0,708151.06,345714.28,
594,236.16188944302482,4.886152,,,,,,,,,,,17006.092,534.0684,1297.0294,
595,855.1176318191348,4.881262,,,,,,,,,,,0.0,53967.57,3198.8257,
596,855.3679065916327,4.881262,,,,,,,,,,,0.0,46199.93,2747.4120000000003,
597,246.24289441571915,4.899935,,,,,,,,,,,3224.2095,10379.323,0.0,
598,449.21499527876205,4.905224,,,,,,,,,,,0.0,1706.9686,6379.215999999999,
599,1194.1720529815982,4.909439599999999,,,,,,,,,,,0.0,1320.2131,22715.147999999997,
600,1147.1452965403764,4.955469,,,,,,,,,,,0.0,51399.344000000005,105816.164,
601,504.28054145583604,4.971868,,,,,,,,,,,0.0,1430.8068,34763.95,
602,292.2270807683234,5.0003843,,,,,,,,,,,0.0,2112.083,22253.281000000003,
603,1146.811007186091,5.0153837,,,,,,,,,,,0.0,407.39342999999997,123738.41,
604,1151.4808124569738,5.0468044,,,,,,,,,,,0.0,0.0,52253.426,
605,181.1223552214194,5.165051999999999,,,,,,,,,,,261.22852,23123.718999999997,5358.134,
606,351.1780500696524,5.206007,,,,,,,,,,,0.0,335.69574,7710.9424,
607,198.1853178181265,5.320135,,,,,,,,,,,636.4409,386.8488,98324.414,
608,196.1696851502896,5.35104,,,,,,,,,,,58.526077,23.111805,89272.98,
609,451.2304512007473,5.3590965,,,,,,,,,,,0.0,5708.366,2296.8616,
610,1130.101813590038,5.4105725,,,,,,,,,,,0.0,37956.562000000005,0.0,
611,1135.777022242582,5.419690599999999,,,,,,,,,,,0.0,37110.504,0.0,
612,291.1947908672556,5.4960537,,,,,,,,,,,11.741802,19597.951,1320.9077,
613,290.2689546573334,5.8684306,,,,,,,,,,,0.0,0.0,30458.316000000003,
614,616.1769694318436,5.9419193,,,,,,,,,,,0.0,0.0,84931.09,
615,275.20056977897997,5.999591400000001,,,,,,,,,,,21.239567,18655.752,27454.816000000003,
616,316.2847611274347,6.407078299999999,,,,,,,,,,,33.093338,214571.23,91644.266,
617,338.2667684057772,6.411891000000001,,,,,,,,,,,0.0,14334.981000000002,392.5622,
618,446.253914473135,6.5224595,,,,,,,,,,,18003.2,45774.905999999995,2007.0936,
619,453.1675590563572,6.5204005,,,,,,,,,,,0.0,59587.754,3359.1511,
620,432.2383895391292,6.523781,,,,9.0,24.0,[M+NH4]+,,3.0,622;621;620,414.20446,249456.05,302611.5,20225.676,
621,415.211673579084,6.525051,,,,9.0,24.0,[M+H]+,,2.0,622;620,414.20446,151644.22,188086.69,6588.3413,
622,437.19364379681167,6.525051,,,,9.0,24.0,[M+Na]+,,3.0,622;621;620,414.20446,100507.72,140964.2,8846.833,
623,460.26953631409515,6.525051,,,,9.0,,,,,,,155374.27,237593.14,10840.166000000001,
624,504.31712363117066,6.5885935,,,,36.0,25.0,[M+H]+,,2.0,627;624,503.30985999999996,0.0,28438.584,241525.44,
625,325.2371869130039,6.589524000000001,,,,,,,,,,,10.99424,6899.9097,12554.528,
626,487.2909544665685,6.5907717,,,,,,,,,,,0.0,907.7016,5881.9355,
627,509.2725477512743,6.592898,,,,36.0,25.0,[M-NH3+Na]+,,2.0,627;624,503.30985999999996,0.0,24254.84,213802.61,
628,469.27976514385557,6.592898,,,,,,,,,,,0.0,1683.7916,9257.879,
629,525.2459322689517,6.592898,,,,,,,,,,,0.0,1474.2848,9937.651,
630,417.34527099595977,6.648442999999999,,,,,,,,,,,379.7019,345.2661,16994.885,
631,318.3003252298009,6.695392,,,,,,,,,,,238.04945,59349.082,21533.713,
632,599.4096429960074,6.748302000000001,,,,,,,,,,,0.0,27511.287,25060.492000000002,
633,804.4886816962659,6.803482499999999,,,,,,,,,,,0.0,0.0,12492.739,
634,694.4008184003183,6.867406,,,,7.0,27.0,[M+H]+,,2.0,635;634,693.39337,0.0,72337.79,725885.9,
635,699.3558599623782,6.867406,,,,7.0,27.0,[M-NH3+Na]+,,2.0,635;634,693.39337,0.0,39256.77,204639.17,
636,518.324478668715,6.873211,,,,,,,,,,,0.0,12578.745,80494.625,
637,715.3297495370418,6.9498935,,,,,,,,,,,0.0,797.0598,9082.275,
638,862.5306460358845,6.969827,,,,,,,,,,,0.0,0.0,15293.223,
639,610.061937120166,7.075909599999999,,,,,,,,,,,0.0,0.0,4605.988,
640,277.2163140729465,7.1200542,,,,,,,,,,,14.308357,925.1403,17808.746,
641,844.5203644569557,7.118980400000001,,,,,,,,,,,0.0,0.0,32950.42,
642,165.09106000545054,7.2118473,,,,28.0,,,,,,,25929.951,16908.518,300.04034,
643,238.17994953401055,7.2118473,,,,,,,,,,,17133.266,3352.2954,245.05186,
644,221.1536058702816,7.2133045,,,,28.0,,,,,,,72781.734,27069.862999999998,833.06714,
645,364.3208543593007,7.220714999999999,,,,,,,,,,,0.0,43892.594000000005,228117.53,
646,599.4099670782481,7.326672599999999,,,,,,,,,,,0.0,0.0,103942.2,
647,327.23158756004835,7.3288584000000006,,,,,,,,,,,0.0,8949.5205,21408.479,
648,293.2106021818625,7.358892,,,,,,,,,,,100.2744,565.5214,23118.291,
649,497.3112069305494,7.3759937,,,,,,,,,,,0.0,2559.526,25594.164,
650,478.29271503941874,7.3896937000000005,,,,,,,,,,,0.0,15278.435,29607.683999999997,
651,520.3401199767716,7.421467,,,,,,,,,,,0.0,89218.195,101032.29,
652,618.4278413832037,7.4841723,,,,,,,,,,,0.0,14185.033000000001,12070.635,
653,243.135574278085,7.5057955000000005,,,,,,,,,,,84496.78,26784.062,0.0,
654,532.3485798405393,7.5238895,,,,43.0,30.0,[M+NH4]+,,2.0,655;654,514.31463,0.0,139086.88,1427319.2,
655,537.3037172944398,7.5238895,,,,43.0,30.0,[M+Na]+,,2.0,655;654,514.31463,0.0,153863.62,1327046.5,
656,353.26872861156784,7.5238895,,,,,,,,,,,0.0,11282.311000000002,221137.22,
657,433.23504482724405,7.5279229999999995,,,,,,,,,,,0.0,1269.9805,59218.91,
658,553.2766076257094,7.5238895,,,,,,,,,,,0.0,5100.6284,103485.61,
659,1051.618535297502,7.5263295,,,,,,,,,,,0.0,0.0,64786.977,
660,922.5672216414956,7.6028666,,,,,,,,,,,0.0,0.0,28712.757999999998,
661,583.4144725289391,7.6474905,,,,,,,,,,,0.0,1864.879,109293.18,
662,458.31094498531064,7.645378,,,,,,,,,,,0.0,17480.584,3574.0566,
663,672.4167437936268,7.7926517,,,,,,,,,,,0.0,7814.5713,80277.51,
664,677.3719073353521,7.7953663,,,,,,,,,,,0.0,2376.3315,29698.632999999998,
665,454.2929274745896,7.833875999999999,,,,,,,,,,,10.489413,15930.235,31274.02,
666,430.3682016372531,7.847087400000001,,,,,,,,,,,0.0,0.0,35084.973,
667,463.2667744231172,7.857395599999999,,,,,,,,,,,0.0,1406.6638,24773.812,
668,518.3216082023278,7.869718600000001,,,,,,,,,,,0.0,5732.9297,6336.6313,
669,496.3402320406742,7.875236999999999,,,,,,,,,,,82.84265,59162.28,94781.72,
670,342.33676891328133,7.905672999999999,,,,,,,,,,,0.0,0.0,33630.33,
671,534.363861308284,8.036992999999999,,,,,,,,,,,0.0,1462.2922,33451.977,
672,311.25732156096245,8.175572,,,,,,,,,,,10.934892999999999,393.19116,15355.736,
673,465.2604250641989,8.182526,,,,,,,,,,,0.0,40.143158,15041.901000000002,
674,483.2717771800312,8.177977,,,,,,,,,,,0.0,153.34082,13363.583,
675,409.27350235629507,8.1978245,,,,,,,,,,,0.0,93814.664,24128.13,
676,489.29729300930364,8.216903,,,,,,,,,,,0.0,38722.21,15574.216999999999,
677,435.28919692473977,8.216903,,,,,,,,,,,0.0,42904.27,4133.839,
678,367.26311666807686,8.298321000000001,,,,,,,,,,,0.0,22351.943,20165.188000000002,
679,349.2737526320836,8.363747,,,,,,,,,,,42.048491999999996,1459.1438,23321.37,
680,617.4191209465532,8.40196,,,,,,,,,,,0.0,97711.22,3778.4453,
681,632.4448498956597,8.460192999999999,,,,,,,,,,,0.0,19226.725,13237.393,
682,324.290041122213,8.466521,,,,,,,,,,,9.691203999999999,1483.4,26510.873,
683,510.36477532116015,8.47043,,,,,,,,,,,0.0,986.8747,24119.637000000002,
684,515.3200428258599,8.475041000000001,,,,,,,,,,,0.0,944.6417,13955.518,
685,732.5473275429395,8.532143,,,,,,,,,,,19031.422,3832.498,21921.547000000002,
686,375.26856772567635,8.536348,,,,,,,,,,,0.0,55937.316,5731.9169999999995,
687,392.27055739254877,8.543241499999999,,,,44.0,,,,,,,0.0,43504.832,30491.076,
688,393.2785222065529,8.543241499999999,,,,44.0,,,,,,,0.0,180512.02,125304.1,
689,688.5220126684807,8.54732,,,,,,,,,,,30155.312,22957.725,42656.28,
690,644.4944830934479,8.564031,,,,,,,,,,,43023.94,43401.215,16173.18,
691,616.4107682605155,8.591709,,,,,,,,,,,0.0,100351.28,1328.0262,
692,581.3992880296714,8.600251,,,,,,,,,,,0.0,118653.734,1965.5735,
693,599.4096770606608,8.602300999999999,,,,,,,,,,,0.0,75674.49,1629.1526,
694,380.3371207224514,8.616177,,,,,,,,,,,56669.066,46883.91,59345.176,
695,615.4421622816589,8.664859,,,,,,,,,,,0.0,38275.477,3402.8696,
696,401.2840693274271,8.689447,,,,34.0,,,,,,,0.0,28143.267999999996,35679.047,
697,418.2866005937788,8.689447,,,,34.0,,,,,,,0.0,10789.541000000001,16398.707,
698,379.2843118143829,8.776512,,,,,,,,,,,0.0,134.65375,19360.654,
699,602.4278125748427,8.910337,,,,,,,,,,,0.0,20205.914,204357.0,
700,615.4011016788487,8.934011,,,,,,,,,,,0.0,2015.1052,37066.016,
701,352.3210953922195,8.937823,,,,1.0,33.0,[M+H]+,,1.0,702,351.31389,33078.137,32653.967,57187.82,
702,374.3031790113137,8.943536,,,,1.0,33.0,[M+Na]+,,2.0,702;701,351.31389,22589.822,3329.363,31927.412,
703,335.15159077814684,8.947785000000001,,,,,,,,,,,0.0,5100.6377,15048.383,
704,437.2277087619134,8.950954,,,,,,,,,,,0.0,41.58084,9416.944,
705,279.2320787513859,8.969272,,,,,,,,,,,98.139206,24328.9,24110.85,
706,181.1225057624409,8.980202,,,,,,,,,,,17.656715,129777.164,102961.83,
707,584.4211634430525,9.007817999999999,,,,,,,,,,,0.0,205696.97,233663.61,
708,259.20569296606305,9.026542,,,,,,,,,,,0.0,17649.91,26608.338,
709,565.4049173495957,9.044054,,,,,,,,,,,0.0,15017.806,67890.06,
710,583.4153658507566,9.044054,,,,,,,,,,,0.0,41689.883,196912.52,
711,435.2895670458596,9.049863,,,,,,,,,,,0.0,47698.848,49377.66,
712,600.4176212659204,9.049863,,,,,,,,,,,0.0,96974.55,1105989.1,
713,772.4754383020702,9.063353,,,,,,,,,,,0.0,11510.583999999999,2739.2693,
714,439.3826395982992,9.10225,,,,,,,,,,,8038.0419999999995,6937.843000000001,60931.242,
715,350.3266435300536,9.106208,,,,,,,,,,,58972.684,46036.582,60062.855,
716,702.4710673690283,9.134553,,,,,,,,,,,0.0,42127.895,728.7317,
717,660.423704755334,9.152349000000001,,,,,,,,,,,0.0,25465.709,1400.4667,
718,368.42540270929436,9.209039,,,,,,,,,,,0.0,0.0,12243.544,
719,563.2650513213085,9.207365,,,,,,,,,,,0.0,23843.049,55.44834,
720,392.2798342927459,9.30537,,,,,,,,,,,0.0,5550.514,5668.4424,
721,654.3325446858439,9.362755,,,,18.0,,,,,,,236960.77,2215.085,31182.167999999998,
722,682.363358505925,9.362755,,,,18.0,,,,,,,111003.42,2103.831,26604.984,
723,743.4331398942952,9.379864999999999,,,,,,,,,,,0.0,15090.058,0.0,
724,623.4071977669646,9.445402,,,,,,,,,,,0.0,129985.79,3073.434,
725,716.5539932442223,9.454498,,,,,,,,,,,41358.246,25465.63,73232.03,
726,376.3186825153992,9.463683,,,,31.0,34.0,[M+Na]+,,2.0,727;726,353.32943,18096.297,3071.3354,17012.914,
727,354.33666346076416,9.46749,,,,31.0,34.0,[M+H]+,,1.0,726,353.32943,15369.161,0.0,25104.234,
728,621.2705050721132,9.471109,,,,,,,,,,,0.0,434597.53,3916.1724,
729,643.2521076617032,9.470428,,,,,,,,,,,0.0,89354.695,0.0,
730,609.2704402901401,9.471109,,,,,,,,,,,0.0,403.11957,9592.556,
731,672.525762441847,9.475899,,,,,,,,,,,65576.82,66111.484,113089.75,
732,748.4747241113347,9.493246000000001,,,,,,,,,,,0.0,29812.324,10585.122,
733,628.4996425862251,9.494538,,,,,,,,,,,16532.58,95682.02,166321.7,
734,584.4731752275658,9.515315,,,,,,,,,,,21115.542999999998,132899.02,222898.7,
735,541.4506593502808,9.534719,,,,,,,,,,,8491.392,55902.387,0.0,
736,615.4411452709929,9.546167,,,,,,,,,,,0.0,78881.71,74584.45,
737,497.4242253926294,9.551105499999998,,,,,,,,,,,9066.061,53111.09,0.0,
738,364.34197498171653,9.575532,,,,,,,,,,,50053.57,2096.5876,66480.086,
739,678.4695752669253,9.582982000000001,,,,,,,,,,,0.0,40111.652,1977.2411,
740,970.6094243813443,9.582982000000001,,,,,,,,,,,0.0,3593.94,77226.164,
741,636.4234348765065,9.603330999999999,,,,,,,,,,,0.0,56354.348,17910.574,
742,423.45615479057466,9.619558,,,,,,,,,,,0.0,143655.14,0.0,
743,785.4805487927347,9.62233,,,,,,,,,,,0.0,7246.213000000001,135728.39,
744,593.2762368272679,9.640528,,,,,,,,,,,0.0,174305.27,993455.7,
745,615.2580887909401,9.640528,,,,,,,,,,,0.0,5655.7119999999995,82870.734,
746,975.5647963216096,9.636512,,,,,,,,,,,0.0,1257.8494,48319.348,
747,1185.5437931349056,9.640861,,,,,,,,,,,0.0,0.0,16932.068,
748,829.5065500275142,9.653603,,,,,,,,,,,0.0,38433.555,136448.19,
749,824.5515833879448,9.666801,,,,,,,,,,,0.0,799.61487,34631.094,
750,669.449254804219,9.684386,,,,,,,,,,,0.0,4784.714,86818.06,
751,421.3677637861138,9.713364,,,,,,,,,,,0.0,13120.175,3050.4155,
752,783.4651406527403,9.719126,,,,,,,,,,,0.0,84640.85,27847.702999999998,
753,828.5386298596885,9.725723,,,,,,,,,,,0.0,68287.086,510.8131,
754,786.4874009913502,9.740583,,,,,,,,,,,0.0,135291.7,3725.8990000000003,
755,599.4468079981781,9.788338000000001,,,,,,,,,,,0.0,4779.4634,20328.41,
756,599.4088918654243,9.841938,,,,,,,,,,,0.0,14716.921,174774.22,
757,600.4163374667322,9.841938,,,,,,,,,,,0.0,35790.547,253323.95,
758,451.28479595186883,9.853935,,,,,,,,,,,0.0,919.10144,18277.857,
759,827.4910380190048,9.866949,,,,,,,,,,,0.0,39957.77,65654.91,
760,299.20076688191915,9.87152,,,,,,,,,,,0.0,1349.7565,78000.56,
761,535.2706856778614,9.918334,,,,,,,,,,,0.0,4400.072,121405.0,
762,780.5349897164377,10.027536999999999,,,,,,,,,,,0.0,8438.811,0.0,
763,401.2841174479542,10.041028,,,,,,,,,,,0.0,1897.511,79928.47,
764,669.4357782911777,10.042659,,,,,,,,,,,0.0,838.0614,10591.325,
765,311.23714403591185,10.0551605,,,,,,,,,,,0.0,3555.9707,9356.114,
766,661.302202119287,10.093665,,,,,,,,,,,0.0,882.9913,173579.11,
767,683.2834501837146,10.095966,,,,,,,,,,,0.0,113.478645,83464.46,
768,773.5197967286705,10.114092999999999,,,,,,,,,,,0.0,4255.6353,50304.453,
769,808.5560229576113,10.114092999999999,,,,,,,,,,,0.0,8077.178000000001,93055.55,
770,836.5887982563721,10.11885,,,,,,,,,,,0.0,0.0,23705.467,
771,611.4671783542669,10.1203,,,,,,,,,,,0.0,23964.558999999997,89949.86,
772,813.5112973642592,10.1338825,,,,,,,,,,,0.0,17973.697,380353.56,
773,804.538187475874,10.1338825,,,,,,,,,,,0.0,75045.984,1265.7986,
774,719.3436094665099,10.136946,,,,,,,,,,,0.0,2268.0671,33080.156,
775,762.4892511350492,10.167872000000001,,,,,,,,,,,0.0,73286.75,0.0,
776,419.29433446947496,10.195648,,,,,,,,,,,0.0,2902.9536,51497.79,
777,806.5421692887627,10.224553,,,,,,,,,,,0.0,40580.79,22161.727000000003,
778,811.4970557606741,10.224553,,,,,,,,,,,0.0,150625.48,121764.98,
779,585.4295393349028,10.237169999999999,,,,,,,,,,,0.0,263768.47,946077.7,
780,551.4258321400032,10.280924,,,,32.0,,,,,,,0.0,66596.1,247069.97,
781,568.428199197828,10.284001,,,,32.0,,,,,,,0.0,529995.06,2192641.2,
782,640.4368800881742,10.284001,,,,32.0,,,,,,,0.0,25642.092,132293.02,
783,549.4097086618922,10.288001,,,,,,,,,,,0.0,2634.1511,30011.0,
784,565.4050023386937,10.284001,,,,,,,,,,,0.0,2363.515,37813.676,
785,566.4101128417651,10.288001,,,,,,,,,,,0.0,1284.2155,35889.176,
786,567.4207016995098,10.284001,,,,,,,,,,,0.0,48088.844000000005,734715.75,
787,613.4263184864162,10.284001,,,,,,,,,,,0.0,5108.071,70579.15,
788,624.4455824068676,10.285747,,,,,,,,,,,0.0,0.0,38010.492,
789,656.4329471246319,10.284001,,,,,,,,,,,0.0,1603.0306,27431.457000000002,
790,629.274223872922,10.326277000000001,,,,5.0,35.0,[M+Na]+,,2.0,790;791,606.2849,0.0,339767.5,24200.307,
791,607.2920788145797,10.330841,,,,5.0,35.0,[M+H]+,,2.0,790;791,606.2849,80.253235,2169560.0,130690.71,
792,609.2988074134712,10.333286,,,,,,,,,,,0.0,193947.67,5124.813,
793,645.2483112445736,10.330246,,,,,,,,,,,0.0,38685.434,727.5919,
794,446.3761504502495,10.357546000000001,,,,,,,,,,,0.0,1065.6772,44377.285,
795,667.4551870930683,10.387888,,,,,,,,,,,0.0,735.0278,19447.186,
796,750.5065849607837,10.403299,,,,,,,,,,,0.0,31947.688,0.0,
797,815.5290661567105,10.413515,,,,,,,,,,,0.0,480.0655,21511.959,
798,926.5846298299298,10.417456,,,,37.0,36.0,[M+H]+,,2.0,799;798,925.5771900000001,0.0,542352.25,186343.81,
799,931.5396934899474,10.417456,,,,37.0,36.0,[M-NH3+Na]+,,2.0,799;798,925.5771900000001,0.0,479098.22,220489.78,
800,736.4999836176968,10.421396000000001,,,,,,,,,,,0.0,46362.723,3242.603,
801,953.5824626625101,10.452007,,,,,,,,,,,0.0,3218.3109999999997,41257.03,
802,813.5116088349789,10.494142,,,,,,,,,,,0.0,185459.22,0.0,
803,808.5568108141313,10.50132,,,,,,,,,,,0.0,49229.28,13429.59,
804,815.5230350694964,10.503828,,,,,,,,,,,0.0,0.0,31995.875,
805,707.507342380781,10.5383835,,,,,,,,,,,0.0,26874.42,194.48413,
806,621.309951140993,10.551538,,,,,,,,,,,77.17801,7725.5547,0.0,
807,626.5725791283163,10.586055,,,,,,,,,,,0.0,52030.195,188.56248,
808,762.5165665770537,10.582906,,,,,,,,,,,0.0,169804.84,5460.6045,
809,776.522506327841,10.586055,,,,,,,,,,,0.0,68257.84,175.52563,
810,952.5995554622405,10.582906,,,,11.0,39.0,[M+NH4]+,,2.0,810;811,934.56566,0.0,118310.445,27201.854,
811,957.5548101770456,10.582906,,,,11.0,39.0,[M+Na]+,,2.0,810;811,934.56566,0.0,157308.34,32092.207000000002,
812,783.4459530985823,10.586022,,,,,,,,,,,0.0,21695.987999999998,964.5821,
813,954.605657083052,10.596160000000001,,,,,,,,,,,0.0,2922.2788,0.0,
814,945.5543875123557,10.623308,,,,,,,,,,,0.0,55166.363,8562.247,
815,391.2843017578125,10.624851,,,,,,,,,,,18989.121,20706.973,23651.814,
816,767.4710277710727,10.643438,,,,,,,,,,,0.0,304110.47,56224.05,
817,537.5360232728914,10.66492,,,,47.0,41.0,[M+H]+,,2.0,817;819,536.52892,59571.8,60099.562000000005,153758.23,
818,582.5935636476762,10.674533,,,,,,,,,,,4792.939,2937.373,46707.074,
819,559.5183161097143,10.677154,,,,47.0,41.0,[M+Na]+,,2.0,817;819,536.52892,63424.094000000005,1315.8315,47078.58,
820,733.3602590360824,10.701878,,,,,,,,,,,0.0,105.98188999999999,25450.79,
821,351.2683502243994,10.701878,,,,,,,,,,,0.0,6286.613,12482.178,
822,788.5325938677721,10.728442999999999,,,,,,,,,,,0.0,25100.004,0.0,
823,793.4857624391929,10.728442999999999,,,,,,,,,,,0.0,58160.805,0.0,
824,504.360835583627,10.732944999999999,,,,35.0,,,,,,,111821.65,47067.918,23314.808999999997,
825,476.3296659471485,10.735069000000001,,,,35.0,,,,,,,64184.676,57876.9,20628.8,
826,983.5707758058397,10.73535,,,,,,,,,,,0.0,84694.195,10166.860999999999,
827,459.30294730983354,10.737751,,,,,,,,,,,22944.262000000002,10178.55,0.0,
828,675.6772742866099,10.755705,,,,,,,,,,,0.0,6326.166,611.7662,
829,354.33746317556665,10.772135,,,,,,,,,,,45707.918,2592.1162,0.0,
830,376.31996344490824,10.768482,,,,,,,,,,,32040.267999999996,0.0,6135.3965,
831,153.11377753738046,10.774576,,,,,,,,,,,20784.12,20353.98,0.0,
832,165.11384310573357,10.781222,,,,,,,,,,,1385.2517,21549.156000000003,0.0,
833,647.4506831830915,10.800655,,,,,,,,,,,0.0,3706.9253,19096.19,
834,479.37442611214516,10.806980000000001,,,,,,,,,,,0.0,4298.6284,71590.24,
835,377.28495679050684,10.823514999999999,,,,,,,,,,,0.0,2212.6875,5645.0,
836,954.6164871944604,10.837433,,,,10.0,,,,,,,24.829384,993774.56,2428040.8,
837,956.6231998256312,10.834767999999999,,,,10.0,,,,,,,0.0,186229.75,460088.72,
838,957.6268779623853,10.834767999999999,,,,10.0,,,,,,,0.0,46733.96,107293.64,
839,766.5386310215329,10.865176,,,,,,,,,,,0.0,68827.54,456592.22,
840,764.5326847636381,10.865176,,,,10.0,,,,,,,0.0,2360265.8,3435083.5,
841,585.4535996066127,10.869011,,,,,,,,,,,0.0,183594.89,78520.69,
842,975.547242269508,10.896552,,,,,,,,,,,0.0,980.933,41172.414,
843,785.4619938804635,10.899588,,,,8.0,42.0,[M+K]+,,2.0,843;844,746.4986,0.0,45060.977,104699.0,
844,769.4875769925186,10.907759,,,,8.0,42.0,[M+Na]+,,2.0,843;844,746.4986,0.0,580724.5,1706763.2,
845,959.5717481462056,10.911896,,,,8.0,,,,,,,0.0,360038.9,1270583.6,
846,961.5789430293147,10.916319,,,,,,,,,,,0.0,61304.605,0.0,
847,780.5459832119626,10.924592,,,,,,,,,,,0.0,34222.68,0.0,
848,463.37912904756433,10.943877,,,,,,,,,,,0.0,2262.1309,54818.82,
849,597.4316219442045,10.959469,,,,,,,,,,,0.0,0.0,21722.683999999997,
850,792.5554505632311,10.979149000000001,,,,,,,,,,,0.0,87118.03,32170.387000000002,
851,804.5617770955803,10.977962,,,,,,,,,,,0.0,19607.043,0.0,
852,790.5481072297423,10.979149000000001,,,,13.0,43.0,[M+H]+,,2.0,852;854,789.54062,0.0,1675220.5,379577.62,
853,611.4685513444738,10.986134,,,,13.0,,,,,,,0.0,112698.73,20200.117,
854,795.5030828759618,10.986134,,,,13.0,43.0,[M-NH3+Na]+,,2.0,852;854,789.54062,0.0,700774.56,511744.25,
855,333.2429695394074,10.991931,,,,,,,,,,,0.0,8576.554,0.0,
856,811.4774233853801,10.991931,,,,,,,,,,,0.0,42422.605,0.0,
857,353.26952054564043,11.016817999999999,,,,,,,,,,,0.0,93.342865,5518.0419999999995,
858,980.6322292453,11.026502,,,,,,,,,,,0.0,152837.56,73328.83,
859,798.6333870370997,11.027571,,,,,,,,,,,0.0,0.0,25681.16,
860,778.5404238110955,11.029432,,,,,,,,,,,0.0,1621274.4,416650.47,
861,783.5036895237088,11.034215,,,,,,,,,,,0.0,51138.547,96173.93,
862,985.5872153365547,11.06473,,,,,,,,,,,0.0,151509.33,85963.32,
863,646.5065612986682,11.097559,,,,,,,,,,,0.0,24224.23,34274.69,
864,818.5700383364625,11.110519,,,,,,,,,,,0.0,25922.033,5207.380999999999,
865,821.5181105644168,11.110519,,,,,,,,,,,0.0,253598.44,41647.46,
866,816.5625477502102,11.110519,,,,,,,,,,,0.0,220930.84,51568.055,
867,637.4837122999668,11.113617,,,,,,,,,,,0.0,8701.396999999999,1270.4360000000001,
868,745.487388218497,11.142005000000001,,,,,,,,,,,0.0,21282.086,7527.529,
869,774.6095888656863,11.142005000000001,,,,,,,,,,,0.0,712.7764,79341.63,
870,930.6148737090386,11.142005000000001,,,,,,,,,,,0.0,35217.523,49308.203,
871,407.35181528657824,11.163474,,,,,,,,,,,0.0,0.0,59166.51,
872,766.5465364540149,11.174009,,,,,,,,,,,0.0,676250.56,0.0,
873,767.5496148626354,11.174009,,,,,,,,,,,0.0,317351.03,0.0,
874,771.501054291866,11.180808,,,,,,,,,,,0.0,390288.16,297379.2,
875,602.4767291090858,11.194721000000001,,,,,,,,,,,37.93718,345.39236,24540.555,
876,607.4325479111218,11.198901,,,,,,,,,,,0.0,0.0,11153.225,
877,820.5915760907055,11.216274,,,,,,,,,,,0.0,0.0,478625.75,
878,998.2896166982704,11.218733,,,,,,,,,,,119602.83,0.0,0.0,
879,999.2904417550204,11.218733,,,,,,,,,,,113693.17,0.0,0.0,
880,795.5706803966864,11.229219,,,,21.0,,,,,,,0.0,99359.61,232512.55,
881,792.5619139896075,11.233119,,,,21.0,,,,,,,632.2435,3382084.0,7694802.5,
882,793.5647383032639,11.235772,,,,21.0,,,,,,,145.66808999999998,1698718.5,3846030.8,
883,335.25736194407574,11.251315,,,,,,,,,,,0.0,0.0,118289.64,
884,796.5734388714303,11.251755000000001,,,,,,,,,,,0.0,2854.6,35763.85,
885,613.4823546055375,11.255018,,,,21.0,,,,,,,0.0,290437.9,669602.3,
886,582.4420007214908,11.268938,,,,,,,,,,,0.0,0.0,107656.766,
887,797.5166889725343,11.275876,,,,30.0,45.0,[M+Na]+,,2.0,891;887,774.52773,0.0,893076.2,3458357.5,
888,982.6453308589952,11.279487,,,,,,,,,,,0.0,125405.875,100287.64,
889,987.6002648923683,11.279487,,,,30.0,,,,,,,0.0,82562.26,71791.16,
890,656.5088773547112,11.289162,,,,,,,,,,,33.885146999999996,0.0,9833.063,
891,813.4911457555722,11.319881,,,,30.0,45.0,[M+K]+,,2.0,891;887,774.52773,0.0,58221.335999999996,225432.1,
892,419.35179779279383,11.330066,,,,,,,,,,,0.0,5945.354,48800.477,
893,821.5917149929151,11.350521,,,,,,,,,,,0.0,11267.235,257930.56,
894,818.5772078840677,11.399425,,,,26.0,46.0,[M+NH4]+,,2.0,897;894,800.54317,0.0,747995.7,306648.94,
895,639.4978849194823,11.417361999999999,,,,,,,,,,,0.0,44526.312000000005,190.92334,
896,839.5067823983944,11.417361999999999,,,,,,,,,,,0.0,28457.178,289.88538,
897,823.5321708861802,11.430046,,,,26.0,46.0,[M+Na]+,,2.0,897;894,800.54317,0.0,536838.44,270078.75,
898,820.5840517442289,11.432105,,,,,,,,,,,0.0,59316.164000000004,0.0,
899,846.607753269452,11.435728999999998,,,,26.0,,,,,,,0.0,104527.88,21734.756,
900,648.5205066484367,11.447695,,,,,,,,,,,0.0,44220.855,22392.225,
901,465.39391307699736,11.449167999999998,,,,,,,,,,,0.0,0.0,129831.14,
902,1024.7448940875458,11.509407000000001,,,,12.0,48.0,[M+NH4]+,,2.0,904;902,1006.7109300000001,0.0,451256.06,366821.84,
903,1052.775518613118,11.509407000000001,,,,12.0,,,,,,,0.0,61406.453,50427.867,
904,1029.7000101235901,11.511398,,,,12.0,48.0,[M+Na]+,,2.0,904;902,1006.7109300000001,0.0,192872.61,306879.84,
905,1045.6745528198408,11.511398,,,,,,,,,,,0.0,4242.5093,26703.777000000002,
906,589.4831454865271,11.551636,,,,,,,,,,,0.0,30079.468999999997,29773.729,
907,773.5180528153028,11.551636,,,,39.0,50.0,[M+Na]+,,2.0,912;907,750.5289700000001,0.0,271261.62,188756.58,
908,429.37279437754023,11.553814,,,,,,,,,,,0.0,251486.73,0.0,
909,796.5923467466824,11.553814,,,,,,,,,,,0.0,33490.47,0.0,
910,448.391659353145,11.568351,,,,,,,,,,,0.0,32334.73,26050.135,
911,789.4914312221774,11.568351,,,,,,,,,,,0.0,11408.401000000002,1974.2420000000002,
912,768.5629210771518,11.570162,,,,39.0,50.0,[M+NH4]+,,2.0,907;912,750.5289700000001,0.0,378416.2,150811.95,
913,892.7398386185887,11.586511,,,,,,,,,,,0.0,0.0,396132.66,
914,795.580830585777,11.595352,,,,,,,,,,,0.0,401722.97,0.0,
915,796.5848081736116,11.595352,,,,,,,,,,,0.0,125639.586,0.0,
916,615.4981663100284,11.597639,,,,6.0,,,,,,,0.0,74994.85,98580.39,
917,799.5340087741413,11.598984,,,,6.0,52.0,[M-NH3+Na]+,,2.0,918;917,793.57145,130.5275,375785.16,869752.94,
918,794.5788318909192,11.600636,,,,6.0,52.0,[M+H]+,,2.0,918;917,793.57145,0.0,811217.6,1054850.9,
919,822.6080230388698,11.600636,,,,6.0,,,,,,,0.0,112017.24,85528.945,
920,797.5892564517156,11.605917999999999,,,,,,,,,,,0.0,0.0,31756.092,
921,815.5081432356226,11.614092,,,,,,,,,,,0.0,5708.616999999999,40850.27,
922,958.6470592336802,11.619734,,,,,,,,,,,0.0,42086.914000000004,85715.18,
923,963.6011147898756,11.619734,,,,,,,,,,,0.0,48957.84,86532.81,
924,960.6614006687632,11.634765,,,,19.0,,,,,,,0.0,62471.3,97069.69,
925,932.6315980240896,11.649673,,,,19.0,,,,,,,0.0,728791.3,1678682.8,
926,591.4993900629133,11.652693,,,,19.0,,,,,,,0.0,81379.9,170906.23,
927,553.3902069689912,11.65271,,,,,,,,,,,33774.332,468.26154,879.0925,
928,935.6446741179287,11.6563,,,,,,,,,,,0.0,0.0,63953.254,
929,641.5143034182613,11.661389,,,,,,,,,,,0.0,16906.744,0.0,
930,780.5523753574772,11.662785000000001,,,,,,,,,,,0.0,1120620.0,494.4242,
931,570.5099137819267,11.68689,,,,,,,,,,,0.0,46433.832,90465.234,
932,825.5495956122667,11.68689,,,,,,,,,,,0.0,205442.48,105666.42,
933,848.6250154383646,11.68689,,,,,,,,,,,0.0,25799.861,2240.641,
934,937.586753095283,11.696246,,,,19.0,,,,,,,0.0,894415.9,1950331.0,
935,716.5668133834157,11.7190895,,,,,,,,,,,0.0,28335.81,27929.037,
936,313.27396019255946,11.726814,,,,,,,,,,,0.0,969.13684,38750.46,
937,431.35246131649626,11.724486,,,,,,,,,,,110.52611999999999,42595.547,0.0,
938,427.35826615695777,11.761068,,,,,,,,,,,0.0,0.0,43854.015999999996,
939,428.3642885087577,11.758726,,,,,,,,,,,0.0,1384.8270000000002,39584.152,
940,607.5289562753826,11.76951,,,,,,,,,,,0.0,2067.514,33882.676,
941,405.3732870543268,11.802035,,,,,,,,,,,0.0,101937.555,163745.83,
942,429.3738481930172,11.808828,,,,,,,,,,,0.0,0.0,891265.3,
943,787.533908690893,11.815598,,,,,,,,,,,0.0,41239.2,77087.14,
944,630.509595307223,11.831873,,,,,,,,,,,18.611114999999998,53371.54,0.0,
945,445.36818273901423,11.831642,,,,,,,,,,,0.0,31199.186,126365.016,
946,813.5499195524965,11.866810000000001,,,,,,,,,,,0.0,23060.267999999996,9321.814,
947,682.6350182030211,11.919963000000001,,,,,,,,,,,0.0,78.25683000000001,66254.27,
948,775.5327122034893,11.9266205,,,,,,,,,,,0.0,175.93544,69757.53,
949,624.520348612629,11.931553,,,,24.0,55.0,[M+NH4]+,,2.0,949;950,606.4850799999999,0.0,23301.395,16982.697,
950,629.4728553299667,11.931553,,,,24.0,55.0,[M+Na]+,,2.0,949;950,606.4850799999999,0.0,30064.027000000002,20721.848,
951,415.35724701144,11.991612,,,,,,,,,,,0.0,50203.125,0.0,
952,554.5146098914524,11.991612,,,,,,,,,,,0.0,49601.14,0.0,
953,576.4966101777959,11.991612,,,,,,,,,,,0.0,9793.231,0.0,
